営業者氏名,郵便番号,営業所所在地,営業所所在地ビル名,営業所電話番号,屋号,業種,業態,指令番号県記号,指令番号発令記号,指令番号（許可番号）,許可終了日,許可・交付日,初年度許可・交付日
,810-0801,福岡市博多区中洲四丁目１番２６号,中洲人形町ビル　地下１階,092-282-0600,Ｂａｒ　Ａｂｈａｉｎｎ　Ｂｈｅａｇ,飲食店営業,一般食堂,福,博保衛,31010734,2026/3/31,2020/1/6,2020/1/6
株式会社　Ｌｅａｄ,810-0801,福岡市博多区中洲二丁目５番１８号,第２０ラインビル　２階　第１区画,,Ｒｏｉ,飲食店営業,カフェー,福,博保衛,31010658,2026/3/31,2020/1/7,2020/1/7
株式会社　Ｌｅａｄ,810-0801,福岡市博多区中洲二丁目５番１８号,第２０ラインビル　２階　第３区画,,クラブ　ロペ,飲食店営業,カフェー,福,博保衛,31010657,2026/3/31,2020/1/7,2020/1/7
アルティジャーノ　株式会社,810-0801,福岡市博多区中洲四丁目１番１６号,セブンビル１　地下１階　１０１号室,092-272-1289,ｃｈａｒｕｔｏ,飲食店営業,バー,福,博保衛,31010694,2026/3/31,2020/1/7,2020/1/7
株式会社　グラノ２４Ｋ,812-0039,福岡市博多区冷泉町２番７号,ダイワロイネットホテル博多冷泉　１Ｆ,092-402-0771,ワインスタイルぶどうの樹　博多冷泉店,飲食店営業,一般食堂,福,博保衛,31010736,2026/3/31,2020/1/10,2020/1/10
株式会社　ラウンジリオ博多,812-0013,福岡市博多区博多駅東二丁目２番１８号,スライビィング８４　１F,092-471-4714,ラウンジリオ博多店,飲食店営業,カフェー,福,博保衛,31010558,2026/3/31,2020/1/14,2020/1/14
株式会社　素屋,812-0025,福岡市博多区店屋町７番１号,フジメンビル　１ＦーＡ号室,092-710-7820,素や,飲食店営業,そば屋,福,博保衛,31010709,2026/3/31,2020/1/14,2020/1/14
,812-0892,福岡市博多区東那珂三丁目７番４９号,クニーヅ東那珂　１階　Ｂ,092-260-8926,博多餃子工房たね屋,飲食店営業,一般食堂,福,博保衛,31010706,2026/3/31,2020/1/14,2020/1/14
株式会社　ティーケーピー,812-0007,福岡市博多区東比恵二丁目１６番１３号,アパホテル博多東比恵　１Ｆ,092-433-6675,ティーケーピーカフェテリア,飲食店営業,一般食堂,福,博保衛,31010688,2026/3/31,2020/1/15,2020/1/15
株式会社　センダン,812-0013,福岡市博多区博多駅東一丁目１３番３号,ホテルフォルツァ博多駅筑紫口Ⅱ　１Ｆ,,ホテル　フォルツァ博多駅筑紫口Ⅱ,飲食店営業,一般食堂,福,博保衛,31010742,2026/3/31,2020/1/15,2020/1/15
,812-0018,福岡市博多区住吉五丁目１０番７号,第３住吉ハイツ　１Ｆ　１０１号,092-431-9703,うどん平,飲食店営業,うどん屋,福,博保衛,31010765,2026/3/31,2020/1/16,2020/1/16
株式会社　ダイヤ,812-0013,福岡市博多区博多駅東二丁目４番１４号,第２ヤマトビル　６階　６０１号,092-475-8787,Ｃｌｕｂ　花うらら　博多駅前店,飲食店営業,カフェー,福,博保衛,31010683,2026/3/31,2020/1/16,2020/1/16
株式会社　いちむじん,812-0004,福岡市博多区榎田二丁目３番１号,村下ビル　１Ｆ,092-436-2350,いちむじん,飲食店営業,一般食堂,福,博保衛,31010743,2026/3/31,2020/1/17,2020/1/17
井崎珈琲有限会社,812-0011,福岡市博多区博多駅前二丁目２番１号,Ｂ２Ｆ,092-441-2757,カフェ　ミエル,飲食店営業,一般食堂,福,博保衛,31010776,2026/3/31,2020/1/17,2020/1/17
,810-0801,福岡市博多区中洲四丁目１番１３号,第一きよたけビル　２階　Ｄ室,092-291-2056,ｂｏｎｄ．Ａ,飲食店営業,カフェー,福,博保衛,31010780,2026/3/31,2020/1/20,2020/1/20
株式会社　タケノ,812-0016,福岡市博多区博多駅南四丁目１８番２７号,,092-451-0078,株式会社タケノ,食肉販売業,一般,福,博保衛,31330046,2026/3/31,2020/1/21,2020/1/21
株式会社　タケノ,812-0016,福岡市博多区博多駅南四丁目１８番２７号,,092-451-0078,株式会社タケノ,そうざい製造業,なし,福,博保衛,31570010,2026/3/31,2020/1/21,2020/1/21
,812-0018,福岡市博多区住吉二丁目１２番１０号,キャセイビル倉庫　１Ｆ,092-402-0192,ＳＡＢＯＲＩＢＡ,飲食店営業,バー,福,博保衛,31010627,2026/3/31,2020/1/21,2020/1/21
株式会社　ＡＤＤ　ＰＲＯＭＯＴＩＯＮ,810-0801,福岡市博多区中洲五丁目３番１８号,ＴＭ－１６ビルディング　６階,092-402-1516,ＡＩＲ　ＰＵＲＥ,飲食店営業,カフェー,福,博保衛,31010716,2026/3/31,2020/1/22,2020/1/22
社会福祉法人　そよかぜの会,812-0887,福岡市博多区三筑二丁目９番３号,,092-581-2100,食の工房　リンゴの唄,菓子製造業,一般,福,博保衛,31050064,2026/3/31,2020/1/23,2020/1/23
,812-0883,福岡市博多区南本町一丁目３番１１号,松隈ビル　１Ｆ,092-592-6811,ＲＩＶＥＲ’Ｓ,飲食店営業,バー,福,博保衛,31010796,2026/3/31,2020/1/27,2020/1/27
株式会社　ケージーシー,810-0801,福岡市博多区中洲四丁目７番２１号,中洲ナカノビル　５階　Ｂ号室,092-281-8448,ＳＴＹＬＩＳＨ　ＣＡＦＥ　ＣＯＣＯ,飲食店営業,カフェー,福,博保衛,31010785,2026/3/31,2020/1/27,2020/1/27
株式会社　ＳＥＶＥＮ,810-0801,福岡市博多区中洲二丁目６番１２号,中洲セントラル第５ラインビル　２階　８，９，１１号室,,ＣＬＵＢ　Ｒｅｖｅ,飲食店営業,カフェー,福,博保衛,31010569,2026/3/31,2020/1/27,2020/1/27
,810-0801,福岡市博多区中洲二丁目７番２９号,インフォスタービル　２階　２０１号室,,ハイヒール,飲食店営業,バー,福,博保衛,31010794,2026/3/31,2020/1/29,2020/1/29
,812-0037,福岡市博多区御供所町１番９号,,092-263-6301,ファミリーマート　博多御供所町店,飲食店営業,一般食堂,福,博保衛,31010804,2026/3/31,2020/2/3,2020/2/3
くしえいと　有限会社,812-0013,福岡市博多区博多駅東二丁目４番６号,ハカタベビル１Ｆ　１０４,092-472-7679,焼とり　司,飲食店営業,一般食堂,福,博保衛,31010781,2026/3/31,2020/2/4,2020/2/4
,812-0893,福岡市博多区那珂三丁目２３番３号,,092-483-5677,あぶり家　笑吉,飲食店営業,一般食堂,福,博保衛,31010783,2026/3/31,2020/2/6,2020/2/6
株式会社　サンツリー,812-0044,福岡市博多区千代四丁目３２番１号,博多メディカル専門学校　１Ｆ,092-643-6711,ビストロ・オーバスクー,飲食店営業,一般食堂,福,博保衛,31010826,2026/3/31,2020/2/7,2020/2/7
日本マクドナルド株式会社,812-0044,福岡市博多区千代一丁目２番１２号,,,マクドナルド　吉塚パピヨンガーデン店,飲食店営業,一般食堂,福,博保衛,31010811,2026/3/31,2020/2/7,2020/2/7
,812-0026,福岡市博多区上川端町１０番１５号,ローズマンション　２Ｆ,092-402-2777,バー　２４００,飲食店営業,バー,福,博保衛,31010815,2026/3/31,2020/2/7,2020/2/7
株式会社　ＫＡＮＯＩ,812-0006,福岡市博多区上牟田三丁目１１番７号,,092-402-0566,麺屋　波のおと,飲食店営業,中華店,福,博保衛,31010764,2026/3/31,2020/2/12,2020/2/12
,812-0018,福岡市博多区住吉二丁目１６番１号,メゾン住吉　１Ｆ　１０３,092-291-6110,えんち,飲食店営業,一般食堂,福,博保衛,31010805,2026/3/31,2020/2/12,2020/2/12
有限会社　白水鮮魚店,812-0873,福岡市博多区西春町一丁目３番２１号,,092-501-8232,有限会社白水鮮魚店,魚介類販売業,一般,福,博保衛,31130046,2026/3/31,2020/2/13,2020/2/13
,812-0016,福岡市博多区博多駅南三丁目１０番２３号,田平ビル　１Ｆ,092-441-8577,絵里,飲食店営業,バー,福,博保衛,31010841,2026/3/31,2020/2/14,2020/2/14
株式会社　ミナシア,812-0011,福岡市博多区博多駅前三丁目２２番１９号,１Ｆ,092-476-9111,KOKOHOTEL博多駅前,飲食店営業,旅館,福,博保衛,31010828,2026/3/31,2020/2/14,2020/2/14
,812-0016,福岡市博多区博多駅南四丁目１２番３３号,,092-431-3301,すし処　夢膳,飲食店営業,すし屋,福,博保衛,31020441,2026/3/31,2020/2/17,1996/3/8
株式会社　ケーアイプラン,812-0012,福岡市博多区博多駅中央街１番１号,,092-481-1144,鳥ＺＥＮ亭　博多駅筑紫口店,飲食店営業,一般食堂,福,博保衛,31020445,2026/3/31,2020/2/18,2002/3/26
株式会社　快適空間創造研究所,812-0012,福岡市博多区博多駅中央街６番１１号,内田ビル　１Ｆ,092-441-0066,よかたい総本店,飲食店営業,料理店,福,博保衛,31020442,2026/3/31,2020/2/18,1978/4/1
,810-0801,福岡市博多区中洲三丁目５番１１号,松和ビル　４Ｆ－Ａ,092-282-9557,ぽちゃ専スナックとんデレラ,飲食店営業,バー,福,博保衛,31020446,2026/3/31,2020/2/18,2014/4/1
,812-0018,福岡市博多区住吉四丁目１５番１号,西村ビル　Ｂ１Ｆ,092-776-9390,ブギ,飲食店営業,バー,福,博保衛,31020444,2026/3/31,2020/2/18,2014/3/28
株式会社イーストイ,812-0894,福岡市博多区諸岡二丁目４番１号,大和ビル　１Ｆ　１０２,092-572-3070,ピザポケット諸岡店,飲食店営業,仕出し,福,博保衛,31020443,2026/3/31,2020/2/18,2014/3/19
株式会社　鈴懸,812-0034,福岡市博多区下呉服町４番５号,,092-291-2867,鈴懸,菓子製造業,一般,福,博保衛,31060022,2026/3/31,2020/2/19,1996/3/13
,812-0885,福岡市博多区相生町三丁目２番３０号,シャトーカンコウビル　１Ｆ　１０１,,スナックＪＵＮ,飲食店営業,バー,福,博保衛,31010854,2026/3/31,2020/2/19,2020/2/19
,812-0018,福岡市博多区住吉四丁目９番３号,,092-483-2721,スナック　ＫＵＭＡ,飲食店営業,バー,福,博保衛,31020448,2026/3/31,2020/2/20,2002/3/14
有限会社　たつみ寿司,812-0027,福岡市博多区下川端町８番４３１号,,092-263-1661,たつみ寿司　総本店,飲食店営業,すし屋,福,博保衛,31020449,2026/3/31,2020/2/20,2008/3/17
増田石油　株式会社,812-0044,福岡市博多区千代一丁目２番１号,,092-402-0335,コメダ珈琲店　ブランチ博多パピヨンガーデン店,飲食店営業,一般食堂,福,博保衛,31010791,2026/3/31,2020/2/20,2020/2/20
株式会社　桝元,812-0044,福岡市博多区千代一丁目２番１号,,092-292-1239,辛麺屋　桝元　ＢＲＡＮＣＨ博多パピヨンガーデン店,飲食店営業,一般食堂,福,博保衛,31010848,2026/3/31,2020/2/20,2020/2/20
,810-0801,福岡市博多区中洲三丁目４番７号,バッカス館　２階　２０３号,,ａｒｏｍｅ,飲食店営業,バー,福,博保衛,31010870,2026/3/31,2020/2/20,2020/2/20
,810-0801,福岡市博多区中洲四丁目１番９号,ナイトプラザ中洲　５Ｆ,092-291-5054,スナック　北島,飲食店営業,一般食堂,福,博保衛,31020450,2026/3/31,2020/2/20,1988/3/8
,812-0894,福岡市博多区諸岡一丁目４番３４号,,092-210-5844,もつ鍋　楽,飲食店営業,一般食堂,福,博保衛,31020451,2026/3/31,2020/2/21,2008/2/7
,812-0858,福岡市博多区月隈二丁目３番９号,,,パティスリー　ベット　ア　ボン　デュー,菓子製造業,一般,福,博保衛,31050069,2026/3/31,2020/2/21,2020/2/21
株式会社　資さん,812-0897,福岡市博多区半道橋一丁目９番１８号,,092-710-7106,資さんうどん　半道橋店,菓子製造業,一般,福,博保衛,31050068,2026/3/31,2020/2/21,2020/2/21
株式会社　資さん,812-0897,福岡市博多区半道橋一丁目９番１８号,,092-710-7106,資さんうどん　半道橋店,飲食店営業,うどん屋,福,博保衛,31010824,2026/3/31,2020/2/21,2020/2/21
,812-0878,福岡市博多区竹丘町二丁目５番２１号,,092-558-9417,ほほえみバル,飲食店営業,一般食堂,福,博保衛,31020455,2026/3/31,2020/2/25,2014/2/4
株式会社　畠中,812-0032,福岡市博多区石城町８番１号,畠中ビル　１Ｆ,092-291-4153,セブンイレブン　博多築港店,飲食店営業,一般食堂,福,博保衛,31020453,2026/3/31,2020/2/25,1991/3/20
株式会社ローソン・ユナイテッドシネマ,812-0018,福岡市博多区住吉一丁目２番２２号,キャナルシティ博多アミューズメント棟６Ｆ,092-291-0730,ユナイテッド・シネマ　キャナルシティ　１３,飲食店営業,一般食堂,福,博保衛,31020458,2026/3/31,2020/2/25,2002/3/28
株式会社ローソン・ユナイテッドシネマ,812-0018,福岡市博多区住吉一丁目２番２２号,キャナルシティ博多アミューズメント棟８Ｆ,092-291-0730,ユナイテッド・シネマ　キャナルシティ　１３,飲食店営業,一般食堂,福,博保衛,31020456,2026/3/31,2020/2/25,2002/3/28
株式会社ローソン・ユナイテッドシネマ,812-0018,福岡市博多区住吉一丁目２番２２号,キャナルシティ博多アミューズメント棟１０F,092-291-0730,ユナイテッド・シネマ　キャナルシティ　１３,飲食店営業,一般食堂,福,博保衛,31020457,2026/3/31,2020/2/25,2002/3/28
,812-0884,福岡市博多区寿町二丁目９番４号,,092-572-5534,南福岡　ざっしょ町　竜一,飲食店営業,一般食堂,福,博保衛,31020460,2026/3/31,2020/2/25,2014/1/15
株式会社　クプロ,812-0004,福岡市博多区榎田一丁目２番６号,,092-451-5630,らーめん屋　鳳凛　榎田店,飲食店営業,一般食堂,福,博保衛,31010802,2026/3/31,2020/2/26,2020/2/26
シダックス大新東ヒューマンサービス　株式会社,812-0877,福岡市博多区元町三丁目１番１号,,092-581-0208,シダックス大新東ヒューマンサービス（株）　福岡市立那珂南小学校店,飲食店営業,一般食堂,福,博保衛,31020465,2026/3/31,2020/2/26,2014/3/26
,812-0879,福岡市博多区銀天町一丁目６番７号,,092-571-4341,ミエル,飲食店営業,カフェー,福,博保衛,31020463,2026/3/31,2020/2/26,2002/3/18
,812-0035,福岡市博多区中呉服町２番２０号,博多中央ビル　Ｂ１Ｆ,092-271-0280,木馬,飲食店営業,バー,福,博保衛,31020464,2026/3/31,2020/2/26,2002/2/28
株式会社　ポールスター,812-0044,福岡市博多区千代一丁目２番１号,,092-643-6636,ケンタッキーフライドチキン　パピヨンガーデン店,飲食店営業,一般食堂,福,博保衛,31010777,2026/3/31,2020/2/27,2020/2/27
,812-0018,福岡市博多区住吉四丁目９番２号,,092-471-9478,くらけん,飲食店営業,酒房,福,博保衛,31020468,2026/3/31,2020/2/27,1987/1/8
株式会社　プレナス・,812-0044,福岡市博多区千代一丁目２番１号,ＢＲＡＮＣＨ博多パピヨンガーデン,092-686-2050,ＭＫレストラン　ブランチ博多店,飲食店営業,一般食堂,福,博保衛,31010803,2026/3/31,2020/2/27,2020/2/27
,810-0801,福岡市博多区中洲四丁目１番６号,ライオンビル中洲館　１Ｆ,092-262-3453,佐藤,飲食店営業,一般食堂,福,博保衛,31020469,2026/3/31,2020/2/27,2002/3/18
株式会社　甲羅,812-0894,福岡市博多区諸岡一丁目６番３９号,,092-593-0141,博多甲羅本店,飲食店営業,一般食堂,福,博保衛,31010833,2026/3/31,2020/2/27,2020/2/27
スターバックスコーヒージャパン　株式会社,812-0012,福岡市博多区博多駅中央街１番１号,ＪＲ博多シティ　３Ｆ　アミュプラザ博多,092-432-8085,スターバックスコーヒー　アミュプラザ博多３階店,飲食店営業,一般食堂,福,博保衛,31020466,2026/3/31,2020/2/27,2014/2/26
株式会社　Fa-Tus,810-0801,福岡市博多区中洲四丁目３番１８号,東映プラザビル　９階　全号室,092-281-7711,ｃｌｕｂ　Ｒｏｓｓｏ,飲食店営業,カフェー,福,博保衛,31010775,2026/3/31,2020/2/27,2020/2/27
,812-0011,福岡市博多区博多駅前二丁目２０番１号,大博多ビル　２Ｆ,092-481-3412,おか,飲食店営業,一般食堂,福,博保衛,31020472,2026/3/31,2020/2/28,1991/1/14
有限会社　エムエース,812-0042,福岡市博多区豊二丁目６番２２号,,092-436-4660,(有)エムエース,飲食店営業,主として喫茶,福,博保衛,31010887,2026/3/31,2020/2/28,2020/2/28
,812-0042,福岡市博多区豊一丁目９番４６号,,092-473-8100,セブン－イレブン　博多豊１丁目店,飲食店営業,一般食堂,福,博保衛,31020470,2026/3/31,2020/2/28,2008/2/19
株式会社　１＆Ｄ,812-0044,福岡市博多区千代一丁目２番１号,ＢＲＡＮＣＨ博多パピヨンガーデン,092-632-4129,ワンカルビ　パピヨンガーデン店,飲食店営業,一般食堂,福,博保衛,31010806,2026/3/31,2020/2/28,2020/2/28
有限会社　吉田青果,812-0017,福岡市博多区美野島二丁目８番２５号,,092-260-1344,SARASA,飲食店営業,主として喫茶,福,博保衛,31010851,2026/3/31,2020/2/28,2020/2/28
,812-0041,福岡市博多区吉塚六丁目６番６５号,,092-629-5086,居酒屋　本陣,飲食店営業,一般食堂,福,博保衛,31020478,2026/3/31,2020/3/2,2002/1/4
株式会社　セガフェイブ,812-0027,福岡市博多区下川端町３番１号,博多リバレインセンタービル　６階,092-291-8902,ジャムおじさんのパン工場,飲食店営業,一般食堂,福,博保衛,31020476,2026/3/31,2020/3/2,2014/3/25
株式会社　セガフェイブ,812-0027,福岡市博多区下川端町３番１号,博多リバレインセンタービル　６階,092-291-8902,ジャムおじさんのパン工場,菓子製造業,一般,福,博保衛,31060023,2026/3/31,2020/3/2,2014/3/25
有限会社　鶴亀,812-0011,福岡市博多区博多駅前三丁目７番１０号,,092-431-6706,（有）鶴亀,飲食店営業,すし屋,福,博保衛,31020484,2026/3/31,2020/3/3,1991/1/17
株式会社　ます水,812-0025,福岡市博多区店屋町３番１号,１階,092-263-6646,ます水,飲食店営業,すし屋,福,博保衛,31020482,2026/3/31,2020/3/3,2014/1/7
,812-0882,福岡市博多区麦野五丁目１番１４号,,,だるま商店,飲食店営業,そうざい,福,博保衛,31010893,2026/3/31,2020/3/3,2020/3/3
,810-0801,福岡市博多区中洲三丁目１番８号,ＴＭ－３２ＢＵＩＬＤＩＮＧ　１階　１０４号室,,ｃｏｃｏｒｏ,飲食店営業,バー,福,博保衛,31010878,2026/3/31,2020/3/3,2020/3/3
,812-0014,福岡市博多区比恵町１番１８号,トーカン福岡第二ビル　Ｂ１０１－２号室,,道ｒｏａｄ,飲食店営業,一般食堂,福,博保衛,31010899,2026/3/31,2020/3/3,2020/3/3
ＪＲ九州フードサービス　株式会社,812-0046,福岡市博多区吉塚本町１３番２７号,１０２号室,092-292-7877,ゼッテリア吉塚駅前店,飲食店営業,一般食堂,福,博保衛,31020483,2026/3/31,2020/3/3,2014/2/10
,812-0024,福岡市博多区綱場町３番１１号,,092-272-1208,竜馬,飲食店営業,一般食堂,福,博保衛,31020485,2026/3/31,2020/3/3,1996/2/29
有限会社　新栄福岡,812-0011,福岡市博多区博多駅前一丁目２３番４号,,092-474-1628,味そ*や博多龍龍軒　*「そ」は口へんに曽,飲食店営業,一般食堂,福,博保衛,31020486,2026/3/31,2020/3/3,1991/3/14
ＪＲ九州ファーストフーズ株式会社,812-0046,福岡市博多区吉塚本町１３番２７号,,092-260-1015,ＳＢＣＪＲ吉塚店,飲食店営業,一般食堂,福,博保衛,31020480,2026/3/31,2020/3/3,2014/2/10
株式会社　Ｊ　ＰＨＯＥＮＩＸ,810-0801,福岡市博多区中洲三丁目２番１２号,第３ラインビル　地下１階　３，４，５号室,092-271-5550,ＣＬＵＢ　ＪＵＮ,飲食店営業,カフェー,福,博保衛,31010813,2026/3/31,2020/3/3,2020/3/3
有限会社　博多一心亭,812-0893,福岡市博多区那珂二丁目２２番８号,,092-411-4494,（有）博多一心亭,飲食店営業,一般食堂,福,博保衛,31020493,2026/3/31,2020/3/4,1984/1/13
学校法人　福岡安達学園,812-0011,福岡市博多区博多駅前三丁目１６番３号,３Ｆ,092-477-1011,専門学校　福岡ビジョナリーアーツ　３Ｆ,菓子製造業,一般,福,博保衛,31060024,2026/3/31,2020/3/4,2008/2/13
,812-0884,福岡市博多区寿町三丁目１番４号,,092-592-1295,スナック　ビビアン,飲食店営業,バー,福,博保衛,31020492,2026/3/31,2020/3/4,2014/3/17
リタファーム　株式会社,812-0021,福岡市博多区築港本町１３番６号,ベイサイドプレイス博多Ａ館　１Ｆ,092-282-0288,リタの農園,飲食店営業,一般食堂,福,博保衛,31020490,2026/3/31,2020/3/4,2014/2/25
株式会社福丸商店,812-0887,福岡市博多区三筑二丁目１５番１号,,092-502-3535,セブン－イレブン　博多三筑２丁目店,飲食店営業,一般食堂,福,博保衛,31020489,2026/3/31,2020/3/4,2008/2/27
株式会社　阪神ミート,812-0894,福岡市博多区諸岡一丁目８番７号,マルショク店内,092-584-8991,阪神ミート,食肉販売業,一般,福,博保衛,31340050,2026/3/31,2020/3/5,2002/2/7
,812-0016,福岡市博多区博多駅南四丁目１１番２８号,大島ビル　１Ｆ,092-431-0893,さかえ,飲食店営業,一般食堂,福,博保衛,31020497,2026/3/31,2020/3/5,2008/2/1
株式会社　リブマックスフーズ,810-0801,福岡市博多区中洲五丁目４番２１号,ホテルリブマックス博多中洲　１階,092-273-0050,マックスカフェ博多中洲,飲食店営業,一般食堂,福,博保衛,31010884,2026/3/31,2020/3/5,2020/3/5
株式会社　かじや水産,812-0044,福岡市博多区千代一丁目２番１号,,092-260-8624,ハローデイＢＲＡＮＣＨ博多パピヨンガーデン店　水産,魚介類販売業,一般,福,博保衛,31130047,2026/3/31,2020/3/5,2020/3/5
株式会社　かじや水産,812-0044,福岡市博多区千代一丁目２番１号,,092-260-8624,ハローデイＢＲＡＮＣＨ博多パピヨンガーデン店　寿司,飲食店営業,すし屋,福,博保衛,31010761,2026/3/31,2020/3/5,2020/3/5
株式会社　ハローデイ,812-0044,福岡市博多区千代一丁目２番１号,,092-260-8624,ハローデイＢＲＡＮＣＨ博多パピヨンガーデン店　青果,菓子製造業,一般,福,博保衛,31050062,2026/3/31,2020/3/5,2020/3/5
株式会社　ハローデイ,812-0044,福岡市博多区千代一丁目２番１号,,092-260-8624,ハローデイＢＲＡＮＣＨ博多パピヨンガーデン店　精肉,食肉販売業,一般,福,博保衛,31330045,2026/3/31,2020/3/5,2020/3/5
株式会社　ハローデイ,812-0044,福岡市博多区千代一丁目２番１号,,092-260-8624,ハローデイＢＲＡＮＣＨ博多パピヨンガーデン店　ミートデリカ,飲食店営業,弁当屋,福,博保衛,31010759,2026/3/31,2020/3/5,2020/3/5
株式会社　ハローデイ,812-0044,福岡市博多区千代一丁目２番１号,,092-260-8624,ハローデイＢＲＡＮＣＨ博多パピヨンガーデン店　デリカ,飲食店営業,弁当屋,福,博保衛,31010758,2026/3/31,2020/3/5,2020/3/5
株式会社　ハローデイ,812-0044,福岡市博多区千代一丁目２番１号,,092-260-8624,ハローデイＢＲＡＮＣＨ博多パピヨンガーデン店　デリカ,菓子製造業,一般,福,博保衛,31050061,2026/3/31,2020/3/5,2020/3/5
株式会社　ハローデイ,812-0044,福岡市博多区千代一丁目２番１号,,092-260-8624,ハローデイＢＲＡＮＣＨ博多パピヨンガーデン店　ベーカリー,菓子製造業,一般,福,博保衛,31050063,2026/3/31,2020/3/5,2020/3/5
株式会社　ハローデイ,812-0044,福岡市博多区千代一丁目２番１号,,092-260-8624,ハローデイＢＲＡＮＣＨ博多パピヨンガーデン店　ベーカリー,飲食店営業,弁当屋,福,博保衛,31010760,2026/3/31,2020/3/5,2020/3/5
株式会社ミルフォード．Ｕ,812-0893,福岡市博多区那珂五丁目９番２８号,川鍋ビル　１－２号室,092-558-2723,七草,飲食店営業,弁当屋,福,博保衛,31020501,2026/3/31,2020/3/6,2014/3/4
,812-0007,福岡市博多区東比恵四丁目６番７号,,092-411-9787,生島ミート,食肉販売業,一般,福,博保衛,31340051,2026/3/31,2020/3/6,2008/2/20
,812-0046,福岡市博多区吉塚本町４番１２号,,,鶏専門　麺屋蓮々,飲食店営業,一般食堂,福,博保衛,31010898,2026/3/31,2020/3/6,2020/3/6
有限会社　はじめの一歩,812-0011,福岡市博多区博多駅前三丁目７番１５号,,092-471-1850,海鮮屋　はじめの一歩,食肉販売業,一般,福,博保衛,31340052,2026/3/31,2020/3/6,2014/2/17
株式会社　博多エクセルホテル東急,810-0801,福岡市博多区中洲四丁目６番７号,,092-262-0109,アソシエイツラウンジ,飲食店営業,旅館,福,博保衛,31020503,2026/3/31,2020/3/6,2008/3/12
,810-0801,福岡市博多区中洲四丁目１番１２号,,092-291-3122,Ｂａｒ　ロッホ,飲食店営業,一般食堂,福,博保衛,31020504,2026/3/31,2020/3/6,2008/2/14
株式会社　ＣＨＡＭＢＥＲＳ,812-0033,福岡市博多区大博町８番２６号,Ｆｕｋｕｏｋａ　Ｇｕｅｓｔｈｏｕｓｅ　ＳＨＩＰ　１Ｆ,092-402-1908,Ｆｕｋｕｏｋａ　Ｇｕｅｓｔｈｏｕｓｅ　ＳＨＩＰ,飲食店営業,バー,福,博保衛,31010801,2026/3/31,2020/3/6,2020/3/6
,812-0861,福岡市博多区浦田一丁目１７番２６号,,092-504-7071,セブンイレブン博多浦田１丁目店,飲食店営業,一般食堂,福,博保衛,31020508,2026/3/31,2020/3/9,2014/3/14
,812-0036,福岡市博多区上呉服町１１番１５号,,092-262-1169,めしや漠,飲食店営業,一般食堂,福,博保衛,31020507,2026/3/31,2020/3/9,2014/2/21
メゾン・ド・フジイ　有限会社,812-0011,福岡市博多区博多駅前三丁目５番２０号,,092-474-6807,焼肉　北斎,飲食店営業,一般食堂,福,博保衛,31020509,2026/3/31,2020/3/9,2008/2/25
有限会社　ワイエスエム,812-0011,福岡市博多区博多駅前一丁目４番１号,第１生命ビル　１Ｆ,092-483-7310,ローソン　博多駅大博通り店,飲食店営業,一般食堂,福,博保衛,31020506,2026/3/31,2020/3/9,2002/2/27
,810-0801,福岡市博多区中洲三丁目１番１号,新川丈ビル　７Ｆ,092-263-0401,エスカペイド,飲食店営業,一般食堂,福,博保衛,31020513,2026/3/31,2020/3/9,2002/2/21
株式会社　第一興商,812-0012,福岡市博多区博多駅中央街６番３号,博多中央街ビル　８Ｆ,092-477-3255,じぶんどき博多筑紫口店,飲食店営業,一般食堂,福,博保衛,31020510,2026/3/31,2020/3/9,2014/1/15
,812-0017,福岡市博多区美野島二丁目１番２８号,ラポート博多　２Ｆ,092-482-3221,ＣＡＦＥ＆ＢＩＬＬＩＡＲＤ　Ｐ－ＳＴＹＬＥ,飲食店営業,一般食堂,福,博保衛,31020522,2026/3/31,2020/3/10,1996/3/21
,812-0018,福岡市博多区住吉四丁目１５番６号,,092-441-0377,入船食堂,飲食店営業,一般食堂,福,博保衛,31020518,2026/3/31,2020/3/10,1988/1/29
,812-0023,福岡市博多区奈良屋町９番２１号,,092-291-5171,アルプス,飲食店営業,一般食堂,福,博保衛,31020516,2026/3/31,2020/3/10,2014/1/16
株式会社　松屋フーズ,812-0011,福岡市博多区博多駅前三丁目３０番２９号,タイセイ第２ビル,092-412-1855,松屋・マイカリー食堂　博多駅前通り店,飲食店営業,一般食堂,福,博保衛,31020520,2026/3/31,2020/3/10,2002/3/27
株式会社　ライツ・イン,812-0027,福岡市博多区下川端町３番１号,博多リバレイン　５Ｆ,092-291-8952,ドキンズハートシェイプカフェ福岡,飲食店営業,一般食堂,福,博保衛,31020517,2026/3/31,2020/3/10,2014/3/25
,812-0026,福岡市博多区上川端町１２番３号,２Ｆ,092-262-2730,イタリアンバール　カプリ,飲食店営業,一般食堂,福,博保衛,31020528,2026/3/31,2020/3/11,2014/2/10
株式会社　槝之浦興産,812-0015,福岡市博多区山王一丁目１６番２１号,ＨＯＴＥＬ　ＮＥＸＵＳ　博多山王　１Ｆ,092-419-2020,ＨＯＴＥＬ　ＮＥＸＵＳ　博多山王,飲食店営業,一般食堂,福,博保衛,31010913,2026/3/31,2020/3/11,2020/3/11
株式会社　いっかくカンパニー,812-0044,福岡市博多区千代一丁目２番１号,ＢＲＡＮＣＨ博多パピヨンガーデン　Ｂ１１３,092-402-1221,いっかく食堂,飲食店営業,一般食堂,福,博保衛,31010872,2026/3/31,2020/3/11,2020/3/11
,812-0026,福岡市博多区上川端町１０番３号,ネクスト川端壱番館　２Ｆ,,煮こみ　中洲川端店,飲食店営業,一般食堂,福,博保衛,31010890,2026/3/31,2020/3/11,2020/3/11
株式会社　西鉄ストア,812-0013,福岡市博多区博多駅東二丁目７番２７号,,092-292-1949,レガネットキュート　テラソ店,飲食店営業,弁当屋,福,博保衛,31020529,2026/3/31,2020/3/11,2014/2/28
,810-0801,福岡市博多区中洲二丁目１番１５号,新橋小路　１F,092-263-7533,どないや　中洲店,飲食店営業,そうざい,福,博保衛,31010903,2026/3/31,2020/3/11,2020/3/11
,810-0801,福岡市博多区中洲二丁目８番２号,パインコート中洲　６Ｆ,092-263-0235,グラム,飲食店営業,一般食堂,福,博保衛,31020531,2026/3/31,2020/3/11,2002/3/7
,810-0801,福岡市博多区中洲二丁目３番１号,中洲Ｆビル　２階　２０４号室,,キャッスル・マウンテン,飲食店営業,カフェー,福,博保衛,31010908,2026/3/31,2020/3/11,2020/3/11
有限会社　元木商店,812-0858,福岡市博多区月隈一丁目１７番５号,,092-503-5253,（有）元木商店,飲食店営業,一般食堂,福,博保衛,31020540,2026/3/31,2020/3/12,1992/3/3
,812-0894,福岡市博多区諸岡五丁目３２番２号,,092-571-3711,居酒屋　五味焼,飲食店営業,一般食堂,福,博保衛,31020535,2026/3/31,2020/3/12,1996/2/28
,812-0043,福岡市博多区堅粕一丁目１番３号,,092-651-4505,ニュー宝島,飲食店営業,一般食堂,福,博保衛,31020534,2026/3/31,2020/3/12,2008/3/13
,812-0884,福岡市博多区寿町三丁目３番２２号,遊ＹＯＵ館　６Ｆ,092-571-1773,スナック　７３（セブンスリー）,飲食店営業,バー,福,博保衛,31020547,2026/3/31,2020/3/12,2014/3/11
,810-0801,福岡市博多区中洲三丁目１番２号,新川丈ビル１階,092-262-7740,メンバーズ　ハイハイ,飲食店営業,一般食堂,福,博保衛,31020538,2026/3/31,2020/3/12,2008/2/18
,810-0801,福岡市博多区中洲三丁目１番８号,ＴＭ－３２ＢＵＩＬＤＩＮＧ　４０２号,092-282-3917,楽勝ＢＡＲ　Ｔ－ＣＲＥＷ　４４／？,飲食店営業,一般食堂,福,博保衛,31020550,2026/3/31,2020/3/12,2014/3/18
,812-0011,福岡市博多区博多駅前三丁目１０番３０号,,092-474-2922,たまり処　ココ,飲食店営業,一般食堂,福,博保衛,31020539,2026/3/31,2020/3/12,2014/2/5
,812-0013,福岡市博多区博多駅東二丁目４番８号,ＮＩＴＡビル　６Ｆ,092-471-5050,トニーズバー,飲食店営業,一般食堂,福,博保衛,31020546,2026/3/31,2020/3/12,2014/2/19
,812-0039,福岡市博多区冷泉町６番２－１０１号,,092-260-1023,おかずと煮物　陽向,飲食店営業,一般食堂,福,博保衛,31020541,2026/3/31,2020/3/12,2014/1/27
株式会社　アストア,812-0044,福岡市博多区千代一丁目２番１号,ＢＲＡＮＣＨ博多パピヨンガーデン,092-402-0677,アイアムコーヒー,飲食店営業,主として喫茶,福,博保衛,31010897,2026/3/31,2020/3/12,2020/3/12
株式会社　アストア,812-0044,福岡市博多区千代一丁目２番１号,ＢＲＡＮＣＨ博多パピヨンガーデン,092-402-0688,ビアードパパ,菓子製造業,一般,福,博保衛,31050073,2026/3/31,2020/3/12,2020/3/12
,812-0017,福岡市博多区美野島二丁目４番１０号,,092-472-0017,やきとり　秀ちゃん,飲食店営業,一般食堂,福,博保衛,31020553,2026/3/31,2020/3/13,1996/3/8
,812-0011,福岡市博多区博多駅前三丁目２７番８号,草野ビル　１Ｆ,092-473-7891,誠月,飲食店営業,一般食堂,福,博保衛,31020557,2026/3/31,2020/3/13,2014/3/5
株式会社　宝縁,810-0801,福岡市博多区中洲五丁目４番１０号,グランエターナ福岡天神橋　２Ｆ,092-263-3199,博多かんべえ別邸,飲食店営業,一般食堂,福,博保衛,31020551,2026/3/31,2020/3/13,2014/3/24
,810-0801,福岡市博多区中洲四丁目３番１６号,フドウビル　４Ｆ　Ｂ,092-271-9061,Ｍｉｓｓテツヤ,飲食店営業,一般食堂,福,博保衛,31020554,2026/3/31,2020/3/13,1996/2/14
,812-0042,福岡市博多区豊二丁目１番２７号,,092-411-4150,食事の店　ハート,飲食店営業,一般食堂,福,博保衛,31020556,2026/3/31,2020/3/13,1996/1/23
,812-0036,福岡市博多区上呉服町１０番２５号,,,大博軒,飲食店営業,一般食堂,福,博保衛,31020558,2026/3/31,2020/3/13,2014/1/15
株式会社　アマージュ,812-0012,福岡市博多区博多駅中央街５番１５号,１Ｆ,092-434-5522,ＴＯＲＴＩＬＬＡ　ＦＬＡＴ,飲食店営業,一般食堂,福,博保衛,31020560,2026/3/31,2020/3/13,2014/3/19
株式会社　ネットタワー,812-0012,福岡市博多区博多駅中央街１番１号,１Ｆ　コンコース内,092-292-1833,ＣＨＡ　ＢＡＲ　博多店,飲食店営業,主として喫茶,福,博保衛,31010891,2026/3/31,2020/3/16,2020/3/16
,812-0026,福岡市博多区上川端町４番２０２号,,092-271-1345,日本酒ＢＡＲ　ＴＯＫＫＵＲＩ,飲食店営業,バー,福,博保衛,31010784,2026/3/31,2020/3/17,2020/3/17
,810-0801,福岡市博多区中洲三丁目４番６号,多門ビル＇８３　３Ｆ　Ｇ号室,092-262-7730,Ｐｅｓｃａ,飲食店営業,バー,福,博保衛,31010922,2026/3/31,2020/3/17,2020/3/17
株式会社　ＡＢＣフラワー,812-0026,福岡市博多区上川端町９番１７４号,２Ｆ,092-272-2532,あんみつ屋　四季房,飲食店営業,一般食堂,福,博保衛,31020562,2026/3/31,2020/3/17,2014/2/28
,812-0022,福岡市博多区神屋町３番２７号,,092-291-0811,博多ニューポートホテル,飲食店営業,旅館,福,博保衛,31020563,2026/3/31,2020/3/17,2008/3/26
,812-0024,福岡市博多区綱場町５番１０号,西山ビル　１Ｆ,092-062-0728,和心家　一分,飲食店営業,一般食堂,福,博保衛,31020566,2026/3/31,2020/3/17,2008/3/19
株式会社　タケノ,812-0046,福岡市博多区吉塚本町１３番２７号,１０４区画,092-643-7028,とんかつ　からあげ　あかね農場,飲食店営業,一般食堂,福,博保衛,31020564,2026/3/31,2020/3/17,2014/2/10
,812-0854,福岡市博多区東月隈四丁目２番１１号,,092-688-7237,ほるもん酒場　ＨＡＮＡ,飲食店営業,一般食堂,福,博保衛,31010933,2026/3/31,2020/3/18,2020/3/18
,812-0884,福岡市博多区寿町二丁目９番５号,シティコート南福岡　１F,092-588-1511,Ｇｅｎｋｉｄｏｒｉ,飲食店営業,一般食堂,福,博保衛,31020568,2026/3/31,2020/3/18,2008/2/27
株式会社　不二家,812-0027,福岡市博多区下川端町３番１号,博多リバレインビル　５Ｆ　福岡アンパンマンこどもミュージアムｉｎモール,092-291-8943,福岡アンパンマン＆ペコズキッチン,飲食店営業,主として喫茶,福,博保衛,31020570,2026/3/31,2020/3/18,2014/4/1
株式会社　不二家,812-0027,福岡市博多区下川端町３番１号,博多リバレインビル　５Ｆ　福岡アンパンマンこどもミュージアムｉｎモール,092-291-8943,福岡アンパンマン＆ペコズキッチン,飲食店営業,レストラン,福,博保衛,31020569,2026/3/31,2020/3/18,2014/4/1
株式会社　フォーユー,812-0013,福岡市博多区博多駅東二丁目３番２８号,博多駅東蒲池ビル　１Ｆ,092-292-5708,とんかつわか葉　博多駅筑紫口店,飲食店営業,一般食堂,福,博保衛,31020571,2026/3/31,2020/3/18,2014/3/17
株式会社　ツマミナ,812-0011,福岡市博多区博多駅前三丁目２２番５号,Ｍビル２号館　Ｂ１Ｆ,092-434-0111,炙り炉端　山尾　博多駅前,飲食店営業,一般食堂,福,博保衛,31020567,2026/3/31,2020/3/18,2014/2/21
,810-0801,福岡市博多区中洲三丁目４番２号,多門通り　１Ｆ,092-281-2324,中洲おでん,飲食店営業,一般食堂,福,博保衛,31020572,2026/3/31,2020/3/19,2014/3/28
イオン九州　株式会社,812-0016,福岡市博多区博多駅南六丁目９番７号,,092-452-7887,マックスバリュエクスプレス博多駅南店,飲食店営業,そうざい,福,博保衛,31010901,2026/3/31,2020/3/19,2020/3/19
イオン九州　株式会社,812-0016,福岡市博多区博多駅南六丁目９番７号,,092-452-7887,マックスバリュエクスプレス博多駅南店,魚介類販売業,一般,福,博保衛,31130052,2026/3/31,2020/3/19,2020/3/19
イオン九州　株式会社,812-0016,福岡市博多区博多駅南六丁目９番７号,,092-452-7887,マックスバリュエクスプレス博多駅南店,菓子製造業,パン,福,博保衛,31050074,2026/3/31,2020/3/19,2020/3/19
イオン九州　株式会社,812-0016,福岡市博多区博多駅南六丁目９番７号,,092-452-7887,マックスバリュエクスプレス博多駅南店,飲食店営業,すし屋,福,博保衛,31010902,2026/3/31,2020/3/19,2020/3/19
株式会社　ヴォール,812-0017,福岡市博多区美野島二丁目２番１号,大産美野島ビル　１Ｆ　１０１号室,092-402-0924,ＮｅｗスナックＧоＧоＢＡＲ美野島店,飲食店営業,バー,福,博保衛,31010937,2026/3/31,2020/3/19,2020/3/19
,810-0801,福岡市博多区中洲三丁目６番７号,ギャラリーヤマモトビル　６階　６０４号,092-263-7116,Ｐａｒｓｏｎ,飲食店営業,バー,福,博保衛,31010941,2026/3/31,2020/3/23,2020/3/23
株式会社　最上鮮魚,812-0894,福岡市博多区諸岡一丁目８番７号,,092-584-8990,最上鮮魚　マルショク諸岡店,飲食店営業,すし屋,福,博保衛,31020573,2026/3/31,2020/3/23,2002/2/7
株式会社　最上鮮魚,812-0894,福岡市博多区諸岡一丁目８番７号,,092-584-8990,最上鮮魚　マルショク諸岡店,魚介類販売業,一般,福,博保衛,31140046,2026/3/31,2020/3/23,2002/2/7
,812-0883,福岡市博多区南本町二丁目４番２２号,,092-571-0558,和,飲食店営業,一般食堂,福,博保衛,31020577,2026/3/31,2020/3/24,1973/2/27
,812-0036,福岡市博多区上呉服町１０番３０号,,092-282-7333,インドレストラン＆ＢＡＲガウレ博多,飲食店営業,一般食堂,福,博保衛,31010932,2026/3/31,2020/3/24,2020/3/24
,812-0024,福岡市博多区綱場町５番２３号,ウィステリアテラス綱場　１Ｆ　１０１,092-409-3371,鮨　花美,飲食店営業,すし屋,福,博保衛,31010895,2026/3/31,2020/3/24,2020/3/24
,812-0879,福岡市博多区銀天町二丁目３番３号,牛昌ビル　３Ｆ,092-588-4700,スナック　来再,飲食店営業,一般食堂,福,博保衛,31020574,2026/3/31,2020/3/24,2002/1/28
,812-0882,福岡市博多区麦野四丁目９番１４号,,092-586-4503,お母家　たけのこ,飲食店営業,一般食堂,福,博保衛,31020575,2026/3/31,2020/3/24,2008/3/3
株式会社　徳田商会,812-0025,福岡市博多区店屋町３番８号,,092-272-0175,博多もつ鍋　焼鳥くるくる,飲食店営業,一般食堂,福,博保衛,31010900,2026/3/31,2020/3/25,2020/3/25
,812-0879,福岡市博多区銀天町二丁目３番３号,牛昌ビル３０５号,092-574-5390,ＣＯＣＯ　Ｒ,飲食店営業,バー,福,博保衛,31020578,2026/3/31,2020/3/26,2014/2/6
,812-0036,福岡市博多区上呉服町１０番２０４号,１Ｆ,092-262-1780,笑ん,飲食店営業,一般食堂,福,博保衛,31020579,2026/3/31,2020/3/26,2014/3/26
,812-0011,福岡市博多区博多駅前三丁目２７番２４号,タナカビル　Ｂ１Ｆ,092-413-2777,照　博多口店,飲食店営業,一般食堂,福,博保衛,31010938,2026/3/31,2020/3/26,2020/3/26
,810-0801,福岡市博多区中洲二丁目６番１２号,第５ラインビル　５Ｆ,092-272-0448,セシル,飲食店営業,一般食堂,福,博保衛,31020580,2026/3/31,2020/3/27,1986/2/10
,810-0801,福岡市博多区中洲二丁目７番２６号,フタバビル　１階,092-281-2278,お食事処ひらの,飲食店営業,一般食堂,福,博保衛,31010924,2026/3/31,2020/3/27,2020/3/27
株式会社　ドラマティック,812-0011,福岡市博多区博多駅前四丁目３番３号,博多八百治ビル　１Ｆ,092-402-1410,焼売酒場いしい博多店,飲食店営業,一般食堂,福,博保衛,31010906,2026/3/31,2020/3/30,2020/3/30
株式会社　トレジャー,812-0044,福岡市博多区千代一丁目２番１号,ＢＲＡＮＣＨ博多パピヨンガーデン,092-645-2210,すしえもんＢＲＡＮＣＨ博多パピヨンガーデン店,飲食店営業,すし屋,福,博保衛,31010950,2026/3/31,2020/3/30,2020/3/30
株式会社　赤門屋,812-0878,福岡市博多区竹丘町一丁目４番３号,,092-591-2214,牛もつ鍋　宗家　赤門屋,飲食店営業,一般食堂,福,博保衛,31010960,2026/3/31,2020/3/30,2020/3/30
,812-0026,福岡市博多区上川端町４番２０３号,,092-263-3753,うまかもん屋　呑兵衛,飲食店営業,一般食堂,福,博保衛,31010940,2026/3/31,2020/3/30,2020/3/30
,810-0801,福岡市博多区中洲二丁目５番１１号,ＧＩＯ２ビル　３階　全号室,092-282-3330,Ｃａｆｅｂａｒ　Ｃａｃｈｅｔｔｅ,飲食店営業,バー,福,博保衛,31010943,2026/3/31,2020/3/30,2020/3/30
,812-0016,福岡市博多区博多駅南六丁目１４番４０号,,,ちゃが,飲食店営業,一般食堂,福,博保衛,31010958,2026/3/31,2020/3/31,2020/3/31
筑前ハム　株式会社,812-0888,福岡市博多区板付五丁目１６番３号,２Ｆ,092-571-8686,筑前ハム株式会社,食品の冷凍又は冷蔵業,なし,福,博保衛,31190003,2026/3/31,2020/3/31,2020/3/31
筑前ハム　株式会社,812-0888,福岡市博多区板付五丁目１６番３号,２Ｆ,092-571-8686,筑前ハム株式会社,食肉販売業,一般,福,博保衛,31330053,2026/3/31,2020/3/31,2020/3/31
佐藤　株式会社,812-0888,福岡市博多区板付五丁目１６番３号,１Ｆ,092-571-8717,佐藤株式会社,食肉処理業,食肉処理,福,博保衛,31310002,2026/3/31,2020/3/31,2020/3/31
筑前ハム　株式会社,812-0888,福岡市博多区板付五丁目１６番３号,２Ｆ,092-571-8686,筑前ハム株式会社,食肉製品製造業,なし,福,博保衛,31350001,2026/3/31,2020/3/31,2020/3/31
株式会社　内田家ＪＡＰＡＮ,812-0011,福岡市博多区博多駅前三丁目９番１２号,,092-292-3005,ラーメン内田家,飲食店営業,一般食堂,福,博保衛,31010968,2026/3/31,2020/3/31,2020/3/31
株式会社　日創,810-0801,福岡市博多区中洲三丁目６番１７号,,092-291-9000,グリーンランド中洲,飲食店営業,旅館,福,博保衛,31010969,2026/3/31,2020/4/1,2020/4/1
有限会社　アズリ,812-0012,福岡市博多区博多駅中央街９番１号,ＫＩＴＴＥ博多　９Ｆ,092-409-2211,博多の大衆料理　喜水丸,飲食店営業,一般食堂,福,博保衛,31010905,2026/3/31,2020/4/1,2020/4/1
有限会社　ディー・ディー・カンパニー,810-0801,福岡市博多区中洲五丁目５番１号,三井ガーデンホテル福岡中洲　１階,092-402-0988,小野の離れ　博多本店,飲食店営業,一般食堂,福,博保衛,32010002,2026/6/30,2020/4/2,2020/4/2
株式会社　トライデント,812-0018,福岡市博多区住吉三丁目９番２３号,,092-263-4612,ｓｅｐｔ,飲食店営業,バー,福,博保衛,31010951,2026/6/30,2020/4/2,2020/4/2
,812-0044,福岡市博多区千代三丁目１番１３号,１Ｆ,092-641-5885,スピキン,飲食店営業,仕出し,福,博保衛,31010967,2026/6/30,2020/4/2,2020/4/2
朝日給食サービス　株式会社,812-0002,福岡市博多区空港前四丁目１７番１号,,,福岡市立席田小学校,飲食店営業,一般食堂,福,博保衛,31010916,2026/6/30,2020/4/2,2020/4/2
ＬＯＶＥトウェンティセブン株式会社,810-0034,福岡市中央区笹丘一丁目２８番７４号,イオンスタイル笹丘Ｂ１Ｆ,092-401-1999,Ｑｕｉｃｋ　ｔｅａ,飲食店営業,主として喫茶,福,中保衛,31011083,2026/6/30,2020/4/2,2020/4/2
亮英合同会社,810-0011,福岡市中央区高砂二丁目１２番１０号,ミツワマンション高砂１０４室,092-707-3699,張家菜館,飲食店営業,一般食堂,福,中保衛,31011111,2026/6/30,2020/4/2,2020/4/2
,810-0003,福岡市中央区春吉二丁目９番１号,ＦＡＲＯ　ＤＩ　ＨＡＲＵＹＯＳＨＩⅡ　１階,092-791-5070,鮨　藤よし,飲食店営業,すし屋,福,中保衛,31010939,2026/6/30,2020/4/2,2020/4/2
学校法人西花畑学園,811-1355,福岡市南区桧原二丁目３６番１５号,,092-512-1368,ひつじのおうちカフェ,飲食店営業,一般食堂,福,南保衛,31010173,2026/6/30,2020/4/2,2020/4/2
株式会社九千部,812-0054,福岡市東区馬出五丁目１２番９号,,092-651-2153,筥崎とろろ,食肉販売業,一般,福,東保衛,32330001,2026/6/30,2020/4/3,2020/4/3
株式会社　博多和匠,812-0013,福岡市博多区博多駅東二丁目８番１１号,第２石橋ビル　１Ｆ,092-471-9681,つくよみ,飲食店営業,一般食堂,福,博保衛,32010003,2026/6/30,2020/4/3,2020/4/3
,812-0884,福岡市博多区寿町三丁目３番２２号,遊Ｙｏｕ館　２Ｆ　２－Ｂ,,ＳＥＩＫＡ,飲食店営業,カフェー,福,博保衛,31010970,2026/6/30,2020/4/3,2020/4/3
,814-0003,福岡市早良区城西三丁目２１番２７号,,092-823-1739,鳥三郎,飲食店営業,一般食堂,福,早保衛,31010143,2026/6/30,2020/4/3,2020/4/3
,810-0801,福岡市博多区中洲四丁目１番２８号,シオンテナント　１階　２番,,Ｂａｒ　Ｒａｇｄｏｌｌ,飲食店営業,バー,福,博保衛,32010007,2026/6/30,2020/4/6,2020/4/6
株式会社　Ａｉｃ,810-0801,福岡市博多区中洲五丁目５番９号,サンゴールデンビル　１階,092-262-1566,イタリアン　カフェ　アンド　トラットリア　バンビーノ,飲食店営業,一般食堂,福,博保衛,31010949,2026/6/30,2020/4/6,2020/4/6
株式会社　ジョイフル,812-0853,福岡市博多区東平尾一丁目１８２番１号,,092-624-3566,並木街珈琲　博多の森店,飲食店営業,一般食堂,福,博保衛,31010931,2026/6/30,2020/4/6,2020/4/6
株式会社　杉養蜂園,812-0003,福岡市博多区大字下臼井７７８番地１号,福岡空港国内線旅客ターミナルビル　２Ｆ　ＣＬ－０９００,092-627-3838,杉養蜂園　福岡空港国内線ターミナル店,喫茶店営業,一般,福,博保衛,31230080,2026/6/30,2020/4/6,2020/4/6
株式会社トラヤチェーン,810-0001,福岡市中央区天神二丁目９番１０９号,新天町北通り１Ｆ,092-781-5202,味噌汁おとら,飲食店営業,一般食堂,福,中保衛,31011068,2026/6/30,2020/4/6,2020/4/6
,810-0004,福岡市中央区渡辺通三丁目６番２８号,オレンジハウス２０２,,ＬＩＧＨＴＳ　ＶＥＧＡＮ　ＴＥＡＭ,飲食店営業,弁当屋,福,中保衛,31011091,2026/6/30,2020/4/6,2020/4/6
,810-0004,福岡市中央区渡辺通三丁目６番２８号,オレンジハウス２０２,,ＬＩＧＨＴＳ　ＶＥＧＡＮ　ＴＥＡＭ,そうざい製造業,なし,福,中保衛,31570011,2026/6/30,2020/4/6,2020/4/6
,810-0004,福岡市中央区渡辺通三丁目６番２８号,オレンジハウス２０２,,ＬＩＧＨＴＳ　ＶＥＧＡＮ　ＴＥＡＭ,菓子製造業,一般,福,中保衛,31050148,2026/6/30,2020/4/6,2020/4/6
有限会社トーブ,814-0175,福岡市早良区田村一丁目９番１号,,092-863-1801,有限会社　トーブ,食品の冷凍又は冷蔵業,なし,福,早保衛,31190003,2026/6/30,2020/4/6,2020/4/6
有限会社トーブ,814-0175,福岡市早良区田村一丁目９番１号,,092-863-1801,有限会社　トーブ,食肉製品製造業,なし,福,早保衛,31350001,2026/6/30,2020/4/6,2020/4/6
株式会社ハブ,810-0041,福岡市中央区大名二丁目１番７号,シエルブルー大名１Ｆ,092-739-8682,ＨＵＢ福岡大名店,飲食店営業,一般食堂,福,中保衛,31011048,2026/6/30,2020/4/7,2020/4/7
,815-0031,福岡市南区清水四丁目８番１号,岡部ビル１０２号,,吉祥料理,飲食店営業,一般食堂,福,南保衛,31010165,2026/6/30,2020/4/7,2020/4/7
,814-0015,福岡市早良区室見一丁目１番３号,１Ｆ,092-400-1177,ＢＯＯＮ,飲食店営業,一般食堂,福,早保衛,31010139,2026/6/30,2020/4/7,2020/4/7
金輝合同会社,812-0053,福岡市東区箱崎一丁目３０番１０号,,092-287-4408,小ナタ麻辣タン,飲食店営業,一般食堂,福,東保衛,32010008,2026/6/30,2020/4/8,2020/4/8
ハーモナイズ・エンターテイメントサービス　株式会社,810-0801,福岡市博多区中洲三丁目７番１５号,ＴＭ－３０ビル　４階,092-282-3027,艶やかに華やかにｗｉｔｈＴｅａｒＤｒｏｐ,飲食店営業,カフェー,福,博保衛,32010010,2026/6/30,2020/4/8,2020/4/8
,810-0005,福岡市中央区清川二丁目１１番３３号,仲西ビル５Ｆ,092-710-4580,うたあしび,飲食店営業,一般食堂,福,中保衛,32010007,2026/6/30,2020/4/8,2020/4/8
株式会社イムズ,810-0041,福岡市中央区大名一丁目８番３３号,大名エイトビル２Ｆ,092-401-1123,牛タン焼専門店　ヨコマサ,飲食店営業,一般食堂,福,中保衛,31011108,2026/6/30,2020/4/8,2020/4/8
,810-0041,福岡市中央区大名二丁目２番４１号,サンライフ大名１Ｆ,092-725-0293,茶寮　さくらさくら,飲食店営業,一般食堂,福,中保衛,32010008,2026/6/30,2020/4/8,2020/4/8
,810-0021,福岡市中央区今泉一丁目３番１号,ＴＹビル１０１,092-406-6891,Ｃｅｒｎｉａ,食肉販売業,一般,福,中保衛,32330003,2026/6/30,2020/4/8,2020/4/8
,814-0001,福岡市早良区百道浜二丁目９０２－１,,092-400-9999,ＭＡＲＩＺＯＮ　ＦＯＯＤ　ＣＯＵＲＴ,飲食店営業,一般食堂,福,早保衛,32010001,2026/6/30,2020/4/8,2020/4/8
株式会社ミウラ,813-0011,福岡市東区香椎四丁目１８番１５号,,092-515-3245,喜造,飲食店営業,一般食堂,福,東保衛,31010234,2026/6/30,2020/4/9,2020/4/9
株式会社　ＳｍｉｌｅＦｏｏｄ,810-0801,福岡市博多区中洲三丁目７番２４号,ゲイツビル　７階,050-5434-4451,博多水炊き　大和,飲食店営業,一般食堂,福,博保衛,32010012,2026/6/30,2020/4/9,2020/4/9
,810-0801,福岡市博多区中洲二丁目２番１０号,第１１ラインビル　地下１階　００１号,092-272-0320,１ｓｔａｒｚ,飲食店営業,バー,福,博保衛,31010962,2026/6/30,2020/4/9,2020/4/9
株式会社　西村商店,810-0801,福岡市博多区中洲一丁目４番１７号,田中ビル　１階,092-262-8399,幸ちゃんラーメン　中洲店,飲食店営業,一般食堂,福,博保衛,31010954,2026/6/30,2020/4/9,2020/4/9
株式会社Ｒ企画,810-0003,福岡市中央区春吉三丁目２４番２８号,セシル晴好２階,092-713-0700,春吉倶楽部,飲食店営業,バー,福,中保衛,32010002,2026/6/30,2020/4/9,2020/4/9
,810-0002,福岡市中央区西中洲５番３４号,ホワイトビル１Ｆ,092-791-4099,酒楽　真帆,飲食店営業,バー,福,中保衛,32010013,2026/6/30,2020/4/9,2020/4/9
合資会社崎三,815-0081,福岡市南区那の川一丁目１６番４号,,092-534-6272,焼とり　崎三,飲食店営業,一般食堂,福,南保衛,32010003,2026/6/30,2020/4/9,2020/4/9
,814-0123,福岡市城南区長尾五丁目９番１１号,,092-985-3846,ながお麹ｃａｆｅレッドクローバー,菓子製造業,一般,福,城保衛,31050014,2026/6/30,2020/4/9,2020/4/9
ＬＯＶＥトウェンティセブン株式会社,819-0379,福岡市西区北原一丁目２番１号,,092-836-7977,Ｑｕｉｃｋｔｅａイオン伊都店,飲食店営業,主として喫茶,福,西保衛,32010002,2026/6/30,2020/4/9,2020/4/9
株式会社サングリン,819-0051,福岡市西区下山門団地４０番２号,,092-891-4305,スーパーサングリンパンスタジオ,飲食店営業,一般食堂,福,西保衛,32010003,2026/6/30,2020/4/9,2020/4/9
株式会社　Ｓｏｌａ　Ｆａｃｔｏｒｙ,812-0021,福岡市博多区築港本町１３番６号,ベイサイドプレイス博多　Ｃ館　２Ｆ,092-409-0830,Ｓｏｌａ　Ｆａｃｔｏｒｙ　ｃｏ．,菓子製造業,一般,福,博保衛,32050001,2026/6/30,2020/4/10,2020/4/10
株式会社　ＨＴインターナショナル,812-0016,福岡市博多区博多駅南六丁目８番３０号,トピレック博多　１Ｆ　１０１号,,禾道,飲食店営業,一般食堂,福,博保衛,31010952,2026/6/30,2020/4/10,2020/4/10
有限会社　エフケイ・マリン,812-0017,福岡市博多区美野島三丁目１５番１３－１０３号,,,食事処，呑み処　しま,飲食店営業,一般食堂,福,博保衛,32010009,2026/6/30,2020/4/10,2020/4/10
,812-0007,福岡市博多区東比恵四丁目６番３３号,,092-409-6081,ＦＡＫＥ　ＩＴ　ＣＯＦＦＥＥ,喫茶店営業,一般,福,博保衛,31230082,2026/6/30,2020/4/10,2020/4/10
,810-0073,福岡市中央区舞鶴二丁目２番６号,マイヅルプレイス１Ｆ,092-713-7122,喫茶フローラル,飲食店営業,一般食堂,福,中保衛,32010016,2026/6/30,2020/4/10,2020/4/10
株式会社スドー,810-0003,福岡市中央区春吉三丁目１１番１９号,パノラマスクエア博多１０７,092-287-8015,焼肉すどう　春吉,食肉販売業,一般,福,中保衛,32330004,2026/6/30,2020/4/10,2020/4/10
,810-0012,福岡市中央区白金一丁目１７番１５号,アレグリア白金１Ｆ,092-406-7090,松尾,飲食店営業,一般食堂,福,中保衛,31011110,2026/6/30,2020/4/10,2020/4/10
株式会社越後屋,810-0001,福岡市中央区天神二丁目１１番１号,福岡パルコ本館Ｂ１Ｆ,092-707-1106,しんぱち食堂,飲食店営業,一般食堂,福,中保衛,31011086,2026/6/30,2020/4/10,2020/4/10
株式会社鈴木洋装店,810-0074,福岡市中央区大手門三丁目２番２６号,田中ビル１０２号,092-406-9626,ＨＡＫＫＯ食堂,飲食店営業,一般食堂,福,中保衛,32010014,2026/6/30,2020/4/10,2020/4/10
株式会社 桝元,812-0063,福岡市東区原田三丁目６番２２号,１Ｆ,,桝元 原田店,飲食店営業,一般食堂,福,東保衛,32010006,2026/6/30,2020/4/13,2020/4/13
株式会社 桝元,812-0063,福岡市東区原田三丁目６番２２号,１Ｆ,,こんぺい亭 原田店,飲食店営業,一般食堂,福,東保衛,32010005,2026/6/30,2020/4/13,2020/4/13
,810-0801,福岡市博多区中洲四丁目２番５号,第２２ラインビル　１階～３階,092-263-0038,もつ鍋　芋　中洲店,飲食店営業,一般食堂,福,博保衛,32010014,2026/6/30,2020/4/13,2020/4/13
株式会社　Ｂ．Ｅ．Ｔ,812-0013,福岡市博多区博多駅東二丁目１番２４号,ギャラリー博多ビル　４Ｆ,092-477-2577,清州七七・漁火,食肉販売業,一般,福,博保衛,32330004,2026/6/30,2020/4/13,2020/4/13
,810-0003,福岡市中央区春吉二丁目９番１号,ファロ・ディ・ハルヨシⅡ　１－Ｃ,092-753-7311,ＥＬ　ＣＡＳＴＩＬＬＯ,飲食店営業,一般食堂,福,中保衛,32010012,2026/6/30,2020/4/13,2020/4/13
,810-0041,福岡市中央区大名一丁目１１番２３号,クレアビル１Ｆ,092-771-5566,博多赤もんたん,飲食店営業,一般食堂,福,中保衛,32010010,2026/6/30,2020/4/13,2020/4/13
株式会社ひよこ,810-0001,福岡市中央区天神二丁目７番２２号,左衛門ビル地下１Ｆ,092-714-0317,地下のくじら,飲食店営業,一般食堂,福,中保衛,32010011,2026/6/30,2020/4/13,2020/4/13
,811-1362,福岡市南区長住二丁目２３番３２－１０３号,,092-512-7074,Ｃｕｒｅ　Ｃａｆｅ,飲食店営業,一般食堂,福,南保衛,31010150,2026/6/30,2020/4/13,2020/4/13
,814-0104,福岡市城南区別府一丁目２２番１０号,エステートモア別府１０１,092-287-5162,だしと日本酒　たてつ,飲食店営業,一般食堂,福,城保衛,31010055,2026/6/30,2020/4/13,2020/4/13
株式会社クプロ,812-0063,福岡市東区原田三丁目６番２２号,,092-624-1062,らーめん屋 鳳凛 原田店,飲食店営業,一般食堂,福,東保衛,31010247,2026/6/30,2020/4/14,2020/4/14
佐藤　株式会社,812-0888,福岡市博多区板付五丁目１６番３号,,092-574-2929,佐藤株式会社　肉や,食肉販売業,一般,福,博保衛,31330052,2026/6/30,2020/4/14,2020/4/14
佐藤　株式会社,812-0888,福岡市博多区板付五丁目１６番３号,,092-574-2929,佐藤株式会社　肉や,飲食店営業,そうざい,福,博保衛,31010927,2026/6/30,2020/4/14,2020/4/14
株式会社カイタックトレーディング,810-0023,福岡市中央区警固一丁目１５番３８号,カイタックスクエアガーデン１Ｆ,,ＰＡＮＹＡ　ＡＳＨＩＹＡ　福岡,菓子製造業,パン,福,中保衛,31050145,2026/6/30,2020/4/14,2020/4/14
Ｒｉｃｅｂｉｒｄ株式会社,810-0044,福岡市中央区六本松四丁目５番３９号,ピア２１　１０１,092-406-5663,清喜　ひとしな,飲食店営業,一般食堂,福,中保衛,32010026,2026/6/30,2020/4/14,2020/4/14
Ｒｉｃｅｂｉｒｄ株式会社,810-0044,福岡市中央区六本松四丁目５番３９号,ピア２１　１０１,092-406-5663,清喜　ひとしな,食肉販売業,一般,福,中保衛,32330005,2026/6/30,2020/4/14,2020/4/14
株式会社アップエス,810-0023,福岡市中央区警固一丁目１５番３８号,カイタックスクエアガーデン４Ｆ,092-721-0892,鉄板焼　三ヶ森,飲食店営業,一般食堂,福,中保衛,31011092,2026/6/30,2020/4/14,2020/4/14
,813-0019,福岡市東区みなと香椎三丁目１番１号,ベジフルスタジアム１２４,092-682-2155,ローストビーフひだまり,飲食店営業,一般食堂,福,東保衛,32010010,2026/6/30,2020/4/15,2020/4/15
,812-0044,福岡市博多区千代一丁目１７番１号,パピヨン２４　Ｂ１Ｆ,,ｃａｆｅ　ｄｅ　ボヌール,飲食店営業,一般食堂,福,博保衛,31010929,2026/6/30,2020/4/15,2020/4/15
株式会社　重松ビル,810-0801,福岡市博多区中洲二丁目５番５号,中洲第一ビル　４階　４０９号,,亜洲里,飲食店営業,カフェー,福,博保衛,31010911,2026/6/30,2020/4/15,2020/4/15
株式会社　ｔｒｉｐｌｅ・Ｆ,812-0895,福岡市博多区竹下四丁目１６番７号,上野ビル　１F,092-471-9103,お好み焼き　鉄板焼き　ひなや　竹下店,飲食店営業,一般食堂,福,博保衛,32010013,2026/6/30,2020/4/15,2020/4/15
,810-0021,福岡市中央区今泉一丁目１３番２７号,サンスペースビル４Ｆ,092-738-4700,ＢＡＲ　ＪＥＷＥＬ,飲食店営業,バー,福,中保衛,32010034,2026/6/30,2020/4/15,2020/4/15
株式会社絶頂天,810-0001,福岡市中央区天神四丁目４番３０号,新郷ビル２階,092-741-0552,パブリックスペース　四次元,飲食店営業,バー,福,中保衛,32010009,2026/6/30,2020/4/15,2020/4/15
Ｒｉｃｅｂｉｒｄ株式会社,810-0014,福岡市中央区平尾一丁目１０番２０号,ＢＲＡＭＡＳＯＬＥｈｉｒａｏ１Ａ,092-522-6611,清喜,飲食店営業,一般食堂,福,中保衛,32010024,2026/6/30,2020/4/15,2020/4/15
,819-0006,福岡市西区姪浜駅南二丁目１９番２２号,プレッソ姪浜１Ｆ,092-892-6677,豊前中津とよからあげ　姪浜店,飲食店営業,弁当屋,福,西保衛,32010006,2026/6/30,2020/4/15,2020/4/15
,819-0006,福岡市西区姪浜駅南二丁目１９番２２号,プレッソ姪浜１Ｆ,092-892-6677,豊前中津とよからあげ　姪浜店,そうざい製造業,なし,福,西保衛,32570002,2026/6/30,2020/4/15,2020/4/15
,811-0213,福岡市東区和白丘二丁目３番９-１０１号,,092-606-3601,ｃｈｉｉｓｅｇｏｏ,飲食店営業,一般食堂,福,東保衛,32010013,2026/6/30,2020/4/16,2020/4/16
,811-0213,福岡市東区和白丘一丁目１番１４号,,092-606-6111,清香園 和白店,食肉販売業,一般,福,東保衛,32330003,2026/6/30,2020/4/16,2020/4/16
合資会社　ＨＢＣ,810-0801,福岡市博多区中洲四丁目７番１４号,バンビ館　６階,092-262-5569,ＨＩＬＬＢＩＬＬｙ　ＣＡＴＳ,飲食店営業,バー,福,博保衛,32010028,2026/6/30,2020/4/16,2020/4/16
,812-0014,福岡市博多区比恵町１１番３０号,２Ｆ,,ロッソ,飲食店営業,仕出し,福,博保衛,32010022,2026/6/30,2020/4/16,2020/4/16
イオン九州　株式会社,812-0011,福岡市博多区博多駅前四丁目２９番１５号,,092-402-0515,マックスバリュエクスプレス博多消防署通り店,飲食店営業,そうざい,福,博保衛,32010011,2026/6/30,2020/4/16,2020/4/16
イオン九州　株式会社,812-0011,福岡市博多区博多駅前四丁目２９番１５号,,092-402-0515,マックスバリュエクスプレス博多消防署通り店,菓子製造業,一般,福,博保衛,32050003,2026/6/30,2020/4/16,2020/4/16
合同会社ホワイトグローブ,810-0016,福岡市中央区平和三丁目９番１８号,ラミナスコート１Ｆ,092-523-3888,ＳＮＡＣＫ　ＳＥＡＳＯＮ　ＨＥＩＷＡ,飲食店営業,バー,福,中保衛,32010032,2026/6/30,2020/4/16,2020/4/16
株式会社ＲＩＶＥＲ　ＦＯＯＤ,810-0002,福岡市中央区西中洲４番６号,リップルビル１０５,092-791-3333,マーキュリー,飲食店営業,一般食堂,福,中保衛,32010027,2026/6/30,2020/4/16,2020/4/16
,811-1361,福岡市南区西長住一丁目１２番２５号,,092-554-1115,清香園　西長住店,食肉販売業,一般,福,南保衛,32330001,2026/6/30,2020/4/16,2020/4/16
,815-0033,福岡市南区大橋一丁目８番２１号,大橋西口ビル２Ｆ,092-555-8086,Ｌｉｎｋ,飲食店営業,一般食堂,福,南保衛,31010163,2026/6/30,2020/4/16,2020/4/16
株式会社長崎屋,819-0041,福岡市西区拾六町一丁目７番１号,,092-884-8011,ＭＥＧＡドン・キホーテ福重店　惣菜作業室,飲食店営業,そうざい,福,西保衛,32010004,2026/6/30,2020/4/16,2020/4/16
株式会社長崎屋,819-0041,福岡市西区拾六町一丁目７番１号,,092-884-8011,ＭＥＧＡドン・キホーテ福重店　米飯作業室,飲食店営業,弁当屋,福,西保衛,32010005,2026/6/30,2020/4/16,2020/4/16
有限会社東武食研,813-0044,福岡市東区千早五丁目１４番４１号,,092-692-1616,もつ処 上田商店,食肉販売業,一般,福,東保衛,32330002,2026/6/30,2020/4/17,2020/4/17
株式会社ナカシロ,813-0017,福岡市東区香椎照葉五丁目２番１５号,,092-683-1010,照葉スパリゾート,飲食店営業,一般食堂,福,東保衛,32010002,2026/6/30,2020/4/17,2020/4/17
,812-0053,福岡市東区箱崎四丁目７番５３号,,092-643-6377,清香園 箱崎店,食肉販売業,一般,福,東保衛,32330005,2026/6/30,2020/4/17,2020/4/17
,812-0063,福岡市東区原田四丁目３２番４５号,,092-624-7220,清香園 原田店,食肉販売業,一般,福,東保衛,32330004,2026/6/30,2020/4/17,2020/4/17
株式会社　Ｓｏｌａ　Ｆａｃｔｏｒｙ,812-0021,福岡市博多区築港本町１３番６号,ベイサイドプレイス博多　Ｃ館　２Ｆ,092-409-0830,Ｓｏｌａ　Ｆａｃｔｏｒｙ　Ｃｏ．,そうざい製造業,なし,福,博保衛,32570001,2026/6/30,2020/4/17,2020/4/17
有限会社アールジャパン,810-0001,福岡市中央区天神三丁目１６番１５号,サンヨウビル１Ｆ,,担々麺あづま屋天神店,飲食店営業,一般食堂,福,中保衛,32010015,2026/6/30,2020/4/17,2020/4/17
株式会社ビーザ・ワン,810-0001,福岡市中央区天神二丁目７番１２号,フジヨシビル１Ｆ,,焼肉ライク天神店,飲食店営業,一般食堂,福,中保衛,32010019,2026/6/30,2020/4/17,2020/4/17
,810-0041,福岡市中央区大名一丁目３番３３号,Ｄａｉｍｙｏ５９１ビル　１Ｆ,092-707-3078,磯飯倶楽部,魚介類販売業,一般,福,中保衛,32130003,2026/6/30,2020/4/17,2020/4/17
,814-0022,福岡市早良区原六丁目２９番２６号,,092-400-1313,あびる珈琲,飲食店営業,一般食堂,福,早保衛,32010002,2026/6/30,2020/4/17,2020/4/17
,812-0884,福岡市博多区寿町三丁目１番４号,２Ｆ,092-581-0988,＠＿ｙａｙａ,飲食店営業,バー,福,博保衛,32010032,2026/6/30,2020/4/20,2020/4/20
ＵＮＩＯＮ　ＰＲＯＶＩＳＩＯＮＳ株式会社,810-0023,福岡市中央区警固一丁目１５番３８号,カイタックスクエア３Ｆ（Ｗ３０４）,,ＧＯＬＤＥＮ　ＢＲＯＷＮ　ＦＵＫＵＯＫＡ,飲食店営業,一般食堂,福,中保衛,31011069,2026/6/30,2020/4/20,2020/4/20
,810-0014,福岡市中央区平尾一丁目１２番２２号,大正館薬院南１０１,092-406-2210,どんぶり酒場　どんどん,飲食店営業,一般食堂,福,中保衛,31011093,2026/6/30,2020/4/20,2020/4/20
株式会社ふく処油山山荘,810-0002,福岡市中央区西中洲４番３号,ＡＴＥ西中洲ビル２０１号,092-731-1071,油山山荘　檸,飲食店営業,一般食堂,福,中保衛,32010028,2026/6/30,2020/4/20,2020/4/20
有限会社どらごんフーズ,810-0023,福岡市中央区警固一丁目１５番２７号,,092-731-4783,焼肉どらごん警固本店,食肉販売業,一般,福,中保衛,32330008,2026/6/30,2020/4/20,2020/4/20
有限会社なりたけ,814-0002,福岡市早良区西新四丁目４番８号,たぐせん西新ビル　１Ｆ,,らーめん　なりたけ　福岡西新店,飲食店営業,一般食堂,福,早保衛,32010009,2026/6/30,2020/4/20,2020/4/20
株式会社　エスポワール,812-0044,福岡市博多区千代四丁目２９番３０号,ふろうかんビル　１Ｆ,092-643-0234,しまうまカフェ　Ｆｉｋａ,菓子製造業,一般,福,博保衛,31050075,2026/6/30,2020/4/21,2020/4/21
株式会社　エスポワール,812-0044,福岡市博多区千代四丁目２９番３０号,ふろうかんビル　１Ｆ,092-643-0234,しまうまカフェ　Ｆｉｋａ,飲食店営業,一般食堂,福,博保衛,31010907,2026/6/30,2020/4/21,2020/4/21
株式会社ミールマックス,811-1364,福岡市南区中尾三丁目９番１２号,,092-541-6080,ミールアソシエ中尾,飲食店営業,一般食堂,福,南保衛,32010006,2026/6/30,2020/4/21,2020/4/21
株式会社匠フーズ,819-0055,福岡市西区生の松原三丁目１８番８号,,092-881-1331,さくら食堂,飲食店営業,一般食堂,福,西保衛,31010126,2026/6/30,2020/4/21,2020/4/21
,813-0013,福岡市東区香椎駅前二丁目２番６号,,,珈琲小林,飲食店営業,一般食堂,福,東保衛,32010014,2026/6/30,2020/4/22,2020/4/22
株式会社　コシダカ,812-0013,福岡市博多区博多駅東二丁目４番６号,ハカタベビル　４・５Ｆ,092-402-0370,カラオケまねきねこ　博多駅前店,飲食店営業,一般食堂,福,博保衛,31010971,2026/6/30,2020/4/22,2020/4/22
,812-0013,福岡市博多区博多駅東二丁目３番２９号,東福博多駅東ビル　１Ｆ　１０３号,092-481-8330,ＭＡＬＯＮ,飲食店営業,バー,福,博保衛,32010029,2026/6/30,2020/4/22,2020/4/22
株式会社　サムズアップ,812-0006,福岡市博多区上牟田二丁目１２番２３号,,092-481-6667,清香園,食肉販売業,一般,福,博保衛,32330007,2026/6/30,2020/4/22,2020/4/22
,810-0005,福岡市中央区清川三丁目２６番１８号,第２那の川ビル２Ｆ,092-522-8000,女番星,飲食店営業,バー,福,中保衛,32010053,2026/6/30,2020/4/22,2020/4/22
株式会社ＴＩＣ,810-0041,福岡市中央区大名一丁目１２番３８号,岩戸屋ビル３Ｆ,092-791-4076,元気が出る居酒屋　よだれ屋,飲食店営業,一般食堂,福,中保衛,32010038,2026/6/30,2020/4/22,2020/4/22
,810-0023,福岡市中央区警固一丁目１５番３８号,カイタックスクエアガーデン３Ｆ,,ｂｏｒｄｅｒ,飲食店営業,バー,福,中保衛,31011076,2026/6/30,2020/4/22,2020/4/22
株式会社夢屋,810-0023,福岡市中央区警固二丁目１６番２０号,朝日プラザ赤坂１Ｆ,092-734-2277,焼ジビエ　罠,食肉販売業,一般,福,中保衛,32330009,2026/6/30,2020/4/22,2020/4/22
株式会社ＳＯＬ　ＦＡＭＩＬＩＡ,810-0041,福岡市中央区大名一丁目１４番５号,有光ビル２０２,092-791-6708,Cafe del SOL,飲食店営業,一般食堂,福,中保衛,32010056,2026/6/30,2020/4/22,2020/4/22
,814-0133,福岡市城南区七隈四丁目８番１７号,大原マンション１Ｆ,,浜焼太郎くまちゃん,飲食店営業,一般食堂,福,城保衛,31010061,2026/6/30,2020/4/22,2020/4/22
合同会社福岡渡邊商店,814-0005,福岡市早良区祖原１４番２０号,,092-846-2288,Ｆｉｓｈ　Ｓｃｈｏｏｌ,飲食店営業,弁当屋,福,早保衛,32010006,2026/6/30,2020/4/22,2020/4/22
,819-0042,福岡市西区壱岐団地１３７番２号,壱岐団地センターＤ３,092-812-0789,食堂　はちきん,飲食店営業,弁当屋,福,西保衛,32010009,2026/6/30,2020/4/22,2020/4/22
,812-0053,福岡市東区箱崎一丁目３２番３１号,左棟１Ｆ,,＆ ｃｈｏｕｅｔｔｅ,菓子製造業,一般,福,東保衛,32050001,2026/6/30,2020/4/23,2020/4/23
カステリアダイニング　株式会社,812-0011,福岡市博多区博多駅前三丁目７番９号,田宮ビル　３Ｆ,,カステリア,飲食店営業,一般食堂,福,博保衛,32010040,2026/6/30,2020/4/23,2020/4/23
ＨＡＲＲＹ　合同会社,812-0016,福岡市博多区博多駅南四丁目１８番２号,明東ビル　１Ｆ　１０３号,092-710-5540,Ｏｈａｎａ,飲食店営業,バー,福,博保衛,32010036,2026/6/30,2020/4/23,2020/4/23
,812-0018,福岡市博多区住吉二丁目４番７号,レジデンス博多　１１０号,092-271-4774,和・ふぉーた,食肉販売業,一般,福,博保衛,32330006,2026/6/30,2020/4/23,2020/4/23
,810-0014,福岡市中央区平尾四丁目４番１６号,アイヴェール平尾１０１号室,092-401-0922,割烹すし　のりを,飲食店営業,すし屋,福,中保衛,31011074,2026/6/30,2020/4/23,2020/4/23
,810-0042,福岡市中央区赤坂三丁目７番１１号,,,Ｖｅｎｔｉ,飲食店営業,一般食堂,福,中保衛,31011082,2026/6/30,2020/4/23,2020/4/23
有限会社藤,815-0035,福岡市南区向野二丁目４番２号,,092-289-2127,ほっともっと大橋店,飲食店営業,弁当屋,福,南保衛,32010002,2026/6/30,2020/4/23,2020/4/23
,814-0163,福岡市早良区干隈三丁目１番２号,,092-407-9796,まごころ弁当　早良区本店,飲食店営業,弁当屋,福,早保衛,32010008,2026/6/30,2020/4/23,2020/4/23
,819-0052,福岡市西区下山門三丁目１番１６号,,092-881-1380,焼肉　清香園,食肉販売業,一般,福,西保衛,32330003,2026/6/30,2020/4/23,2020/4/23
,812-0876,福岡市博多区昭南町一丁目１番８号,メゾン博多　１F,,ＰＬＡＴＩＮＵＭ　２ｎｄ,飲食店営業,バー,福,博保衛,31010963,2026/6/30,2020/4/24,2020/4/24
,810-0801,福岡市博多区中洲二丁目７番９号,第一スコッチ桂和　４階　全号室,092-262-0201,Ｂａｒ　Ｕｎｉｏｎ,飲食店営業,バー,福,博保衛,32010023,2026/6/30,2020/4/24,2020/4/24
,812-0024,福岡市博多区綱場町５番２３号,ウィステリア綱場　２０１号,092-282-1285,ル・コントワール・ドゥブルヴェ,飲食店営業,一般食堂,福,博保衛,31010965,2026/6/30,2020/4/24,2020/4/24
,812-0895,福岡市博多区竹下四丁目３番２０号,,,博多食処　やわらぎ,飲食店営業,一般食堂,福,博保衛,32010045,2026/6/30,2020/4/24,2020/4/24
ディライト株式会社,810-0023,福岡市中央区警固一丁目６番４５号,,092-733-0690,ＷＥＥＫＥＮＤ　ＨＯＵＳＥ,飲食店営業,一般食堂,福,中保衛,32010006,2026/6/30,2020/4/24,2020/4/24
,810-0002,福岡市中央区西中洲１０番３号,Ｎビル１Ｆ,092-406-4437,Ｒｅｓｔａｕｒａｎｔ　Ａｒéｎａ,そうざい製造業,なし,福,中保衛,32570001,2026/6/30,2020/4/24,2020/4/24
,810-0004,福岡市中央区渡辺通二丁目９番１８号,白花ビル１０３,,酒飯輝,飲食店営業,一般食堂,福,中保衛,32010050,2026/6/30,2020/4/24,2020/4/24
,810-0003,福岡市中央区春吉三丁目１１番４号,,,博多屋台春吉ラーメン,飲食店営業,一般食堂,福,中保衛,32010001,2026/6/30,2020/4/24,2020/4/24
株式会社フォーティツゥ,810-0011,福岡市中央区高砂二丁目１５番２８号,第８ダイヨシビル１階Ｂ,092-521-8560,喫茶コティー,飲食店営業,一般食堂,福,中保衛,32010043,2026/6/30,2020/4/24,2020/4/24
,811-1346,福岡市南区老司二丁目１４番１９号,サンワコービル１０３,092-565-4224,海鮮居酒屋ひげちゃん,飲食店営業,一般食堂,福,南保衛,32010010,2026/6/30,2020/4/24,2020/4/24
株式会社ＧＷＳ,815-0033,福岡市南区大橋一丁目１６番５号１Ｆ,,092-561-2611,とりかわみつます,飲食店営業,一般食堂,福,南保衛,32010009,2026/6/30,2020/4/24,2020/4/24
,815-0042,福岡市南区若久六丁目８番２４号,,,健康焼肉　亀（ススム）,食肉販売業,一般,福,南保衛,32330002,2026/6/30,2020/4/24,2020/4/24
有限会社プロムナード,815-0042,福岡市南区若久四丁目１番１７号１Ｆ,,092-551-6666,ピザポケット福岡南店,飲食店営業,仕出し,福,南保衛,31010175,2026/6/30,2020/4/24,2020/4/24
株式会社１＆Ｄ,819-0367,福岡市西区西都一丁目９番３６号,,092-805-4129,ワンカルビ九大学研都市駅前店,食肉販売業,一般,福,西保衛,32330002,2026/6/30,2020/4/24,2020/4/24
三菱電機ライフサービス株式会社,819-0374,福岡市西区千里１１１番地１,,092-807-0611,筑前高校食堂,飲食店営業,一般食堂,福,西保衛,31010124,2026/6/30,2020/4/24,2020/4/24
,812-0064,福岡市東区松田一丁目３番２０号,,,花市場食堂,飲食店営業,一般食堂,福,東保衛,32010020,2026/6/30,2020/4/27,2020/4/27
株式会社慶州,813-0017,福岡市東区香椎照葉五丁目１番１５号,,092-661-7350,焼肉慶州　照葉店,食肉販売業,一般,福,東保衛,32330006,2026/6/30,2020/4/27,2020/4/27
,812-0026,福岡市博多区上川端町１０番２５５号,ロイズ博多　１Ｆ・２Ｆ,092-273-1129,はかたの桜華　本店,食肉販売業,一般,福,博保衛,32330010,2026/6/30,2020/4/27,2020/4/27
,812-0039,福岡市博多区冷泉町１番８号,１Ｆ,092-600-4648,大名カレー中村屋,飲食店営業,一般食堂,福,博保衛,32010031,2026/6/30,2020/4/27,2020/4/27
株式会社　匠フーズ,812-0857,福岡市博多区西月隈三丁目３番５５号,,092-414-2525,介護付有料老人ホーム　山ぼうし,飲食店営業,一般食堂,福,博保衛,32010038,2026/6/30,2020/4/27,2020/4/27
,810-0801,福岡市博多区中洲四丁目１番１０号,内山第４５ビル　５階　全号室,092-402-2988,ＡＣＨＩＥＶＥ,飲食店営業,バー,福,博保衛,32010026,2026/6/30,2020/4/27,2020/4/27
株式会社　１＆Ｄ,812-0044,福岡市博多区千代一丁目２番１号,ＢＲＡＮＣＨ博多パピヨンガーデン,092-632-4129,ワンカルビ　パピヨンガーデン店,食肉販売業,一般,福,博保衛,32330012,2026/6/30,2020/4/27,2020/4/27
株式会社　１＆Ｄ,810-0801,福岡市博多区中洲四丁目６番１２号,プラート中洲　４階,092-291-3329,ワンカルビＰＲＥＭＩＵＭ　中洲,食肉販売業,一般,福,博保衛,32330011,2026/6/30,2020/4/27,2020/4/27
ジー・エモーション株式会社,810-0044,福岡市中央区六本松三丁目８番４号,,092-707-1029,肉のだるま,食肉販売業,一般,福,中保衛,32330015,2026/6/30,2020/4/27,2020/4/27
株式会社ふく処油山山荘,810-0002,福岡市中央区西中洲４番３号,ＡＴＥ西中洲ビル２０１号,092-731-1071,油山山荘　檸,食肉販売業,一般,福,中保衛,32330012,2026/6/30,2020/4/27,2020/4/27
株式会社小林商店,810-0074,福岡市中央区大手門一丁目８番１４号,,092-726-0012,博多水炊き専門　橙,食肉販売業,一般,福,中保衛,32330014,2026/6/30,2020/4/27,2020/4/27
株式会社小林商店,810-0074,福岡市中央区大手門一丁目８番１４号,,092-726-0012,博多水炊き専門　橙,そうざい製造業,なし,福,中保衛,32570002,2026/6/30,2020/4/27,2020/4/27
,810-0073,福岡市中央区舞鶴一丁目８番２号,オベリスク天神Ｂ１Ｆ,092-735-2074,博多もつ鍋　玄海庵,飲食店営業,一般食堂,福,中保衛,32010046,2026/6/30,2020/4/27,2020/4/27
,810-0021,福岡市中央区今泉一丁目１８番２４号,天神南ハイツ１Ｆ　Ａ,092-741-1856,味鍋　味味,食肉販売業,一般,福,中保衛,32330028,2026/6/30,2020/4/27,2020/4/27
,810-0035,福岡市中央区梅光園二丁目６番１０号,,092-732-3929,焼肉　清香園梅光園店,食肉販売業,一般,福,中保衛,32330021,2026/6/30,2020/4/27,2020/4/27
株式会社ＪＡＣＫ,810-0023,福岡市中央区警固一丁目６番５号,,092-741-0787,ＢＡＲ　ＪＡＣＫ／けんちゃん弁当,飲食店営業,弁当屋,福,中保衛,32010054,2026/6/30,2020/4/27,2020/4/27
,810-0041,福岡市中央区大名二丁目２番４７号,小野ビル２Ｆ,092-714-0232,雄屋,飲食店営業,一般食堂,福,中保衛,32010052,2026/6/30,2020/4/27,2020/4/27
,810-0021,福岡市中央区今泉一丁目１８番４２号,,092-716-7700,雄屋　わさび,飲食店営業,一般食堂,福,中保衛,32010051,2026/6/30,2020/4/27,2020/4/27
,810-0075,福岡市中央区港二丁目１１番２２号,ポセイドンビル２Ｆ,092-515-0491,積,食肉販売業,一般,福,中保衛,32330020,2026/6/30,2020/4/27,2020/4/27
,810-0012,福岡市中央区白金一丁目１番２７号,,092-531-3829,とり錦,食肉販売業,一般,福,中保衛,32330027,2026/6/30,2020/4/27,2020/4/27
株式会社慶州,810-0003,福岡市中央区春吉三丁目３番３号,,092-736-3411,慶州春吉店,食肉販売業,一般,福,中保衛,32330026,2026/6/30,2020/4/27,2020/4/27
株式会社アエナリア,810-0021,福岡市中央区今泉一丁目２番８号,ＡＮＤＯＮ１Ｂ号室,092-713-5077,グリリア・ディ・ガエターノ,食肉販売業,一般,福,中保衛,32330013,2026/6/30,2020/4/27,2020/4/27
株式会社ジェイ．アーク,810-0041,福岡市中央区大名二丁目１番４１号,,050-3476-6422,博多　弁天堂,食肉販売業,一般,福,中保衛,32330022,2026/6/30,2020/4/27,2020/4/27
株式会社ジェイ．アーク,810-0041,福岡市中央区大名二丁目２番２号,後藤ビル１Ｆ,050-3476-2293,博多　表邸,食肉販売業,一般,福,中保衛,32330023,2026/6/30,2020/4/27,2020/4/27
株式会社柳川屋,810-0003,福岡市中央区春吉三丁目１６番５号,,092-716-2990,金蔦,食肉販売業,一般,福,中保衛,32330025,2026/6/30,2020/4/27,2020/4/27
,810-0004,福岡市中央区渡辺通一丁目９番３号,一丁目ビル１０２,092-707-1229,居酒屋　釜山亭,食肉販売業,一般,福,中保衛,32330024,2026/6/30,2020/4/27,2020/4/27
株式会社ＧＷＳ,810-0021,福岡市中央区今泉二丁目４番２３号,ぴっぴーハウス１Ｆ,092-753-8885,天神みつます,飲食店営業,一般食堂,福,中保衛,32010057,2026/6/30,2020/4/27,2020/4/27
株式会社セイレン,810-0041,福岡市中央区大名一丁目９番１５号,井原共同ビル１Ｆ,092-715-7575,焼肉　蓮,食肉販売業,一般,福,中保衛,32330016,2026/6/30,2020/4/27,2020/4/27
株式会社１＆D,810-0001,福岡市中央区天神二丁目３番２４号,天神ルーチェビル６Ｆ,092-752-4129,ワンカルビＰＲＥＭＩＵＭ天神,食肉販売業,一般,福,中保衛,32330017,2026/6/30,2020/4/27,2020/4/27
株式会社１＆D,810-0021,福岡市中央区今泉一丁目２２番１８号,アクロスキューブ天神南７Ｆ,092-751-4129,ワンカルビＰＲＥＭＩＵＭ天神今泉,食肉販売業,一般,福,中保衛,32330018,2026/6/30,2020/4/27,2020/4/27
,810-0041,福岡市中央区大名二丁目１２番１５号,赤坂セブンビル１F,092-753-8829,黒豚しゃぶしゃぶあじと赤坂店,飲食店営業,一般食堂,福,中保衛,32010062,2026/6/30,2020/4/27,2020/4/27
,811-1362,福岡市南区長住二丁目１８番９号,ルネッサンス長住１０１号室,,焼鳥　長住,飲食店営業,一般食堂,福,南保衛,31010174,2026/6/30,2020/4/27,2020/4/27
有限会社山田ビル,815-0075,福岡市南区長丘一丁目１５番８号,,092-231-8208,ミュージックステージ　貴秀,飲食店営業,一般食堂,福,南保衛,32010012,2026/6/30,2020/4/27,2020/4/27
,813-0043,福岡市東区名島二丁目３５番３３号,,,ナジカフェ,飲食店営業,一般食堂,福,東保衛,32010021,2026/6/30,2020/4/28,2020/4/28
,811-0212,福岡市東区美和台三丁目４番７号,,092-608-4421,カラオケ ラウンジ 花扇,飲食店営業,一般食堂,福,東保衛,31010239,2026/6/30,2020/4/28,2020/4/28
,812-0018,福岡市博多区住吉四丁目１５番４号,西実ビル　１Ｆ,092-481-2212,おれんじ,飲食店営業,バー,福,博保衛,32010034,2026/6/30,2020/4/28,2020/4/28
株式会社　Ｎｅｗ　Ｏｒｄｅｒ,812-0013,福岡市博多区博多駅東二丁目３番２９号,東福博多駅東ビル　１Ｆ　１０４号,092-710-4788,大衆酒場ちょうすけ,飲食店営業,一般食堂,福,博保衛,31010896,2026/6/30,2020/4/28,2020/4/28
株式会社　ＧＦＣ,812-0013,福岡市博多区博多駅東二丁目４番８号,ニタビルディング　２Ｆ,092-477-6317,とり酒場,飲食店営業,一般食堂,福,博保衛,32010050,2026/6/30,2020/4/28,2020/4/28
,810-0801,福岡市博多区中洲三丁目４番６号,多門ビル’８３　６階　Ｈ号室,092-272-5050,スナック　Ｌ,飲食店営業,バー,福,博保衛,32010046,2026/6/30,2020/4/28,2020/4/28
株式会社　カラクリ,810-0801,福岡市博多区中洲四丁目１番１５号,中洲摩耶ビル　２階　２号室,,アニメバー　ランカ,飲食店営業,バー,福,博保衛,32010024,2026/6/30,2020/4/28,2020/4/28
株式会社　ジオ,810-0801,福岡市博多区中洲四丁目２番１５号,メインストリートビル　２階,092-281-1177,水炊き凡,食肉販売業,一般,福,博保衛,32330008,2026/6/30,2020/4/28,2020/4/28
株式会社ティーケーピー,810-0041,福岡市中央区大名一丁目９番３９号,アパホテル福岡天神西１Ｆ,092-720-6786,ティーケーピー　ミーティングカフェ,飲食店営業,旅館,福,中保衛,32010030,2026/6/30,2020/4/28,2020/4/28
株式会社アキナイ,810-0001,福岡市中央区天神二丁目１１番１号,福岡パルコ本館Ｂ１Ｆ,092-235-7376,うみの食堂,飲食店営業,一般食堂,福,中保衛,31011104,2026/6/30,2020/4/28,2020/4/28
,810-0042,福岡市中央区赤坂二丁目２番１号,高木ビル１Ｆ,092-406-2553,ビストロ・バビロン,飲食店営業,一般食堂,福,中保衛,31010948,2026/6/30,2020/4/28,2020/4/28
,814-0003,福岡市早良区城西一丁目９番２９号,ハイツ城西　１０１号,,スナック　マリー,飲食店営業,バー,福,早保衛,32010007,2026/6/30,2020/4/28,2020/4/28
株式会社Ｈｏｍｉｅ,813-0062,福岡市東区松島五丁目２９番２０号,,092-624-3135,博多ラーメンセンターバリはや,飲食店営業,一般食堂,福,東保衛,32010016,2026/6/30,2020/4/30,2020/4/30
有限会社　都,812-0038,福岡市博多区祇園町４番６８号,,092-271-7484,都,食肉販売業,一般,福,博保衛,32330014,2026/6/30,2020/4/30,2020/4/30
株式会社　娜晤,812-0011,福岡市博多区博多駅前三丁目１７番１７号,,092-481-0115,釜山亭,そうざい製造業,なし,福,博保衛,32570002,2026/6/30,2020/4/30,2020/4/30
,812-0871,福岡市博多区東雲町三丁目４番２６号,グランデ東雲　１Ｆ　１０２号,,はなのさと,飲食店営業,一般食堂,福,博保衛,32010020,2026/6/30,2020/4/30,2020/4/30
,810-0801,福岡市博多区中洲二丁目１番１１号,プレイスポット新橋ビル　地下２階,092-262-4455,ＤａｒｔｓＢａｒＬｉｎｅ,飲食店営業,バー,福,博保衛,32010059,2026/6/30,2020/4/30,2020/4/30
株式会社　ビッグネクスト,810-0801,福岡市博多区中洲二丁目６番２３号,コウフクビル　１階　６号,092-710-6469,Ｎｏｍｉａｉ・Ｄｏｋｏｒｏ　ノック,飲食店営業,バー,福,博保衛,32010056,2026/6/30,2020/4/30,2020/4/30
,812-0895,福岡市博多区竹下四丁目１４番１０号,,,スナック　じゃむ。,飲食店営業,バー,福,博保衛,32010055,2026/6/30,2020/4/30,2020/4/30
,810-0801,福岡市博多区中洲二丁目６番７号,エレガンスビル　１階　１０２号・１０３号・１０６号・１０７号,092-282-6226,ＧＲＡＮＤ　ＢＡＲ,飲食店営業,バー,福,博保衛,32010054,2026/6/30,2020/4/30,2020/4/30
株式会社　えんホテルトラッド,812-0018,福岡市博多区住吉三丁目１２番１号,えん博多ビル　１Ｆ,092-710-7675,Ｄｉｎｉｎｇ　ＴＲＡＤ,飲食店営業,一般食堂,福,博保衛,32010060,2026/6/30,2020/4/30,2020/4/30
株式会社　ＳＡＫＵ,812-0033,福岡市博多区大博町７番１２号,ベルコモンズ大博　１Ｆ　１０２号,,ＰＯＮ　Ｑ　ＰＯＮ,菓子製造業,一般,福,博保衛,32050004,2026/6/30,2020/4/30,2020/4/30
株式会社王餃子,810-0801,福岡市博多区中洲二丁目５番９号,三田ビル　１階全室,092-291-2249,王餃子,飲食店営業,中華店,福,博保衛,32010039,2026/6/30,2020/4/30,2020/4/30
株式会社三信,810-0025,福岡市中央区薬院伊福町１０番,プチパレット浄水１Ｆ,092-531-5111,ローソン福岡薬院伊福町店,飲食店営業,一般食堂,福,中保衛,31011084,2026/6/30,2020/4/30,2020/4/30
株式会社イーデザイン,810-0022,福岡市中央区薬院三丁目１１番３０号,エステートモア薬院通り１０３号,092-791-8662,パスタバル　スプーニャ　薬院,飲食店営業,一般食堂,福,中保衛,32010055,2026/6/30,2020/4/30,2020/4/30
コジコ株式会社,810-0011,福岡市中央区高砂二丁目７番１号,,092-524-5520,セブン‐イレブン福岡高砂２丁目店,飲食店営業,一般食堂,福,中保衛,32010071,2026/6/30,2020/4/30,2020/4/30
株式会社Ｔｏｎｋｏｙａ　Ｃｏｍｐａｎｙ,810-0021,福岡市中央区今泉一丁目１２番８号,天神ＱＲビル２Ｆ,092-406-9288,とんこや今泉店,食肉販売業,一般,福,中保衛,32330030,2026/6/30,2020/4/30,2020/4/30
株式会社Ｔｏｎｋｏｙａ　Ｃｏｍｐａｎｙ,810-0021,福岡市中央区今泉一丁目１２番８号,天神ＱＲビル２Ｆ,092-406-9288,とんこや今泉店,魚介類販売業,一般,福,中保衛,32130008,2026/6/30,2020/4/30,2020/4/30
,810-0041,福岡市中央区大名一丁目１３番１２号,ことうビル１Ｆ,092-738-3253,宵酔,飲食店営業,一般食堂,福,中保衛,32010076,2026/6/30,2020/4/30,2020/4/30
,815-0041,福岡市南区野間一丁目５番５号,池田ビル２Ｆ,092-562-1300,Ｄａｒｔｓ　Ｂａｒ　Ｓ’ｚ,飲食店営業,一般食堂,福,南保衛,32010014,2026/6/30,2020/4/30,2020/4/30
株式会社ＷＡ＆ＫＡコーポレーション,819-0054,福岡市西区上山門二丁目１番１８号,,092-891-6040,大地のうどん　本店,飲食店営業,うどん屋,福,西保衛,32010013,2026/6/30,2020/4/30,2020/4/30
株式会社プロスパーダイニング,813-0017,福岡市東区香椎照葉六丁目６番１号,アイランド・アイＢ棟,092-410-3955,ｆｒｕｉｔ＆ｓａｎｄｗｉｃｈ Ｃａｆé ３-５-８,食肉販売業,一般,福,東保衛,32330007,2026/6/30,2020/5/1,2020/5/1
株式会社プロスパーダイニング,813-0017,福岡市東区香椎照葉六丁目６番１号,アイランド・アイＢ棟,092-410-3955,ｆｒｕｉｔ＆ｓａｎｄｗｉｃｈ Ｃａｆé ３-５-８,魚介類販売業,一般,福,東保衛,32130001,2026/6/30,2020/5/1,2020/5/1
株式会社ＳｍｉｌｅＦｏｏｄ,810-0001,福岡市中央区天神四丁目３番２５号,Ｅ＆Ｙビル２Ｆ,050-5434-4450,博多水炊　大和,食肉販売業,一般,福,中保衛,32330031,2026/6/30,2020/5/1,2020/5/1
,810-0004,福岡市中央区渡辺通五丁目１５番８号,池田コーポ１０１号,092-753-8312,山下ワイン食道,飲食店営業,一般食堂,福,中保衛,31010974,2026/6/30,2020/5/1,2020/5/1
株式会社レアルダイニングオフィス,810-0016,福岡市中央区平和三丁目２番２４号,,092-737-7850,赤坂　とり川／豚やかつ匠／にくや肉壱／カレーの肉壱／お重の萬屋,飲食店営業,弁当屋,福,中保衛,32010059,2026/6/30,2020/5/1,2020/5/1
ＩＭＤ　Ａｌｌｉａｎｃｅ株式会社,810-0023,福岡市中央区警固三丁目１３番６号,,092-735-7766,ＡＵＴＨＥＮＴＩＣ　ＬＩＶＩＮＧ　ＢＵＴＣＨＥＲ,食肉販売業,一般,福,中保衛,32330032,2026/6/30,2020/5/1,2020/5/1
ＩＭＤ　Ａｌｌｉａｎｃｅ株式会社,810-0014,福岡市中央区平尾五丁目１１番３号,,092-524-5777,鮨　麻生　平尾山荘,魚介類販売業,一般,福,中保衛,32130009,2026/6/30,2020/5/1,2020/5/1
※（广に黄）津工業株式会社,810-0023,福岡市中央区警固二丁目１６番８号,ＬＯＣＲＡＳ－ＫＥＧＯ２階,,鉄板焼　お好み焼き　ＡｎＯｎｅ,飲食店営業,一般食堂,福,中保衛,32010070,2026/6/30,2020/5/1,2020/5/1
,810-0012,福岡市中央区白金一丁目４番１４号,原ビル１階,092-526-4582,赤間茶屋　あ三五,めん類製造業,一般,福,中保衛,32550001,2026/6/30,2020/5/1,2020/5/1
株式会社快活フロンティア,810-0021,福岡市中央区今泉一丁目２３番１１号,ａｕｎｅ天神４Ｆ,092-738-2488,快活ＣＬＵＢ福岡天神駅南口店,飲食店営業,一般食堂,福,中保衛,31011105,2026/6/30,2020/5/1,2020/5/1
,811-1346,福岡市南区老司一丁目２７番６号,ブランシェ新明１Ｆ,092-565-8181,カラオケステージ　りん,飲食店営業,バー,福,南保衛,32020001,2026/6/30,2020/5/1,2014/5/30
イオン九州株式会社,814-0132,福岡市城南区干隈二丁目４２番1号,,092-871-2882,マックスバリュエクスプレス干隈店,飲食店営業,弁当屋,福,城保衛,32010002,2026/6/30,2020/5/1,2020/5/1
,814-0011,福岡市早良区高取二丁目１２番６号,,,和飯屋　うたの,飲食店営業,一般食堂,福,早保衛,32010012,2026/6/30,2020/5/1,2020/5/1
,813-0003,福岡市東区香住ケ丘六丁目４番６号,,092-673-6252,もつ鍋 たく味,食肉販売業,一般,福,東保衛,32330008,2026/6/30,2020/5/7,2020/5/7
株式会社　かな川グループ,812-0014,福岡市博多区比恵町１番４号,１Ｆ,092-402-1786,はる,飲食店営業,一般食堂,福,博保衛,32010065,2026/6/30,2020/5/7,2020/5/7
株式会社　さばろう,810-0801,福岡市博多区中洲五丁目５番９号,サンゴールデンビル　５階,092-263-3856,博多　鯖郎,飲食店営業,一般食堂,福,博保衛,32010068,2026/6/30,2020/5/7,2020/5/7
合同会社　ツカ・ショップ,812-0018,福岡市博多区住吉三丁目１２番１号,,092-473-7788,セブンーイレブン博多住吉３丁目,飲食店営業,一般食堂,福,博保衛,32010021,2026/6/30,2020/5/7,2020/5/7
,812-0026,福岡市博多区上川端町１番１１号,,092-292-5569,はかた　寿賀や,飲食店営業,バー,福,博保衛,32010063,2026/6/30,2020/5/7,2020/5/7
,812-0016,福岡市博多区博多駅南二丁目９番１１号,三共福岡ビル　１Ｆ,092-474-6860,将門,飲食店営業,一般食堂,福,博保衛,32010070,2026/6/30,2020/5/7,2020/5/7
,812-0016,福岡市博多区博多駅南三丁目１９番４号,互条ビル　１Ｆ,,ながさ和,飲食店営業,一般食堂,福,博保衛,32010049,2026/6/30,2020/5/7,2020/5/7
,810-0801,福岡市博多区中洲三丁目１番２号,川丈ビル　２階,092-409-1840,Ｃｒｏｍｗｅｌｌ,飲食店営業,バー,福,博保衛,32010067,2026/6/30,2020/5/7,2020/5/7
,810-0801,福岡市博多区中洲三丁目６番１５号,會楽園ビル　２階,092-292-9993,ＧＲＡＮＤ　ＳＬＡＭ,飲食店営業,バー,福,博保衛,32010062,2026/6/30,2020/5/7,2020/5/7
カステリアダイニング　株式会社,812-0021,福岡市博多区築港本町１３番６号,ベイサイドプレイス博多　Ｂ館　２Ｆ,,咖りー屋,飲食店営業,仕出し,福,博保衛,32010042,2026/6/30,2020/5/7,2020/5/7
カステリアダイニング　株式会社,812-0021,福岡市博多区築港本町１３番６号,ベイサイドプレイス博多　Ｂ館　２Ｆ,,米澤屋,飲食店営業,仕出し,福,博保衛,32010041,2026/6/30,2020/5/7,2020/5/7
カステリアダイニング　株式会社,812-0021,福岡市博多区築港本町１３番６号,ベイサイドプレイス博多　Ｂ館　２Ｆ,,築港海鮮,飲食店営業,仕出し,福,博保衛,32010044,2026/6/30,2020/5/7,2020/5/7
カステリアダイニング　株式会社,812-0021,福岡市博多区築港本町１３番６号,ベイサイドプレイス博多　Ｂ館　２Ｆ,,おきなわ,飲食店営業,仕出し,福,博保衛,32010043,2026/6/30,2020/5/7,2020/5/7
,810-0041,福岡市中央区大名一丁目１１番２２号,メトロポールＢ１,,ＰＲＥＭＩＥＲ,飲食店営業,バー,福,中保衛,32020001,2026/6/30,2020/5/7,2014/4/3
株式会社Ａｎｓｗｅｒ,810-0041,福岡市中央区大名一丁目１５番３５号,大名２４７ビル２階,,１０　ＣＯＦＦＥＥ　ＢＲＥＷＥＲＳ　ｄｏｔ．店,飲食店営業,主として喫茶,福,中保衛,32010060,2026/6/30,2020/5/7,2020/5/7
,810-0004,福岡市中央区渡辺通一丁目１番１号,サンセルコビルＢ１Ｆ－２５,,ＡＲＯ　ＰＯＫＥ,飲食店営業,一般食堂,福,中保衛,32010077,2026/6/30,2020/5/7,2020/5/7
株式会社あずり,810-0075,福岡市中央区港二丁目３番１３号,アーバン長浜１Ｆ,092-733-1194,港焼とり本舗,飲食店営業,一般食堂,福,中保衛,32010087,2026/6/30,2020/5/7,2020/5/7
合同会社ｍｅｔａｒｕｋａ,810-0041,福岡市中央区大名一丁目３番５号,ＡＲＫ　ＣＵＢＥ１階,,ＪＴＲＲＤ　ＦＵＫＵＯＫＡ,飲食店営業,主として喫茶,福,中保衛,31010973,2026/6/30,2020/5/7,2020/5/7
,810-0003,福岡市中央区春吉三丁目１１番１２号,ネックス春吉１Ｆ,,小島商店,飲食店営業,一般食堂,福,中保衛,32010078,2026/6/30,2020/5/7,2020/5/7
株式会社ハーバルアイ,810-0023,福岡市中央区警固一丁目１５番３８号,カイタックスクエアガーデン１Ｆ,092-406-3649,coperta／天神 激辛薬膳鍋 火鍋王 天神警固店／天神 韓国クリスピーチキン コッキオチキン 天神警固店,飲食店営業,一般食堂,福,中保衛,32010037,2026/6/30,2020/5/7,2020/5/7
株式会社久和屋,811-1302,福岡市南区井尻一丁目５番１号,,,久和屋,そうざい製造業,なし,福,南保衛,32570002,2026/6/30,2020/5/7,2020/5/7
株式会社久和屋,811-1302,福岡市南区井尻一丁目５番１号,,,久和屋,食品の冷凍又は冷蔵業,なし,福,南保衛,32190001,2026/6/30,2020/5/7,2020/5/7
,814-0005,福岡市早良区祖原３０番１８号,,092-834-3344,宮崎辛麺屋　辛福,飲食店営業,一般食堂,福,早保衛,32010017,2026/6/30,2020/5/7,2020/5/7
,819-0006,福岡市西区姪浜駅南一丁目５番７号,,092-885-2188,ローソン福岡姪浜駅前店,飲食店営業,一般食堂,福,西保衛,32010012,2026/6/30,2020/5/7,2020/5/7
,819-0167,福岡市西区今宿三丁目２２番３号 １Ｆ,,092-807-5234,ジョルコアコーヒー,飲食店営業,一般食堂,福,西保衛,32020001,2026/6/30,2020/5/7,2014/4/18
,812-0036,福岡市博多区上呉服町１１番２１２号,,092-281-0380,まりも本店,食肉販売業,一般,福,博保衛,32330013,2026/6/30,2020/5/8,2020/5/8
西日本メディカルフード　株式会社,812-0862,福岡市博多区立花寺二丁目２０番２０号,住宅型有料老人ホーム　ハイビスカス,,ハイビスカス事業所,飲食店営業,一般食堂,福,博保衛,32010057,2026/6/30,2020/5/8,2020/5/8
,810-0003,福岡市中央区春吉三丁目１５番２２号,ヴィラハイジア春吉１Ｆ,092-712-9293,Ｔａｓｔｙ,飲食店営業,一般食堂,福,中保衛,32020002,2026/6/30,2020/5/8,2008/4/22
トータルブライト有限会社,810-0005,福岡市中央区清川一丁目１０番９号,佐倉ビル２０１,092-401-1300,リフレシュサロン　ラポール,飲食店営業,主として喫茶,福,中保衛,31011050,2026/6/30,2020/5/8,2020/5/8
株式会社ＴＯＲＩＫＯ,810-0075,福岡市中央区港二丁目１０番３号,第二土肥ビル１Ｆ,092-711-7188,焼とりのとりこ,飲食店営業,一般食堂,福,中保衛,32010064,2026/6/30,2020/5/8,2020/5/8
株式会社ＴＯＲＩＫＯ,810-0074,福岡市中央区大手門三丁目２番１７号,,092-406-5388,炭焼きとりこ,飲食店営業,一般食堂,福,中保衛,32010063,2026/6/30,2020/5/8,2020/5/8
合同会社ＭＩＣＲＯＭＥＧＡ,810-0023,福岡市中央区警固三丁目１番２８号,アーバン警固３Ｆ,092-776-8371,ｆｉｌｉｐｅｐｅ,飲食店営業,一般食堂,福,中保衛,32010091,2026/6/30,2020/5/8,2020/5/8
株式会社やま中,810-0042,福岡市中央区赤坂一丁目９番１号,フドウ赤坂ビル２Ｆ,092-716-2263,博多もつ鍋やま中　赤坂店,食肉販売業,一般,福,中保衛,32330033,2026/6/30,2020/5/8,2020/5/8
有限会社サカイコーポ,810-0022,福岡市中央区薬院二丁目３番５号,エコール薬院５０２,,ＫＵＫＫＡ　ｐｉｅｎｅｔ　ｋａｕｐａｔ,菓子製造業,一般,福,中保衛,32050008,2026/6/30,2020/5/8,2020/5/8
,810-0005,福岡市中央区清川一丁目１２番５号,ワイズビル１Ｆ,092-791-1236,ｔｓｕｇｉ,飲食店営業,一般食堂,福,中保衛,32010061,2026/6/30,2020/5/8,2020/5/8
株式会社やま中,815-0035,福岡市南区向野二丁目２番１２号,,092-561-3012,博多もつ鍋やま中大橋本店,食肉販売業,一般,福,南保衛,32330005,2026/6/30,2020/5/8,2020/5/8
株式会社ゆう美,814-0121,福岡市城南区神松寺二丁目１番１０号,,092-407-3252,長尾センタープラザ,食肉販売業,一般,福,城保衛,32330002,2026/6/30,2020/5/8,2020/5/8
株式会社九ちゃん,814-0003,福岡市早良区城西三丁目１２番２１－１０１号,,092-821-8800,焼肉九ちゃん,飲食店営業,一般食堂,福,早保衛,32010016,2026/6/30,2020/5/8,2020/5/8
株式会社　いしくら,819-0005,福岡市西区内浜一丁目１５番５号,,092-881-5788,石蔵　姪浜店,飲食店営業,一般食堂,福,西保衛,32020002,2026/6/30,2020/5/8,1996/5/29
,812-0016,福岡市博多区博多駅南四丁目１７番６号,,092-481-1633,杏仁荘,飲食店営業,一般食堂,福,博保衛,32020001,2026/6/30,2020/5/11,2014/4/2
,812-0017,福岡市博多区美野島三丁目５番２０号,美野島シャトー　１０２号,092-710-7771,辛麺屋　司,飲食店営業,一般食堂,福,博保衛,32010069,2026/6/30,2020/5/11,2020/5/11
株式会社　Ｈａｋａｔａ　ｙａｍａｄａｙａ,812-0012,福岡市博多区博多駅中央街９番１号,ＫＩＴＴＥ博多　博多マルイ　１Ｆ,,株式会社Ｈａｋａｔａ　ｙａｍａｄａｙａ,菓子製造業,一般,福,博保衛,32050006,2026/6/30,2020/5/11,2020/5/11
株式会社ｋｕｒｏｂｕｔａ,810-0003,福岡市中央区春吉三丁目１４番２０号,マイステイズ天神南１Ｆ,,くろまつ,飲食店営業,一般食堂,福,中保衛,32010085,2026/6/30,2020/5/11,2020/5/11
株式会社シックス,810-0023,福岡市中央区警固三丁目１番２８号,アーバン警固２０１,092-724-8814,Ｂａｒ６,飲食店営業,一般食堂,福,中保衛,32020003,2026/6/30,2020/5/11,2008/6/5
ＯＫ合同会社,814-0004,福岡市早良区曙一丁目１１番１－２０７号,,,Ｔｈｅ　Ｅｘｐｌｏｒｅｒｓ,菓子製造業,一般,福,早保衛,32050001,2026/6/30,2020/5/11,2020/5/11
ＯＫ合同会社,814-0004,福岡市早良区曙一丁目１１番１－２０７号,,,Ｔｈｅ　Ｅｘｐｌｏｒｅｒｓ,食品の冷凍又は冷蔵業,なし,福,早保衛,32190001,2026/6/30,2020/5/11,2020/5/11
有限会社平野豆富製造所,819-0373,福岡市西区周船寺二丁目９番６号,,092-806-1114,㈲平野豆富製造所,豆腐製造業,なし,福,西保衛,32520001,2026/6/30,2020/5/11,1996/6/13
,819-0025,福岡市西区石丸三丁目４番５号１Ｆ,,092-881-7171,佐吉,飲食店営業,一般食堂,福,西保衛,32010016,2026/6/30,2020/5/11,2020/5/11
社会福祉法人 明日へ向かって,813-0036,福岡市東区若宮五丁目７番２２号,,092-671-4681,ワークショップたちばな オリジナルスマイル,飲食店営業,一般食堂,福,東保衛,32020001,2026/6/30,2020/5/12,2008/4/18
社会福祉法人 明日へ向かって,813-0025,福岡市東区青葉二丁目１１番９号,,092-663-2833,ワークショップ たちばな,菓子製造業,一般,福,東保衛,32060001,2026/6/30,2020/5/12,2008/4/18
株式会社 西鉄ストア,812-0061,福岡市東区筥松二丁目９番１６号,,092-627-5511,レガネット筥松,飲食店営業,弁当屋,福,東保衛,32020002,2026/6/30,2020/5/12,2002/5/30
株式会社 西鉄ストア,812-0061,福岡市東区筥松二丁目９番１６号,,092-627-5511,レガネット筥松,魚介類販売業,一般,福,東保衛,32140001,2026/6/30,2020/5/12,2002/5/30
株式会社 西鉄ストア,812-0061,福岡市東区筥松二丁目９番１６号,,092-627-5511,レガネット筥松,食肉販売業,一般,福,東保衛,32340002,2026/6/30,2020/5/12,2002/5/30
有限会社　Ｋ＆Ｋホールディングス,812-0013,福岡市博多区博多駅東二丁目４番６号,ハカタベビル　７Ｆ,092-432-8677,居酒屋　手羽屋,飲食店営業,一般食堂,福,博保衛,32010058,2026/6/30,2020/5/12,2020/5/12
,810-0801,福岡市博多区中洲二丁目６番５号,光雲ビル　全室,092-291-8686,博多金蛸,飲食店営業,弁当屋,福,博保衛,32010077,2026/6/30,2020/5/12,2020/5/12
,812-0025,福岡市博多区店屋町２番２３号,店屋町ビル　１Ｆ,092-282-1123,原価焼肉げん,食肉販売業,一般,福,博保衛,32330016,2026/6/30,2020/5/12,2020/5/12
,810-0003,福岡市中央区春吉一丁目３番２号,,092-761-3212,竜鵬　吉田鮮魚店,魚介類販売業,一般,福,中保衛,32130010,2026/6/30,2020/5/12,2020/5/12
株式会社テクノ・モーターエンジニアリング,810-0041,福岡市中央区大名二丁目２番４７号,小野ビル１０１,092-791-5699,ＬＡ　ＣＯＣＣＩＮＥＬＬＡ,飲食店営業,一般食堂,福,中保衛,32010101,2026/6/30,2020/5/12,2020/5/12
株式会社ＣＯＭＡＴＳＵ,810-0021,福岡市中央区今泉一丁目１７番１４－１号,二十四節季ビル１Ｆ,092-739-2345,ＣＯＭＡＴＳＵ　ｉｍａｉｚｕｍｉ,菓子製造業,一般,福,中保衛,32050011,2026/6/30,2020/5/12,2020/5/12
株式会社大寿,810-0004,福岡市中央区渡辺通二丁目９番１号,ｓｈｉｎｗａｔａｎａｂｅｄｏｒｉビル１０１,092-406-5918,大名やぶれかぶれ渡辺通店,飲食店営業,一般食堂,福,中保衛,32010100,2026/6/30,2020/5/12,2020/5/12
株式会社ＪＩＳ,810-0041,福岡市中央区大名一丁目１２番５６号　６Ｆ,,092-717-7100,ＪＩＳ,飲食店営業,一般食堂,福,中保衛,32020004,2026/6/30,2020/5/12,2014/6/30
株式会社たんか,810-0075,福岡市中央区港二丁目４番２８－１号,,092-711-0330,たんかセントラルキッチン,食肉販売業,一般,福,中保衛,32340001,2026/6/30,2020/5/12,2014/4/14
有限会社あぷろ,810-0041,福岡市中央区大名一丁目９番２３号,大名ハーモニービル１Ｆ,092-714-5105,あぷろ,食肉販売業,一般,福,中保衛,32330035,2026/6/30,2020/5/12,2020/5/12
,815-0033,福岡市南区大橋一丁目１４番６号,新田ビル１Ｆ,092-512-0115,焼肉　星陽,飲食店営業,一般食堂,福,南保衛,32020002,2026/6/30,2020/5/12,2014/4/23
,814-0151,福岡市城南区堤一丁目１０番２５号,,092-801-2518,自然堂,飲食店営業,一般食堂,福,城保衛,32010003,2026/6/30,2020/5/12,2020/5/12
,814-0002,福岡市早良区西新四丁目８番３４号,ＳＡＺＡ２１ビル　２０２号,092-831-8407,手作りキッチン　奈綸．の店,飲食店営業,一般食堂,福,早保衛,32020002,2026/6/30,2020/5/12,2014/5/27
株式会社プライム福岡,814-0002,福岡市早良区西新五丁目６番３０号　１Ｆ,,092-833-3006,西新　初喜,食肉販売業,一般,福,早保衛,32330002,2026/6/30,2020/5/12,2020/5/12
,814-0002,福岡市早良区西新五丁目１５番１０号,,092-821-3791,一期,飲食店営業,一般食堂,福,早保衛,32010019,2026/6/30,2020/5/12,2020/5/12
社会福祉法人　福岡市手をつなぐ育成会,819-0006,福岡市西区姪浜駅南四丁目１０番１３号,,092-882-0432,ひまわり園,菓子製造業,一般,福,西保衛,32060001,2026/6/30,2020/5/12,2008/4/2
,819-0373,福岡市西区周船寺一丁目１１番１６号２Ｆ,,092-776-7149,Ｂａｒ　ＫＯＨＫＩＣＨＩ,飲食店営業,一般食堂,福,西保衛,32010018,2026/6/30,2020/5/12,2020/5/12
福岡市漁業協同組合,819-0013,福岡市西区愛宕浜四丁目４９番１号,,092-881-0025,あこめ,魚介類販売業,一般,福,西保衛,32140001,2026/6/30,2020/5/12,2002/6/5
福岡市漁業協同組合,819-0203,福岡市西区小田字池ノ浦地先,,092-809-2311,唐泊漁師直売所,魚介類販売業,一般,福,西保衛,32140002,2026/6/30,2020/5/12,2002/5/14
ロイヤルフードサービス株式会社,819-0005,福岡市西区内浜一丁目７番６号,,092-881-8899,ロイヤルホスト姪浜店,飲食店営業,レストラン,福,西保衛,32020003,2026/6/30,2020/5/12,1996/4/30
,813-0031,福岡市東区八田二丁目１８番１９号,,092-691-2348,そば処 しば田,飲食店営業,一般食堂,福,東保衛,32020003,2026/6/30,2020/5/13,1984/6/9
株式会社 喰道楽,812-0061,福岡市東区筥松二丁目２４番３５号,,,博多とよ唐亭筥松店,飲食店営業,弁当屋,福,東保衛,32010024,2026/6/30,2020/5/13,2020/5/13
,810-0041,福岡市中央区大名二丁目１０番３１号,ネオハイツ天神１Ｆ　１０２号,092-724-4555,マルワ食堂,飲食店営業,一般食堂,福,中保衛,32020006,2026/6/30,2020/5/13,2014/5/20
,810-0012,福岡市中央区白金一丁目１６番１５号,クラレマンション白金１０２,092-406-5964,鳥玄,飲食店営業,一般食堂,福,中保衛,32020007,2026/6/30,2020/5/13,2014/6/6
株式会社笑吉,810-0041,福岡市中央区大名二丁目１番５９号,大産西通ビル４Ｆ,092-721-0303,ねじ八,飲食店営業,一般食堂,福,中保衛,32010108,2026/6/30,2020/5/13,2020/5/13
株式会社イムザック,810-0003,福岡市中央区春吉二丁目４番１１号,リヴィエールシャン８階,092-739-5333,鉄板焼　なか乃,そうざい製造業,なし,福,中保衛,32570004,2026/6/30,2020/5/13,2020/5/13
株式会社ミーナ,810-0023,福岡市中央区警固二丁目１６番２０号,朝日プラザ赤坂１Ｆ,092-751-3840,ベーカリー　シャトール,菓子製造業,一般,福,中保衛,32050012,2026/6/30,2020/5/13,2020/5/13
株式会社ミーナ,810-0023,福岡市中央区警固二丁目１６番２０号,朝日プラザ赤坂１Ｆ,092-751-3840,ベーカリー　シャトール,飲食店営業,弁当屋,福,中保衛,32010098,2026/6/30,2020/5/13,2020/5/13
,810-0014,福岡市中央区平尾四丁目４番１０号,橋詰ビル１階,092-531-9800,キッチン　デリ太,飲食店営業,弁当屋,福,中保衛,32010090,2026/6/30,2020/5/13,2020/5/13
株式会社ＷＨＩＳＫＥＲ,810-0041,福岡市中央区大名一丁目３番５－１号,ＡＲＣＣＵＢＥⅡ２０２,092-752-2123,酔リミチスタンド　マチルダ,飲食店営業,バー,福,中保衛,32010093,2026/6/30,2020/5/13,2020/5/13
株式会社田しゅう,810-0041,福岡市中央区大名一丁目３番６－１０２号,,092-725-5007,もつ鍋　田しゅう,飲食店営業,一般食堂,福,中保衛,32010106,2026/6/30,2020/5/13,2020/5/13
株式会社田しゅう,810-0041,福岡市中央区大名一丁目３番６－１０２号,,092-725-5007,もつ鍋　田しゅう,食肉販売業,一般,福,中保衛,32330040,2026/6/30,2020/5/13,2020/5/13
株式会社一刻堂,810-0003,福岡市中央区春吉三丁目１５番７号,,092-725-2215,一刻堂　はなれ,魚介類販売業,一般,福,中保衛,32130011,2026/6/30,2020/5/13,2020/5/13
株式会社慶州,810-0002,福岡市中央区西中洲２番１７号,,092-739-8245,もつ鍋慶州　西中洲店,食肉販売業,一般,福,中保衛,32330041,2026/6/30,2020/5/13,2020/5/13
,810-0045,福岡市中央区草香江二丁目２番５号,,092-751-1589,月川,食肉販売業,一般,福,中保衛,32330039,2026/6/30,2020/5/13,2020/5/13
,815-0033,福岡市南区大橋一丁目２３番２６号,重松ビル１０１号,092-985-8959,凛家,飲食店営業,一般食堂,福,南保衛,32020005,2026/6/30,2020/5/13,2008/4/25
株式会社　ＮＪＣ,815-0032,福岡市南区塩原四丁目１２番１７号,,092-405-9605,カフェ　ド　トワレ,飲食店営業,一般食堂,福,南保衛,32020004,2026/6/30,2020/5/13,2008/4/17
,814-0112,福岡市城南区友丘二丁目１１番２号,友泉丸一ビル１Ｆ,092-865-1225,スナック　fossette,飲食店営業,一般食堂,福,城保衛,32020001,2026/6/30,2020/5/13,2014/5/15
学校法人中村学園,814-8652,福岡市早良区百道浜一丁目７番６号　８Ｆ,,092-707-5360,中村学園事業部２７１７０,飲食店営業,一般食堂,福,早保衛,32010018,2026/6/30,2020/5/13,2020/5/13
三菱電機ライフサービス株式会社,819-0161,福岡市西区今宿東一丁目１番１号,,092-805-3941,三菱電機パワーデバイス製作所Ａ２棟,飲食店営業,一般食堂,福,西保衛,32020004,2026/6/30,2020/5/13,1996/4/16
株式会社 王将フ－ドサ－ビス,813-0062,福岡市東区松島三丁目７番１３号,,092-622-6688,王将フードサービス 九州工場,めん類製造業,一般,福,東保衛,32560001,2026/6/30,2020/5/14,1981/5/18
,812-0026,福岡市博多区上川端町１４番８号,安東ビル　２Ｆ,092-688-7586,博多　牛や　たん平,飲食店営業,一般食堂,福,博保衛,31010964,2026/6/30,2020/5/14,2020/5/14
,810-0031,福岡市中央区谷一丁目１５番２７号,プレイス六本松１Ｆ,092-771-0045,金魚,飲食店営業,一般食堂,福,中保衛,32020008,2026/6/30,2020/5/14,2008/6/13
株式会社はやと,810-0011,福岡市中央区高砂二丁目１２番３１号,原田ビル１Ｆ,092-522-9249,焼肉　はやと　高砂店,飲食店営業,一般食堂,福,中保衛,32010095,2026/6/30,2020/5/14,2020/5/14
有限会社ＰＨＯＥＮＩＸ,810-0023,福岡市中央区警固一丁目４番２７号,ＫＥＧＯエイトビル２Ｆ,,ＢＲＩＤＧＥ,飲食店営業,バー,福,中保衛,32010094,2026/6/30,2020/5/14,2020/5/14
,810-0002,福岡市中央区西中洲１０番６号,ラビリンスビル４Ｆ,092-724-3005,ミュージックバー　グラミー,飲食店営業,一般食堂,福,中保衛,32010115,2026/6/30,2020/5/14,2020/5/14
ＣＵＣＣＡ株式会社,810-0003,福岡市中央区春吉三丁目２５番２１号,２－Ｂ,092-753-7509,クッカーニャ　ハカタ,飲食店営業,レストラン,福,中保衛,32010112,2026/6/30,2020/5/14,2020/5/14
,810-0062,福岡市中央区荒戸三丁目１番２号,,,Burgers & Beers B.R.E.W,飲食店営業,バー,福,中保衛,32010096,2026/6/30,2020/5/14,2020/5/14
,810-0011,福岡市中央区高砂一丁目６番６号,サンクス高砂１０１,092-401-1819,嗣味,飲食店営業,一般食堂,福,中保衛,32010092,2026/6/30,2020/5/14,2020/5/14
株式会社ダイキョープラザ,811-1321,福岡市南区柳瀬一丁目３２番１１号,,092-581-5812,ダイキョープラザ惣菜部,飲食店営業,弁当屋,福,南保衛,32020008,2026/6/30,2020/5/14,1983/7/1
ＭｏｎｋｅｙＨｏｕｓｅ合同会社,815-0041,福岡市南区野間一丁目６番３１号,山部ビル１F,,小さな韓国あぷろ　高宮店,飲食店営業,一般食堂,福,南保衛,32020007,2026/6/30,2020/5/14,2014/5/16
,814-0002,福岡市早良区西新四丁目９番１４号,,092-821-5823,あっぱれ食堂,飲食店営業,一般食堂,福,早保衛,32020004,2026/6/30,2020/5/14,1996/4/9
,814-0011,福岡市早良区高取二丁目１７番５０号,,092-843-2873,東家,飲食店営業,一般食堂,福,早保衛,32020003,2026/6/30,2020/5/14,2002/4/26
,814-0011,福岡市早良区高取一丁目２９番１０号　１Ｆ,,092-847-7297,のん木,飲食店営業,一般食堂,福,早保衛,32020005,2026/6/30,2020/5/14,2002/4/23
,814-0004,福岡市早良区曙一丁目１１番１号,ハイツ曙　２０７号,,Good up Coffee,菓子製造業,一般,福,早保衛,32050002,2026/6/30,2020/5/14,2020/5/14
株式会社　池住宅,819-0379,福岡市西区北原一丁目１８番３号,,092-806-1528,ラーメン大吉,飲食店営業,一般食堂,福,西保衛,32020005,2026/6/30,2020/5/14,2008/5/1
,819-0373,福岡市西区周船寺一丁目１２番１５号,,092-807-2265,地産地匠　きしだ,飲食店営業,一般食堂,福,西保衛,32020006,2026/6/30,2020/5/14,2008/5/2
,813-0044,福岡市東区千早一丁目９番２号,,092-672-2984,たけや精肉店,食肉販売業,一般,福,東保衛,32340004,2026/6/30,2020/5/15,2008/4/21
日本レストランシステム 株式会社,811-0202,福岡市東区和白三丁目１９番２１号,,092-606-9933,ケーキワークス九州,菓子製造業,一般,福,東保衛,32060002,2026/6/30,2020/5/15,2008/6/10
,812-0054,福岡市東区馬出二丁目２番２９号,,092-651-4106,下川豆腐店,豆腐製造業,なし,福,東保衛,32520001,2026/6/30,2020/5/15,1991/6/26
,813-0034,福岡市東区多の津五丁目３番２１号,,092-611-4022,酔って味店,飲食店営業,一般食堂,福,東保衛,32020005,2026/6/30,2020/5/15,2002/5/28
株式会社　イマリ,812-0857,福岡市博多区西月隈二丁目６番４１号,,092-409-6073,辛麺屋　道　西月隈店,めん類製造業,生めん,福,博保衛,32550001,2026/6/30,2020/5/15,2020/5/15
,812-0884,福岡市博多区寿町三丁目１番３５号,２Ｆ,,ｅｍｕ,飲食店営業,バー,福,博保衛,32010001,2026/6/30,2020/5/15,2020/5/15
,810-0002,福岡市中央区西中洲１２番１０号,西中洲ビルＢ１,092-751-0212,すっぽん料理　前田,飲食店営業,一般食堂,福,中保衛,32020012,2026/6/30,2020/5/15,2002/4/11
,810-0044,福岡市中央区六本松四丁目９番１０号,六本松センタービル１Ｆ,092-724-7307,ホワイトハウス,飲食店営業,一般食堂,福,中保衛,32020013,2026/6/30,2020/5/15,2014/5/29
,810-0074,福岡市中央区大手門三丁目８番１４号,,092-712-4732,大手門屯所,飲食店営業,一般食堂,福,中保衛,32020011,2026/6/30,2020/5/15,1996/5/7
株式会社Ｇｉｖｉｎｇ　ｍａｎ,810-0041,福岡市中央区大名一丁目２番１５号,ＧＦＳＱＵＡＲＥ大名１Ｆ,092-725-8277,Ｙｏｒｇｏ／餃子のラスベガス,飲食店営業,一般食堂,福,中保衛,32010116,2026/6/30,2020/5/15,2020/5/15
,810-0001,福岡市中央区天神三丁目６番１７号,Ｓビル３Ｆ,092-734-0103,Ｂａｒ　Ｊ,飲食店営業,バー,福,中保衛,32010099,2026/6/30,2020/5/15,2020/5/15
有限会社グリーンズやま幸,811-1103,福岡市早良区四箇三丁目１０番２２号,,092-812-0237,グリーンズやま幸,そうざい製造業,なし,福,早保衛,32580001,2026/6/30,2020/5/15,1986/4/22
,814-0011,福岡市早良区高取二丁目３番２号,,092-843-1013,招ふく,飲食店営業,一般食堂,福,早保衛,32020008,2026/6/30,2020/5/15,2002/6/26
,814-0002,福岡市早良区西新一丁目１２番２５号,吉岡ビル　１Ｆ,,スナック　歌泉,飲食店営業,バー,福,早保衛,32010015,2026/6/30,2020/5/15,2020/5/15
,814-0021,福岡市早良区荒江二丁目１４番５号,,092-846-2407,珠畔,飲食店営業,一般食堂,福,早保衛,32020007,2026/6/30,2020/5/15,1980/5/22
,819-0031,福岡市西区橋本二丁目２７番２号,木の葉モール橋本１Ｆ,050-5360-4487,ＢＡＮＫＳ,飲食店営業,主として喫茶,福,西保衛,32010017,2026/6/30,2020/5/15,2020/5/15
株式会社 マルキョウ,813-0044,福岡市東区千早一丁目９番２号,,092-672-7277,(株)マルキョウ 千早店,飲食店営業,弁当屋,福,東保衛,32020009,2026/6/30,2020/5/18,1996/5/30
有限会社 シンコー,812-0053,福岡市東区箱崎四丁目９番３０号,,092-651-7238,ほっともっと 箱崎店,飲食店営業,弁当屋,福,東保衛,32020008,2026/6/30,2020/5/18,2008/4/21
株式会社玄風館,813-0013,福岡市東区香椎駅前二丁目１番２３号,イノウエビル１・２F,092-661-5074,玄風館 香椎店,飲食店営業,一般食堂,福,東保衛,32020007,2026/6/30,2020/5/18,2008/5/19
,813-0013,福岡市東区香椎駅前二丁目１５番５０号,橋口ビル１Ｆ,,麺にし村,飲食店営業,一般食堂,福,東保衛,32010027,2026/6/30,2020/5/18,2020/5/18
,813-0036,福岡市東区若宮三丁目１番２９号,,092-201-0330,ハンバーガー工房　ｇｒｉｎｇｒｉｎ若宮,飲食店営業,一般食堂,福,東保衛,32020006,2026/6/30,2020/5/18,2002/6/21
株式会社 田島屋味噌醸造元,813-0003,福岡市東区香住ヶ丘二丁目３番３３号,,092-681-0935,田島屋味噌,食肉販売業,一般,福,東保衛,32340005,2026/6/30,2020/5/18,1987/4/7
株式会社　オーシャンフーズ,812-0006,福岡市博多区上牟田三丁目３番１３号,,092-472-0302,株式会社　オーシャンフーズ,魚介類販売業,冷凍魚介類,福,博保衛,32140001,2026/6/30,2020/5/18,1993/4/30
,812-0017,福岡市博多区美野島二丁目２６番２５号,,,居酒屋　ざっくばらん,飲食店営業,一般食堂,福,博保衛,32020002,2026/6/30,2020/5/18,1996/5/15
株式会社　ＬＦＤ　ＪＡＰＡＮ,812-0013,福岡市博多区博多駅東二丁目９番２０号,１Ｆ,092-292-8738,博多もつ鍋　前田屋　総本店,食肉販売業,一般,福,博保衛,32330020,2026/6/30,2020/5/18,2020/5/18
,810-0071,福岡市中央区那の津一丁目７番２号,,092-724-9664,ひろ,飲食店営業,一般食堂,福,中保衛,32020015,2026/6/30,2020/5/18,1996/4/4
,810-0022,福岡市中央区薬院三丁目７番８号,スクエア薬院プレミアム１Ｆ,092-523-6061,旬鮨季酒　赤石,飲食店営業,すし屋,福,中保衛,32020016,2026/6/30,2020/5/18,2008/6/10
株式会社まつや,810-0041,福岡市中央区大名二丁目１番５５号,万ビル１Ｆ,,１０ＰＰ,飲食店営業,一般食堂,福,中保衛,32010103,2026/6/30,2020/5/18,2020/5/18
ＨＯＲＮＥＴ株式会社,810-0003,福岡市中央区春吉三丁目１１番１９号,パノラマスクエア博多１０３号,092-981-2167,スズメバチ,飲食店営業,一般食堂,福,中保衛,32010125,2026/6/30,2020/5/18,2020/5/18
株式会社木庭酒店,810-0022,福岡市中央区薬院一丁目１２番１８号,,092-741-1504,株式会社　木庭酒店,飲食店営業,一般食堂,福,中保衛,32010127,2026/6/30,2020/5/18,2020/5/18
株式会社慶州,810-0021,福岡市中央区今泉一丁目３番２２号,,092-717-2288,ゴールデンビーフ,食肉販売業,一般,福,中保衛,32330043,2026/6/30,2020/5/18,2020/5/18
,810-0003,福岡市中央区春吉一丁目７番２１号,春吉ビル１Ｆ,092-600-4742,濃厚担担麺博多昊,めん類製造業,一般,福,中保衛,32550002,2026/6/30,2020/5/18,2020/5/18
,810-0021,福岡市中央区今泉二丁目１番７５号,,092-516-3996,ｃｏｍｏ　ｅｓ,飲食店営業,一般食堂,福,中保衛,32010124,2026/6/30,2020/5/18,2020/5/18
株式会社ゆめマート熊本,810-0042,福岡市中央区赤坂一丁目９番１号,,092-714-3680,サニー赤坂,飲食店営業,弁当屋,福,中保衛,32020017,2026/6/30,2020/5/18,2008/6/26
,811-1343,福岡市南区和田一丁目４番１号,１４１ビル　１階,092-555-6956,遊膳酒家わらび,飲食店営業,一般食堂,福,南保衛,32010023,2026/6/30,2020/5/18,2020/5/18
株式会社ゆめマート熊本,815-0042,福岡市南区若久五丁目２５番５号,,092-561-1132,サニー若久,魚介類販売業,一般,福,南保衛,32140002,2026/6/30,2020/5/18,1996/4/22
有限会社スパイラル,814-0161,福岡市早良区飯倉二丁目１番４号,,092-822-0767,（有）スパイラル,飲食店営業,一般食堂,福,早保衛,32020010,2026/6/30,2020/5/18,2014/4/22
,814-0031,福岡市早良区南庄六丁目５番６号,,092-847-0666,勝本,飲食店営業,一般食堂,福,早保衛,32020009,2026/6/30,2020/5/18,1996/5/8
,814-0002,福岡市早良区西新四丁目９番３－３号,,,西新カレー,飲食店営業,一般食堂,福,早保衛,32010023,2026/6/30,2020/5/18,2020/5/18
,814-0002,福岡市早良区西新五丁目１番２３号,,092-851-7277,あっちゃん亭,飲食店営業,一般食堂,福,早保衛,32010021,2026/6/30,2020/5/18,2020/5/18
サントリービバレッジソリューション株式会社,819-0025,福岡市西区石丸三丁目２番１１号,,092-891-7295,郵便事業株式会社　福岡西支店,喫茶店営業,自動販売機,福,西保衛,32240001,2026/6/30,2020/5/18,2008/6/24
株式会社 タカキベーカリー,812-0062,福岡市東区松島一丁目１４番３４号,,092-611-1141,株式会社タカキベーカリー　福岡工場,飲食店営業,弁当屋,福,東保衛,32020013,2026/6/30,2020/5/19,1996/4/18
,813-0001,福岡市東区唐原七丁目２番８号,山愛コーポ１F,092-661-7021,でん坊,飲食店営業,一般食堂,福,東保衛,32020010,2026/6/30,2020/5/19,2008/5/16
株式会社わたし,813-0013,福岡市東区香椎駅前一丁目１９番４０号,,092-692-5115,もてなし処はよいこ,飲食店営業,一般食堂,福,東保衛,32010018,2026/6/30,2020/5/19,2020/5/19
株式会社ココスジャパン,812-0068,福岡市東区社領三丁目１９番２８号,,,ココス二又瀬店,飲食店営業,一般食堂,福,東保衛,32020012,2026/6/30,2020/5/19,2008/6/26
株式会社ＵＤＣ,813-0034,福岡市東区多の津四丁目８番１号,,092-622-1313,ランチプラザ,飲食店営業,弁当屋,福,東保衛,32020014,2026/6/30,2020/5/19,2008/6/23
株式会社　なの花九州,813-0002,福岡市東区下原二丁目２４番地３６号,,092-663-8585,香椎丘リハビリテーション病院,飲食店営業,一般食堂,福,東保衛,32020011,2026/6/30,2020/5/19,2008/5/26
株式会社　ユニバース福岡,810-0801,福岡市博多区中洲二丁目３番１７号,第７ラインビル　６階　１号室,092-263-9140,クラブ　水沢,飲食店営業,カフェー,福,博保衛,32010087,2026/6/30,2020/5/19,2020/5/19
株式会社　エムズ,810-0801,福岡市博多区中洲五丁目６番２４号,第６ガーデンビル　１Ｆ,092-292-5656,Ｂａｒ　Ｖｉｔａ,飲食店営業,一般食堂,福,博保衛,32020010,2026/6/30,2020/5/19,2014/5/22
株式会社　しょうき企画,810-0801,福岡市博多区中洲四丁目６番１０号,大洋ビル１，２Ｆ,092-271-4477,大衆居食家　しょうき,飲食店営業,一般食堂,福,博保衛,32020004,2026/6/30,2020/5/19,2008/5/2
,812-0885,福岡市博多区相生町二丁目４番６号,,092-575-0039,博多もつ鍋　でん,飲食店営業,一般食堂,福,博保衛,32020008,2026/6/30,2020/5/19,2014/5/15
株式会社　三福,812-0894,福岡市博多区諸岡三丁目２２番２１号,,092-575-3711,株式会社　三福,飲食店営業,仕出し,福,博保衛,32020005,2026/6/30,2020/5/19,1991/4/11
ハーモナイズ・エンターテイメントサービス　株式会社,810-0801,福岡市博多区中洲四丁目１番１９号,,,ＡＮＤＡＮＴＥ,飲食店営業,一般食堂,福,博保衛,32010081,2026/6/30,2020/5/19,2020/5/19
海底撈　株式会社,810-0801,福岡市博多区中洲二丁目３番８号,福岡Ｇ－ＣＵＢＥ　ＮＡＫＡＳＵビル　７，８階,,海底撈,飲食店営業,中華店,福,博保衛,32010019,2026/6/30,2020/5/19,2020/5/19
海底撈　株式会社,810-0801,福岡市博多区中洲二丁目３番８号,福岡Ｇ－ＣＵＢＥ　ＮＡＫＡＳＵビル　７，８階,,海底撈,魚介類販売業,一般,福,博保衛,32130002,2026/6/30,2020/5/19,2020/5/19
海底撈　株式会社,810-0801,福岡市博多区中洲二丁目３番８号,福岡Ｇ－ＣＵＢＥ　ＮＡＫＡＳＵビル　７，８階,,海底撈,食肉販売業,一般,福,博保衛,32330003,2026/6/30,2020/5/19,2020/5/19
株式会社　博多魚好亭,812-0011,福岡市博多区博多駅前二丁目１６番４号,駅前中央ビル　１Ｆ,092-473-0590,味処いきつき,飲食店営業,一般食堂,福,博保衛,32010084,2026/6/30,2020/5/19,2020/5/19
株式会社　博多魚好亭,812-0011,福岡市博多区博多駅前二丁目１７番１５号,ＮＰＣビル　１Ｆ,092-474-0326,魚好亭,飲食店営業,一般食堂,福,博保衛,32010083,2026/6/30,2020/5/19,2020/5/19
株式会社　ＴＡＴ企画,812-0011,福岡市博多区博多駅前四丁目３３番１号,ＫＭビル　１Ｆ,092-483-3368,カフェアンドバー　ＳｈａｎａｎａⅠⅠⅠ,飲食店営業,バー,福,博保衛,32010078,2026/6/30,2020/5/19,2020/5/19
,812-0013,福岡市博多区博多駅東一丁目１３番１８号,ＡＬビル　１Ｆ,050-6862-9060,ＤＩＮＩＮＧ　藁の火,飲食店営業,一般食堂,福,博保衛,32020014,2026/6/30,2020/5/19,2014/4/4
,810-0801,福岡市博多区中洲二丁目５番２０号,第６ラインビル　３Ｆ,092-263-1350,Ａｍａｌｆｉ,飲食店営業,カフェー,福,博保衛,32020009,2026/6/30,2020/5/19,2014/4/9
有限会社　都,812-0038,福岡市博多区祇園町４番６８号,,092-271-7484,都,飲食店営業,一般食堂,福,博保衛,32020012,2026/6/30,2020/5/19,2002/5/8
,812-0026,福岡市博多区上川端町３番１５号,,092-291-6350,中洲ぜんざい,飲食店営業,一般食堂,福,博保衛,32020007,2026/6/30,2020/5/19,1984/4/25
,812-0026,福岡市博多区上川端町３番１５号,,092-291-6350,中洲ぜんざい,菓子製造業,一般,福,博保衛,32060001,2026/6/30,2020/5/19,1984/4/25
,812-0034,福岡市博多区下呉服町４番１３号,トーカンＭ　１０２,092-260-9095,ひだりうま,飲食店営業,一般食堂,福,博保衛,32020013,2026/6/30,2020/5/19,2014/5/2
,812-0017,福岡市博多区美野島一丁目１３番７号,,092-292-1146,チキチキバンバン,飲食店営業,一般食堂,福,博保衛,32020006,2026/6/30,2020/5/19,2014/6/19
,810-0801,福岡市博多区中洲二丁目４番１６号,中英ビル　１Ｆ,092-291-5625,くすしゃん,飲食店営業,一般食堂,福,博保衛,32020011,2026/6/30,2020/5/19,1980/5/9
樹ホテルズジャパン株式会社,810-0004,福岡市中央区渡辺通二丁目１番８２号,電気ビル北館１Ｆ,092-738-5433,プロント福岡電気ビル北館店,飲食店営業,一般食堂,福,中保衛,32020025,2026/6/30,2020/5/19,2014/5/14
,810-0004,福岡市中央区渡辺通五丁目２０番７号,上野ビル１F,092-716-2161,セブンイレブン福岡渡辺通５丁目店,飲食店営業,一般食堂,福,中保衛,32020023,2026/6/30,2020/5/19,2014/6/9
,810-0074,福岡市中央区大手門三丁目３番２４号,小金丸ビル１Ｆ,092-724-3946,讃岐うどん　志成,飲食店営業,うどん屋,福,中保衛,32020026,2026/6/30,2020/5/19,2008/4/24
,810-0042,福岡市中央区赤坂一丁目３番２１号,赤坂丸ビル１号１Ｆ,092-712-8580,アイリッシュ・パブ・スロンチャ,飲食店営業,一般食堂,福,中保衛,32020022,2026/6/30,2020/5/19,1996/5/24
,810-0022,福岡市中央区薬院二丁目１０番１号,王丸ビル１Ｆ,092-781-3697,そば処　まさや,飲食店営業,一般食堂,福,中保衛,32020024,2026/6/30,2020/5/19,1996/4/18
,810-0023,福岡市中央区警固二丁目９番１６号,ペントハウス警固２Ｄ,,串揚げ　優,飲食店営業,一般食堂,福,中保衛,32010097,2026/6/30,2020/5/19,2020/5/19
,810-0011,福岡市中央区高砂一丁目２２番１１号,ＡＸＥ－Ｍ１０１,092-526-5338,高砂　かなえ,飲食店営業,一般食堂,福,中保衛,32010086,2026/6/30,2020/5/19,2020/5/19
,810-0014,福岡市中央区平尾二丁目１３番２２号,ティサ―ジュ平尾１０２号,092-522-8989,居酒屋天までとどけ,飲食店営業,一般食堂,福,中保衛,32010104,2026/6/30,2020/5/19,2020/5/19
株式会社慶州,810-0042,福岡市中央区赤坂一丁目６番１５号,日新ビル１階,092-716-0530,焼肉慶州　赤坂店,食肉販売業,一般,福,中保衛,32330044,2026/6/30,2020/5/19,2020/5/19
,810-0041,福岡市中央区大名一丁目５番５号,月光ビル１Ｆ,092-725-5050,黒猫屋珈琲店,飲食店営業,一般食堂,福,中保衛,32010130,2026/6/30,2020/5/19,2020/5/19
,810-0022,福岡市中央区薬院二丁目４番３５号,エステートモアシャトー薬院１０６号,092-716-0661,麺道　はなもこし,めん類製造業,生めん,福,中保衛,32550003,2026/6/30,2020/5/19,2020/5/19
株式会社ＬＥＯＣ,810-0034,福岡市中央区笹丘一丁目２８番２５号,博愛会病院内２Ｆ,092-741-3553,博愛会病院　職員食堂,飲食店営業,一般食堂,福,中保衛,32020021,2026/6/30,2020/5/19,2014/4/3
株式会社ＦＵＮＫＹ,810-0041,福岡市中央区大名二丁目２番５２号,２００１ＭＴビル１階,092-732-5029,焼肉どん²　博多大名店,飲食店営業,一般食堂,福,中保衛,32010133,2026/6/30,2020/5/19,2020/5/19
アトモスダイニング株式会社,815-0033,福岡市南区大橋一丁目９番１０号,,092-561-8558,炉ばた屋　ちゃってん,飲食店営業,一般食堂,福,南保衛,32020009,2026/6/30,2020/5/19,2008/4/21
,815-0033,福岡市南区大橋一丁目８番８号,一丁目八番地ビル４Ｆ,,ＭＡＪＥＳＴＩＣ,飲食店営業,一般食堂,福,南保衛,32010018,2026/6/30,2020/5/19,2020/5/19
,815-0042,福岡市南区若久一丁目３１番１６号,,092-511-7471,笑門,飲食店営業,一般食堂,福,南保衛,32020010,2026/6/30,2020/5/19,1977/5/20
,814-0142,福岡市城南区片江五丁目１番４８号,１Ｆ,092-801-7712,長浜ラーメン德川,飲食店営業,一般食堂,福,城保衛,32020002,2026/6/30,2020/5/19,2002/4/10
,814-0003,福岡市早良区城西三丁目２番６号,,092-846-8455,スナック　ラマン,飲食店営業,一般食堂,福,早保衛,32020012,2026/6/30,2020/5/19,1996/5/29
,811-1121,福岡市早良区西入部四丁目３０番１号,,092-804-2703,鵜来巣,飲食店営業,一般食堂,福,早保衛,32010022,2026/6/30,2020/5/19,2020/5/19
,811-1121,福岡市早良区西入部四丁目３０番１号,,092-804-2703,鵜来巣,菓子製造業,一般,福,早保衛,32050003,2026/6/30,2020/5/19,2020/5/19
,811-1121,福岡市早良区西入部四丁目３０番１号,,092-804-2703,鵜来巣,そうざい製造業,なし,福,早保衛,32570001,2026/6/30,2020/5/19,2020/5/19
,819-0043,福岡市西区野方一丁目２２番２４号,樋口ビル１Ｆ,092-811-3833,カリーカフェ　ユーカリー,飲食店営業,一般食堂,福,西保衛,32020007,2026/6/30,2020/5/19,2008/5/12
,813-0044,福岡市東区千早一丁目９番５号,,092-671-4408,ロン・ポワン,菓子製造業,一般,福,東保衛,32060004,2026/6/30,2020/5/20,1996/6/28
,813-0044,福岡市東区千早一丁目９番５号,,092-671-4408,ロン・ポワン,飲食店営業,弁当屋,福,東保衛,32020016,2026/6/30,2020/5/20,1996/6/28
,813-0036,福岡市東区若宮五丁目２５番２８号,ＫＰシティＡ棟１０２号室,092-661-3131,御食事処 二本杉,飲食店営業,一般食堂,福,東保衛,32020015,2026/6/30,2020/5/20,2014/4/30
株式会社 きねや,812-0063,福岡市東区原田一丁目２４番３７号,,092-622-1098,きねや原田店,めん類製造業,一般,福,東保衛,32550001,2026/6/30,2020/5/20,2020/5/20
株式会社 きねや,812-0063,福岡市東区原田一丁目２４番３７号,,092-622-1098,きねや原田店,食肉販売業,一般,福,東保衛,32330012,2026/6/30,2020/5/20,2020/5/20
ＰＡＲＫコーポレーション株式会社,813-0012,福岡市東区香椎駅東四丁目２６番１４号,,092-672-0755,ソウル館,飲食店営業,一般食堂,福,東保衛,32010029,2026/6/30,2020/5/20,2020/5/20
ＰＡＲＫコーポレーション株式会社,813-0012,福岡市東区香椎駅東四丁目２６番１４号,,092-672-0755,ソウル館,食肉販売業,一般,福,東保衛,32330011,2026/6/30,2020/5/20,2020/5/20
カステリアダイニング　株式会社,812-0013,福岡市博多区博多駅東一丁目１番３３号,はかた近代ビル　Ｂ１Ｆ,,口福や,飲食店営業,仕出し,福,博保衛,32010072,2026/6/30,2020/5/20,2020/5/20
カステリアダイニング　株式会社,812-0013,福岡市博多区博多駅東一丁目１番３３号,はかた近代ビル　Ｂ１Ｆ,,めんそーれ,飲食店営業,仕出し,福,博保衛,32010073,2026/6/30,2020/5/20,2020/5/20
カステリアダイニング　株式会社,812-0013,福岡市博多区博多駅東一丁目１番３３号,はかた近代ビル　Ｂ１Ｆ,,黒川屋,飲食店営業,仕出し,福,博保衛,32010071,2026/6/30,2020/5/20,2020/5/20
カステリアダイニング　株式会社,812-0013,福岡市博多区博多駅東一丁目１番３３号,はかた近代ビル　Ｂ１Ｆ,,魚がし,飲食店営業,仕出し,福,博保衛,32010075,2026/6/30,2020/5/20,2020/5/20
カステリアダイニング　株式会社,812-0013,福岡市博多区博多駅東一丁目１番３３号,はかた近代ビル　Ｂ１Ｆ,,カステリア,飲食店営業,仕出し,福,博保衛,32010074,2026/6/30,2020/5/20,2020/5/20
カステリアダイニング　株式会社,812-0013,福岡市博多区博多駅東一丁目１番３３号,はかた近代ビル　Ｂ１Ｆ,,デリデリ,飲食店営業,仕出し,福,博保衛,32010076,2026/6/30,2020/5/20,2020/5/20
,812-0017,福岡市博多区美野島三丁目１２番１１号,１Ｆ,092-483-3636,みわＣｕｒｒｙ,飲食店営業,一般食堂,福,博保衛,32010089,2026/6/30,2020/5/20,2020/5/20
,810-0801,福岡市博多区中洲四丁目７番２１号,中洲ナカノビル　３階　Ａ・Ｂ号室,092-283-5115,ＩＮＴＥＲＮＡＴＩＯＮＡＬ　ＬＯＵＮＧＥ　ＲＯＹＡＬ　ＱＵＥＥＮ,飲食店営業,カフェー,福,博保衛,32010008,2026/6/30,2020/5/20,2020/5/20
株式会社　Ａ＆Ｉ,810-0801,福岡市博多区中洲三丁目４番６号,多門ビル’８３　６階　Ｄ号室,092-262-6555,メンバーズ　愛乃,飲食店営業,カフェー,福,博保衛,32010085,2026/6/30,2020/5/20,2020/5/20
,812-0028,福岡市博多区須崎町４番１９号,ブライトンハイツ　１Ｆ,092-262-2428,すざき町　食・心　「旬ぎく」,飲食店営業,一般食堂,福,博保衛,32020020,2026/6/30,2020/5/20,2008/5/23
株式会社　エフ・エフ・ビー,812-0011,福岡市博多区博多駅前二丁目１０番１９号,福岡ファッションビル　８Ｆ,092-431-7534,レストラン　まゆ,飲食店営業,レストラン,福,博保衛,32020019,2026/6/30,2020/5/20,1981/5/21
サンシステム　株式会社,812-0011,福岡市博多区博多駅前二丁目１５番６号,ＩＫビル　１Ｆ,092-451-0107,花よし,飲食店営業,一般食堂,福,博保衛,32020018,2026/6/30,2020/5/20,2002/4/22
株式会社　西鉄ストア,812-0012,福岡市博多区博多駅中央街２番１号,博多バスターミナル　Ｂ１Ｆ,,レガネットキュート　博多バスターミナル店,飲食店営業,弁当屋,福,博保衛,32020017,2026/6/30,2020/5/20,2014/4/2
,812-0018,福岡市博多区住吉四丁目１１番１４号,,,百百ちゃん,飲食店営業,一般食堂,福,博保衛,32020016,2026/6/30,2020/5/20,2014/4/3
,810-0042,福岡市中央区赤坂二丁目３番２２号,,092-741-9246,岩永商店,魚介類販売業,冷凍魚介類,福,中保衛,32140003,2026/6/30,2020/5/20,1993/4/20
,810-0041,福岡市中央区大名一丁目１１番２２－１号,メトロポール２Ｆ,092-771-7490,ＢＡＲ　ちょっくら,飲食店営業,一般食堂,福,中保衛,32020027,2026/6/30,2020/5/20,2014/6/26
,810-0021,福岡市中央区今泉二丁目３番３８号,ピュア天神１Ｆ,092-724-9600,大どころ,飲食店営業,一般食堂,福,中保衛,32020028,2026/6/30,2020/5/20,2014/5/22
,810-0005,福岡市中央区清川三丁目２７番８号,,092-522-0288,天ぷら岩永,飲食店営業,一般食堂,福,中保衛,32020029,2026/6/30,2020/5/20,2008/4/11
有限会社　肉の山田屋,810-0014,福岡市中央区平尾二丁目８番１３号,,092-521-0058,（有）肉の山田屋,食肉販売業,一般,福,中保衛,32340004,2026/6/30,2020/5/20,1996/4/8
社会福祉法人　福岡市手をつなぐ育成会,810-0001,福岡市中央区天神一丁目８番１号,市役所地下「星の広場」内,092-713-3415,ｃａｆｅ　ｓｕｎ　ｆｌｏｗｅｒ,飲食店営業,一般食堂,福,中保衛,32020032,2026/6/30,2020/5/20,2002/4/15
響コーポレーション株式会社,810-0029,福岡市中央区平尾浄水町４番３６号,,092-401-0666,平尾浄水　ＴＨＥ　ＳＨＡＫＥ,飲食店営業,一般食堂,福,中保衛,32010128,2026/6/30,2020/5/20,2020/5/20
,810-0032,福岡市中央区輝国二丁目１７番２６号,,,ｔ－Ｌａｂ,菓子製造業,一般,福,中保衛,32050016,2026/6/30,2020/5/20,2020/5/20
株式会社大倉ビル,810-0004,福岡市中央区渡辺通五丁目２４番３０号,東カン第一福岡ビル３Ｆ,092-401-0311,寝太郎　福岡天神店,飲食店営業,一般食堂,福,中保衛,32010102,2026/6/30,2020/5/20,2020/5/20
株式会社吉プランニング,810-0041,福岡市中央区大名一丁目８番３４号,ＡＲＴＫ’Ｓ大名５Ｆ,092-406-8707,大吉　和ダイニング,飲食店営業,一般食堂,福,中保衛,32010044,2026/6/30,2020/5/20,2020/5/20
ニケン株式会社,810-0073,福岡市中央区舞鶴一丁目９番２１号,,092-406-9822,ＴＷＯ　ＤＯＧＳ,飲食店営業,一般食堂,福,中保衛,32010137,2026/6/30,2020/5/20,2020/5/20
,810-0005,福岡市中央区清川一丁目２番５号,,092-534-1841,チャコグリ,飲食店営業,一般食堂,福,中保衛,32010138,2026/6/30,2020/5/20,2020/5/20
一冨士フードサービス株式会社,810-0023,福岡市中央区警固一丁目１１番１号,,,４５８８事業所,飲食店営業,一般食堂,福,中保衛,32020030,2026/6/30,2020/5/20,2014/4/4
株式会社福新楼,810-0021,福岡市中央区今泉一丁目１７番８号,,092-771-3141,福新楼,飲食店営業,中華店,福,中保衛,32020031,2026/6/30,2020/5/20,2014/4/10
,811-1302,福岡市南区井尻三丁目１１番１５号,井上ビル１階,092-581-6660,都和,飲食店営業,一般食堂,福,南保衛,32010020,2026/6/30,2020/5/20,2020/5/20
,815-0033,福岡市南区大橋二丁目１３番９号,,092-551-8787,和食　たかもと,飲食店営業,一般食堂,福,南保衛,32020012,2026/6/30,2020/5/20,2014/5/1
株式会社Ａグループ,811-1344,福岡市南区三宅三丁目１３番３５号,,092-553-3200,セブンイレブン福岡三宅３丁目店,飲食店営業,一般食堂,福,南保衛,32010025,2026/6/30,2020/5/20,2020/5/20
株式会社福岡千代家,811-1355,福岡市南区桧原五丁目１０番３４号,,092-564-2526,株式会社　福岡千代家,食肉販売業,一般,福,南保衛,32340003,2026/6/30,2020/5/20,2014/5/8
スターバックスコーヒージャパン株式会社,815-0063,福岡市南区柳河内一丁目２番１号,パセオ野間大池,092-403-0317,スターバックスコーヒー　パセオ野間大池,飲食店営業,一般食堂,福,南保衛,32010007,2026/6/30,2020/5/20,2020/5/20
,814-0104,福岡市城南区別府一丁目１番１号,,092-841-2988,博多しゃぶしゃぶ　あり田,食肉販売業,一般,福,城保衛,32330004,2026/6/30,2020/5/20,2020/5/20
,814-0002,福岡市早良区西新四丁目４番２３－５号,,092-821-7889,亀屋饅頭,菓子製造業,一般,福,早保衛,32060001,2026/6/30,2020/5/20,1978/7/12
,814-0171,福岡市早良区野芥八丁目２５番１１号,,092-555-4200,ワイエスプランニング,菓子製造業,一般,福,早保衛,32050004,2026/6/30,2020/5/20,2020/5/20
エムディフード九州株式会社,813-0016,福岡市東区香椎浜三丁目１２番１号,,092-671-2727,ミスタードーナツ イオンモール香椎浜,菓子製造業,一般,福,東保衛,32050002,2026/6/30,2020/5/21,2020/5/21
エムディフード九州株式会社,813-0016,福岡市東区香椎浜三丁目１２番１号,,092-671-2727,ミスタードーナツ イオンモール香椎浜,飲食店営業,一般食堂,福,東保衛,32010033,2026/6/30,2020/5/21,2020/5/21
東洋水産株式会社,812-0051,福岡市東区箱崎ふ頭六丁目１０番１５号,,092-641-5741,東洋水産（株）,そうざい製造業,なし,福,東保衛,32580001,2026/6/30,2020/5/21,1987/4/15
福岡食肉販売株式会社,812-0055,福岡市東区東浜二丁目８５番地１４,,092-641-6113,福岡市中央卸売市場食肉市場（部分肉施設）,食肉処理業,食肉処理,福,東保衛,32320001,2026/6/30,2020/5/21,2008/4/1
福岡食肉販売株式会社,812-0055,福岡市東区東浜二丁目８５番地１４,,092-641-6113,福岡市中央卸売市場食肉市場（内臓処理室）,食肉処理業,食肉処理,福,東保衛,32320002,2026/6/30,2020/5/21,2008/4/1
株式会社 フルタパン,813-0035,福岡市東区松崎二丁目１８番３号,,092-672-3371,フルタパン,菓子製造業,一般,福,東保衛,32060005,2026/6/30,2020/5/21,1986/5/12
,812-0046,福岡市博多区吉塚本町２番４６号,ＴＫビル　１Ｆ,,和っ家,飲食店営業,一般食堂,福,博保衛,32020024,2026/6/30,2020/5/21,2014/5/12
,810-0801,福岡市博多区中洲二丁目６番１２号,第５ラインビル　５Ｆ,092-291-6289,喜怒哀楽,飲食店営業,一般食堂,福,博保衛,32020023,2026/6/30,2020/5/21,1981/5/30
有限会社　信長,812-0012,福岡市博多区博多駅中央街５番２５号,１Ｆ、２Ｆ,092-413-7231,信長本家,飲食店営業,一般食堂,福,博保衛,32020022,2026/6/30,2020/5/21,1991/4/6
サントリ－ビバレッジソリューション株式会社,812-0888,福岡市博多区板付五丁目１６番３号,,092-573-0007,サトー食鮮館,喫茶店営業,自動販売機,福,博保衛,32230001,2026/6/30,2020/5/21,2020/5/21
,812-0018,福岡市博多区住吉四丁目８番２号,１Ｆ,092-292-2025,ＢＡＲ　まじかるバナナ,飲食店営業,バー,福,博保衛,32020025,2026/6/30,2020/5/21,2014/4/8
有限会社　リカーショップハギオ,810-0062,福岡市中央区荒戸一丁目７番１４－１０１号,,092-715-1092,セブンーイレブン福岡荒戸店,飲食店営業,一般食堂,福,中保衛,32020035,2026/6/30,2020/5/21,2008/5/13
有限会社 建 条,810-0005,福岡市中央区清川二丁目６番５７号,,092-524-8096,ホテル シティ スタイル,飲食店営業,旅館,福,中保衛,32020034,2026/6/30,2020/5/21,2002/6/24
株式会社雷橋,810-0003,福岡市中央区春吉三丁目２２番１７号,協立ビル１Ｆ,092-712-7373,炉ばた三光橋,飲食店営業,一般食堂,福,中保衛,32020036,2026/6/30,2020/5/21,2014/5/20
,810-0022,福岡市中央区薬院二丁目１６番１５号,ＹＡＫＵＩＮ　ＮＴビル１Ｆ,092-711-7017,寿司割烹・黒潮,飲食店営業,すし屋,福,中保衛,32010109,2026/6/30,2020/5/21,2020/5/21
,810-0023,福岡市中央区警固一丁目６番３号,,092-406-8785,ＧＯＯＮＩＥＳ　ＢＵＲＧＥＲ　ＣＬＵＢ／ＳＮＥＡＫ　ＥＡＳＹ,飲食店営業,一般食堂,福,中保衛,32010113,2026/6/30,2020/5/21,2020/5/21
株式会社ＶＳＣ,810-0014,福岡市中央区平尾二丁目２１番１２号,,092-406-7177,にく串や,食肉販売業,一般,福,中保衛,32330046,2026/6/30,2020/5/21,2020/5/21
,815-0033,福岡市南区大橋一丁目２２番１２－２０１号,,092-408-7863,ＢＡＲ　ＶＩＣＴＯＲＹ,飲食店営業,バー,福,南保衛,32020013,2026/6/30,2020/5/21,2014/4/22
株式会社Ａグループ,815-0081,福岡市南区那の川一丁目１３番３４号,,092-531-7377,セブンイレブン福岡那の川１丁目店,飲食店営業,一般食堂,福,南保衛,32010022,2026/6/30,2020/5/21,2020/5/21
,814-0022,福岡市早良区原五丁目３番６号,,,Ｃａｆｅ　Ｐｅｋｏｅ,飲食店営業,一般食堂,福,早保衛,32020017,2026/6/30,2020/5/21,2014/4/21
,814-0033,福岡市早良区有田五丁目１７番１０号,,092-865-4099,ほこちゃん,飲食店営業,一般食堂,福,早保衛,32020020,2026/6/30,2020/5/21,2008/4/7
,814-0002,福岡市早良区西新六丁目８番２０号,メゾンラフィーネ　１Ｆ,092-851-6571,ふじや,飲食店営業,一般食堂,福,早保衛,32010025,2026/6/30,2020/5/21,2020/5/21
株式会社　フィプロ,813-0012,福岡市東区香椎駅東四丁目４６番１０号,,092-681-5566,ほっともっと香椎下原店,飲食店営業,弁当屋,福,東保衛,32020022,2026/6/30,2020/5/22,2014/6/23
株式会社　王将フ－ドサ－ビス,812-0065,福岡市東区二又瀬新町６番１２号,,092-622-6773,餃子の王将　二又瀬店,飲食店営業,一般食堂,福,東保衛,32020023,2026/6/30,2020/5/22,1981/5/29
特定非営利活動法人 にじいろ福祉会,813-0043,福岡市東区名島四丁目２８番５３号,,092-672-2416,小規模作業所 にじいろベーカリー,菓子製造業,一般,福,東保衛,32060006,2026/6/30,2020/5/22,2008/4/22
特定非営利活動法人 にじいろ福祉会,813-0043,福岡市東区名島四丁目２８番５３号,,092-672-2416,小規模作業所 にじいろベーカリー,飲食店営業,一般食堂,福,東保衛,32020019,2026/6/30,2020/5/22,2008/4/22
特定非営利活動法人 ソーシャルサポート相談室,813-0043,福岡市東区名島四丁目１４番３５号,,092-201-4030,なでしこ,飲食店営業,弁当屋,福,東保衛,32020024,2026/6/30,2020/5/22,2008/5/15
,813-0003,福岡市東区香住ヶ丘二丁目４番３１号,,092-663-3077,炭火と海の幸 一歩,飲食店営業,一般食堂,福,東保衛,32020021,2026/6/30,2020/5/22,2002/4/11
,813-0044,福岡市東区千早四丁目１２番３６号,,,Ｐａｒｃｏ Ｍｉｍａｔｓｕ,飲食店営業,一般食堂,福,東保衛,32010028,2026/6/30,2020/5/22,2020/5/22
有限会社 珈琲豆屋,813-0011,福岡市東区香椎一丁目３番３０号,,092-201-2201,Ｎａｎの木　パン工房,菓子製造業,パン,福,東保衛,32060007,2026/6/30,2020/5/22,2014/6/17
スマイルスイッチ　株式会社,812-0011,福岡市博多区博多駅前三丁目２６番５号,Ｍビル　１Ｆ,092-260-1922,炉端イタリアン　フェスタ,飲食店営業,一般食堂,福,博保衛,32020028,2026/6/30,2020/5/22,2014/6/5
,810-0801,福岡市博多区中洲四丁目１番１３号,第１きよたけビル　３Ｆ,092-263-1422,ふじい,飲食店営業,一般食堂,福,博保衛,32020030,2026/6/30,2020/5/22,2002/6/28
有限会社　ジーフーズ,812-0888,福岡市博多区板付一丁目９番４号,,092-433-3937,福岡おもてなし便　福びん,食肉販売業,一般,福,博保衛,32330015,2026/6/30,2020/5/22,2020/5/22
有限会社　ジーフーズ,812-0888,福岡市博多区板付一丁目９番４号,,092-433-3937,福岡おもてなし便　福びん,魚介類販売業,一般,福,博保衛,32130004,2026/6/30,2020/5/22,2020/5/22
有限会社　ジーフーズ,812-0888,福岡市博多区板付一丁目９番４号,,092-433-3937,福岡おもてなし便　福びん,菓子製造業,一般,福,博保衛,32050005,2026/6/30,2020/5/22,2020/5/22
有限会社　ジーフーズ,812-0888,福岡市博多区板付一丁目９番４号,,092-433-3937,福岡おもてなし便　福びん,そうざい製造業,なし,福,博保衛,32570003,2026/6/30,2020/5/22,2020/5/22
有限会社　ジーフーズ,812-0888,福岡市博多区板付一丁目９番４号,,092-433-3937,福岡おもてなし便　福びん,食品の冷凍又は冷蔵業,なし,福,博保衛,32190001,2026/6/30,2020/5/22,2020/5/22
株式会社　ＺＯＮＯＳＴＹＬＥ,812-0025,福岡市博多区店屋町３番３４号,ＴＥＮＹＡビル　１Ｆ,092-710-6818,博多店屋町ゾノブリアン,飲食店営業,一般食堂,福,博保衛,32010090,2026/6/30,2020/5/22,2020/5/22
,812-0884,福岡市博多区寿町二丁目１番２１号,,092-582-7958,スナック　酔湖,飲食店営業,一般食堂,福,博保衛,32020027,2026/6/30,2020/5/22,1992/6/6
株式会社　ＧＲＯＷ,810-0801,福岡市博多区中洲五丁目４番２３号,Ｔｍ－１５ビル　２階,092-710-4161,プルプル市場,食肉販売業,一般,福,博保衛,32330024,2026/6/30,2020/5/22,2020/5/22
有限会社　図南,812-0011,福岡市博多区博多駅前三丁目１１番１７号,ラフォーレ博多駅前　１Ｆ,092-413-8934,越後屋　博多駅前本店,食肉販売業,一般,福,博保衛,32330026,2026/6/30,2020/5/22,2020/5/22
,812-0018,福岡市博多区住吉四丁目１１番１４号,,092-982-5814,百百ちゃん,食肉販売業,一般,福,博保衛,32330025,2026/6/30,2020/5/22,2020/5/22
ＪＲ九州フードサービス　株式会社,812-0012,福岡市博多区博多駅中央街１番１号,博多駅第１ホーム,092-475-9317,まるうまぷらっとラーメン　博多Ｎｏ．１,飲食店営業,一般食堂,福,博保衛,32020032,2026/6/30,2020/5/22,2008/4/25
ＪＲ九州フードサービス　株式会社,812-0012,福岡市博多区博多駅中央街１番１号,博多駅第３ホーム,092-411-8632,博多ホームうどん店Ｎｏ.３,飲食店営業,うどん屋,福,博保衛,32020033,2026/6/30,2020/5/22,2008/5/14
,810-0004,福岡市中央区渡辺通二丁目３番２号,三角市場内,092-724-7033,中国家庭料理　阿信,飲食店営業,中華店,福,中保衛,32020040,2026/6/30,2020/5/22,2008/5/2
株式会社Ｂｅｔｔｅｒサービス,810-0002,福岡市中央区西中洲１２番２１号,ＫＳ第二ビル２階,092-725-1729,博多しゃぶしゃぶ彩,食肉販売業,一般,福,中保衛,32330050,2026/6/30,2020/5/22,2020/5/22
株式会社Ｌｏｖｅ　Ｓｏｎｇ,810-0001,福岡市中央区天神二丁目４番１９号,第８ラインビル５Ｆ,092-752-1244,Ｌｏｖｅ　Ｓｏｎｇ,飲食店営業,バー,福,中保衛,32010146,2026/6/30,2020/5/22,2020/5/22
,810-0021,福岡市中央区今泉一丁目１８番５５－１０１号,,092-791-1223,ＳＡＫＥＢＵＺＺ,飲食店営業,一般食堂,福,中保衛,32010134,2026/6/30,2020/5/22,2020/5/22
株式会社プロントコーポレーション,810-0001,福岡市中央区天神二丁目１１番３号,ソラリアステージＢ１Ｆ,092-717-5789,ブリオッシュドーレ天神ソラリアステージ店,飲食店営業,一般食堂,福,中保衛,32010145,2026/6/30,2020/5/22,2020/5/22
株式会社プロントコーポレーション,810-0001,福岡市中央区天神二丁目１１番３号,ソラリアステージＢ１Ｆ,092-717-5789,ブリオッシュドーレ天神ソラリアステージ店,菓子製造業,一般,福,中保衛,32050020,2026/6/30,2020/5/22,2020/5/22
有限会社アズリ,810-0041,福岡市中央区大名一丁目８番３１号,リベルタス大名１Ｆ,092-791-3090,喜水亭　和楽　大名店,食肉販売業,一般,福,中保衛,32330049,2026/6/30,2020/5/22,2020/5/22
ロイヤルコントラクトサービス株式会社,810-8571,福岡市中央区長浜一丁目１番３４号,ＫＢＣ会館内Ｂ１Ｆ,092-732-1056,長浜キャフェテリア,飲食店営業,一般食堂,福,中保衛,32020041,2026/6/30,2020/5/22,2014/6/16
,811-1302,福岡市南区井尻四丁目２番３７号,,,Ｒａｍｅｔｔｏ　ｃｏｆｆｅｅ　ｒｏｏｍ,飲食店営業,一般食堂,福,南保衛,32010024,2026/6/30,2020/5/22,2020/5/22
,814-0123,福岡市城南区長尾三丁目２９番２６号,,092-522-0864,大将宴,食肉販売業,一般,福,城保衛,32330005,2026/6/30,2020/5/22,2020/5/22
,814-0104,福岡市城南区別府三丁目２番３号,,092-821-2311,セブンイレブン福岡城南店,飲食店営業,一般食堂,福,城保衛,32020005,2026/6/30,2020/5/22,1984/4/2
株式会社大賀薬局,814-0171,福岡市早良区野芥七丁目４８番７号,,092-873-6558,ファミリーマート＋ドラッグ大賀　野芥店,飲食店営業,一般食堂,福,早保衛,32020022,2026/6/30,2020/5/22,2014/6/9
日本医療サービス株式会社,814-0001,福岡市早良区百道浜一丁目７番４号,２Ｆ,092-822-5001,シーサイドホテルツインズももち　レストラン「ＣＯＬＯＲ」,飲食店営業,一般食堂,福,早保衛,32020021,2026/6/30,2020/5/22,2014/6/16
一冨士フードサービス株式会社,819-0002,福岡市西区姪の浜五丁目８番８号,,092-881-1322,４５８７事業所,飲食店営業,一般食堂,福,西保衛,32020010,2026/6/30,2020/5/22,2014/4/3
ワイエスフード株式会社,819-0002,福岡市西区姪の浜四丁目８番１号,,092-891-8940,筑豊手羽先唐揚げ専門店　香春ちゃん,飲食店営業,弁当屋,福,西保衛,32010011,2026/6/30,2020/5/22,2020/5/22
ワイエスフード株式会社,819-0002,福岡市西区姪の浜四丁目８番１号,,092-891-8940,やまごや,飲食店営業,一般食堂,福,西保衛,32010010,2026/6/30,2020/5/22,2020/5/22
綾杉醤油有限会社,813-0011,福岡市東区香椎四丁目１１番３４号,,092-681-1022,綾杉醤油 有限会社,みそ製造業,なし,福,東保衛,32440001,2026/6/30,2020/5/25,2002/4/23
,811-0213,福岡市東区和白丘一丁目５６１番２－１号,,,串之助,飲食店営業,そうざい,福,東保衛,32020025,2026/6/30,2020/5/25,2008/7/1
,813-0042,福岡市東区舞松原一丁目５番４号,平荘１０２,092-410-3344,焼肉　たなきち,飲食店営業,一般食堂,福,東保衛,32010031,2026/6/30,2020/5/25,2020/5/25
株式会社　西日本吉野家,811-0213,福岡市東区和白丘一丁目１５番４号,,092-605-6631,吉野家４９５号線和白丘店,飲食店営業,一般食堂,福,東保衛,32020026,2026/6/30,2020/5/25,2014/5/22
株式会社モナミ,813-0044,福岡市東区千早五丁目１３番１号,,092-609-9590,ＶＡＮＳＡＮ香椎店,飲食店営業,一般食堂,福,東保衛,32010004,2026/6/30,2020/5/25,2020/5/25
,812-0018,福岡市博多区住吉三丁目１０番２５号,第１５川崎ビル　Ｔ－１,092-271-5320,炭火焼きとりくぼ,飲食店営業,一般食堂,福,博保衛,32020035,2026/6/30,2020/5/25,2014/6/30
有限会社　フーズ・エクスペクト,812-0026,福岡市博多区上川端町３番３号,,092-271-8800,焼とりもつ鍋　唐八,飲食店営業,一般食堂,福,博保衛,32020034,2026/6/30,2020/5/25,2014/4/17
,812-0011,福岡市博多区博多駅前二丁目１０番１２号,ハイラーク博多駅前　１０５号,092-474-5225,カレー屋　三福,飲食店営業,一般食堂,福,博保衛,32020040,2026/6/30,2020/5/25,2014/5/26
株式会社　和田,810-0801,福岡市博多区中洲四丁目１番３３号,第一タワービル　１階,092-282-8868,順子,飲食店営業,カフェー,福,博保衛,32010093,2026/6/30,2020/5/25,2020/5/25
,812-0885,福岡市博多区相生町二丁目４番６号,,092-575-0039,博多もつ鍋　でん,食肉販売業,一般,福,博保衛,32330030,2026/6/30,2020/5/25,2020/5/25
,812-0879,福岡市博多区銀天町二丁目３番３号,牛昌ビル　２Ｆ　２０１号,092-572-4447,メンバーズ　花道,飲食店営業,カフェー,福,博保衛,32010082,2026/6/30,2020/5/25,2020/5/25
有限会社　アズリ,812-0011,福岡市博多区博多駅前中央街９番１号,ＫＩＴＴＥ博多　９Ｆ,,博多の大衆料理　喜水丸,食肉販売業,一般,福,博保衛,32330027,2026/6/30,2020/5/25,2020/5/25
,810-0801,福岡市博多区中洲二丁目７番３号,リトル中洲ビル　２階,092-262-2195,あくあまりん,飲食店営業,バー,福,博保衛,32020036,2026/6/30,2020/5/25,2008/4/22
株式会社ヴォーグ,810-0801,福岡市博多区中洲四丁目１番３６号,ＧＥＳＴ２３ビル　２階,092-282-8668,ＣＡＳＵＡＬ　ＢＡＲ　Ｖｏｇｕｅ,飲食店営業,バー,福,博保衛,32020038,2026/6/30,2020/5/25,2014/5/9
東洋食品　株式会社,812-0041,福岡市博多区吉塚六丁目１２番３号,マルショク吉塚駅東店内,092-623-8323,花咲,飲食店営業,弁当屋,福,博保衛,32020037,2026/6/30,2020/5/25,2002/5/10
,810-0034,福岡市中央区笹丘一丁目３６番２７号,サンケイコーポ田島１Ｆ－２,092-724-7780,ひろや,飲食店営業,一般食堂,福,中保衛,32020043,2026/6/30,2020/5/25,2014/6/20
八洋株式会社,810-0071,福岡市中央区那の津三丁目７番７号,,092-741-8024,八洋株式会社,食品の冷凍又は冷蔵業,なし,福,中保衛,32200001,2026/6/30,2020/5/25,1973/5/31
株式会社　ジュウロック,810-0022,福岡市中央区薬院四丁目２０番１０号,,092-531-3011,フランス菓子　１６区,喫茶店営業,一般,福,中保衛,32240001,2026/6/30,2020/5/25,1991/5/18
株式会社　ジュウロック,810-0022,福岡市中央区薬院四丁目２０番１０号,,092-531-3011,フランス菓子　１６区,菓子製造業,一般,福,中保衛,32060002,2026/6/30,2020/5/25,1991/5/18
株式会社　ジュウロック,810-0022,福岡市中央区薬院四丁目２０番１０号,,092-531-3011,フランス菓子　１６区,アイスクリーム類製造業,一般,福,中保衛,32280001,2026/6/30,2020/5/25,1991/5/18
合資会社岡上,810-0041,福岡市中央区大名二丁目１番５５号,万ビル７Ｆ,092-720-5959,旬鮮レストラン　Ｇｏ－ｃｏｏ,飲食店営業,一般食堂,福,中保衛,32020042,2026/6/30,2020/5/25,2014/6/3
,810-0014,福岡市中央区平尾二丁目５番１６号,オネスティ平尾１－Ｂ,092-521-8690,ＯＮＥ　ＯＦＦ　ＷＯＲＬＤ,飲食店営業,一般食堂,福,中保衛,32020044,2026/6/30,2020/5/25,2014/6/20
,810-0022,福岡市中央区薬院一丁目６番５号,ホワイティ薬院１Ｆ,092-791-7906,白のフライパン,飲食店営業,一般食堂,福,中保衛,32020045,2026/6/30,2020/5/25,2014/4/24
,810-0035,福岡市中央区梅光園一丁目１番１号,ユービハイツ１号室,,おもうこぼす,飲食店営業,一般食堂,福,中保衛,32020047,2026/6/30,2020/5/25,2014/6/24
,810-0034,福岡市中央区笹丘二丁目７番３３号,,092-524-3726,キャラメルハウス,菓子製造業,一般,福,中保衛,32060001,2026/6/30,2020/5/25,2008/4/24
株式会社Ｈｉｂｉｋｉ,810-0012,福岡市中央区白金一丁目４番１４号,,092-516-2245,響喜,飲食店営業,一般食堂,福,中保衛,32010151,2026/6/30,2020/5/25,2020/5/25
株式会社ドリーム,810-0002,福岡市中央区西中洲２番２５号,ステージ１西中洲２Ｆ,092-725-7223,西中洲河童,飲食店営業,一般食堂,福,中保衛,32010147,2026/6/30,2020/5/25,2020/5/25
有限会社　天孝,810-0022,福岡市中央区薬院二丁目４番２６号,ライオンズマンション１Ｆ,092-771-7387,天冨良　天孝,飲食店営業,一般食堂,福,中保衛,32020046,2026/6/30,2020/5/25,1991/4/10
,815-0032,福岡市南区塩原三丁目１７番２９号,,,Ｎ．Ｌａｂｏ．,飲食店営業,弁当屋,福,南保衛,32010027,2026/6/30,2020/5/25,2020/5/25
,815-0075,福岡市南区長丘二丁目２５番１９号,,092-541-1868,やき鳥ふらんす亭,飲食店営業,一般食堂,福,南保衛,32020014,2026/6/30,2020/5/25,1996/5/10
,815-0074,福岡市南区寺塚二丁目７番２３号,,092-562-5460,まるつね,飲食店営業,そうざい,福,南保衛,32020016,2026/6/30,2020/5/25,2002/5/1
有限会社ニューステージ,815-0074,福岡市南区寺塚一丁目１番１号,,092-554-6690,マクドナルド野間店,飲食店営業,一般食堂,福,南保衛,32020017,2026/6/30,2020/5/25,2008/6/19
株式会社ケイト,811-1362,福岡市南区長住五丁目１６番８号,芳香ビル１F,092-552-8686,株式会社ケイト　こころ,菓子製造業,一般,福,南保衛,32060001,2026/6/30,2020/5/25,2014/6/3
,814-0141,福岡市城南区西片江二丁目２番１号,,092-861-0982,大和家,飲食店営業,一般食堂,福,城保衛,32020006,2026/6/30,2020/5/25,2002/6/28
有限会社ニューステージ,811-1101,福岡市早良区重留一丁目８番２０号,,092-872-8655,マクドナルド　重留店,飲食店営業,一般食堂,福,早保衛,32020023,2026/6/30,2020/5/25,2008/7/1
,814-0011,福岡市早良区高取二丁目１８番１６号,,092-841-4522,福の季,飲食店営業,一般食堂,福,早保衛,32020025,2026/6/30,2020/5/25,2008/5/15
,814-0002,福岡市早良区西新四丁目４番４号,セイトビル西新　２Ｆ,092-821-1220,スナックアプローズ,飲食店営業,一般食堂,福,早保衛,32020026,2026/6/30,2020/5/25,2014/6/19
有限会社ニューステージ,814-0164,福岡市早良区賀茂四丁目３８番１０号,,092-872-1036,マクドナルド外環賀茂店,飲食店営業,一般食堂,福,早保衛,32020027,2026/6/30,2020/5/25,2008/7/1
株式会社ＬＥＯＣ,814-0033,福岡市早良区有田七丁目７番７号,,092-841-8807,ＰＤハウス有田,飲食店営業,一般食堂,福,早保衛,32010027,2026/6/30,2020/5/25,2020/5/25
有限会社　ニューステージ,819-0005,福岡市西区内浜一丁目７番１６号,ウエストコート姪浜内,092-892-1294,マクドナルド姪浜サニー店,飲食店営業,一般食堂,福,西保衛,32020011,2026/6/30,2020/5/25,2008/6/24
,819-0002,福岡市西区姪の浜四丁目１１番２１号,大島ビル２Ｆ,092-882-5507,かっちゃん,飲食店営業,一般食堂,福,西保衛,32020012,2026/6/30,2020/5/25,2014/5/16
ＫＣ株式会社,812-0054,福岡市東区馬出二丁目３番３４号,,092-982-4143,インドネパール居酒屋カンパイ,飲食店営業,一般食堂,福,東保衛,32010036,2026/6/30,2020/5/26,2020/5/26
株式会社　勝山商店,811-0323,福岡市東区志賀島８７０番地,,092-603-6667,株式会社　勝山商店,そうざい製造業,なし,福,東保衛,32580002,2026/6/30,2020/5/26,2008/4/3
株式会社　勝山商店,811-0323,福岡市東区志賀島８７０番地,,092-603-6667,株式会社　勝山商店,食品の冷凍又は冷蔵業,なし,福,東保衛,32200002,2026/6/30,2020/5/26,2008/4/3
,810-0801,福岡市博多区中洲三丁目１番８号,ＴＭ３２ビル　２階,092-291-6555,ビビアン,飲食店営業,バー,福,博保衛,32010079,2026/6/30,2020/5/26,2020/5/26
,810-0801,福岡市博多区中洲三丁目１番２号,新川丈ビル　４階,092-283-6300,Ｈｕｒａ－Ｈｕｒａ,飲食店営業,バー,福,博保衛,32020042,2026/6/30,2020/5/26,2014/5/7
,810-0801,福岡市博多区中洲三丁目２番７号,第９ラインビル　４階　３号室,092-281-7373,櫻宴,飲食店営業,バー,福,博保衛,32020045,2026/6/30,2020/5/26,2014/6/24
ＨＲＦ　株式会社,812-0011,福岡市博多区博多駅前四丁目９番１２号,１Ｆ,092-710-6221,博多一波,飲食店営業,一般食堂,福,博保衛,32010096,2026/6/30,2020/5/26,2020/5/26
有限会社　ランチミッション,812-0036,福岡市博多区上呉服町１０番１号,博多三井ビルディング　Ｂ１Ｆ　Ｂ１５,092-291-2783,レストランこぶし,飲食店営業,一般食堂,福,博保衛,32020044,2026/6/30,2020/5/26,2008/6/13
学校法人　中村学園,812-0863,福岡市博多区金の隈三丁目２４番５３号,,092-504-6846,中村学園事業部　２１８９０,飲食店営業,一般食堂,福,博保衛,32020043,2026/6/30,2020/5/26,1996/4/15
株式会社　オフィス・ヤナギ,810-0001,福岡市中央区天神二丁目地下３号,,092-762-3030,キャップパスタピエトロ　ミオミオ天神地下街店,飲食店営業,レストラン,福,中保衛,32020048,2026/6/30,2020/5/26,2002/6/24
,810-0013,福岡市中央区大宮二丁目５番９号,,092-531-7445,福楽園,飲食店営業,一般食堂,福,中保衛,32020051,2026/6/30,2020/5/26,1991/4/18
株式会社インクローチ,810-0041,福岡市中央区大名一丁目１４番１３号,プラザホテルプルミエＢ１,092-724-3000,オステリア　インクローチ,菓子製造業,一般,福,中保衛,32060003,2026/6/30,2020/5/26,2014/4/15
株式会社Ａグループ,810-0004,福岡市中央区渡辺通一丁目１２番９号,藤井ビル１Ｆ,092-724-0175,セブンイレブン福岡渡辺通駅前店,飲食店営業,一般食堂,福,中保衛,32010154,2026/6/30,2020/5/26,2020/5/26
株式会社Ａグループ,810-0012,福岡市中央区白金二丁目１２番６号,,092-526-1245,セブンイレブン福岡白金店,飲食店営業,一般食堂,福,中保衛,32010155,2026/6/30,2020/5/26,2020/5/26
有限会社甘味喫茶若竹,810-0001,福岡市中央区天神一丁目４番１号,博多大丸東館エルガーラ６Ｆ,,甘味喫茶　若竹,飲食店営業,一般食堂,福,中保衛,32010088,2026/6/30,2020/5/26,2020/5/26
株式会社戦国焼鳥家康,810-0004,福岡市中央区渡辺通五丁目２４番２１号,,092-821-5147,戦国焼鳥　家康,飲食店営業,一般食堂,福,中保衛,32020049,2026/6/30,2020/5/26,1986/6/4
株式会社ブルームロード,810-0002,福岡市中央区西中洲１１番６号,三光ビル２Ｆ,092-688-7488,ｇｏ．－ニホンシュト－,飲食店営業,一般食堂,福,中保衛,32010067,2026/6/30,2020/5/26,2020/5/26
Ｍiコーポレーション株式会社,814-0151,福岡市城南区堤一丁目１２番２５号,,092-863-6621,どんどん亭　城南店,魚介類販売業,一般,福,城保衛,32130002,2026/6/30,2020/5/26,2020/5/26
,814-0141,福岡市城南区西片江二丁目２９番１４号,,,Ｈｕｔｔｅ　Ｙｕｍｅ,飲食店営業,一般食堂,福,城保衛,32020007,2026/6/30,2020/5/26,2014/4/8
Ｍiコーポレーション株式会社,814-0151,福岡市城南区堤一丁目１２番２５号,,092-863-6621,どんどん亭　城南店,食肉販売業,一般,福,城保衛,32330006,2026/6/30,2020/5/26,2020/5/26
,814-0002,福岡市早良区西新四丁目４番１６号,,092-851-2347,田万川,飲食店営業,一般食堂,福,早保衛,32020030,2026/6/30,2020/5/26,1996/4/2
株式会社ジー・クルー・カンパニー,814-0021,福岡市早良区荒江三丁目１１番３６号,,092-832-5833,牛角　荒江店,飲食店営業,一般食堂,福,早保衛,32020031,2026/6/30,2020/5/26,2002/5/20
,814-0005,福岡市早良区祖原１４番３２号,,092-843-9525,焼鳥弁慶,飲食店営業,一般食堂,福,早保衛,32020032,2026/6/30,2020/5/26,1988/6/2
,819-0002,福岡市西区姪の浜二丁目１４番１７号,,092-885-7557,漁師居酒屋つねちゃん,飲食店営業,一般食堂,福,西保衛,32010021,2026/6/30,2020/5/26,2020/5/26
株式会社　ココスジャパン,819-0022,福岡市西区福重二丁目１番１８－１号,,092-894-4066,ココス福重店,飲食店営業,一般食堂,福,西保衛,32020013,2026/6/30,2020/5/26,1991/5/2
日清医療食品株式会社,819-0055,福岡市西区生の松原一丁目３３番１８号,,092-891-7621,医療法人和仁会　福岡和仁会病院,飲食店営業,一般食堂,福,西保衛,32020014,2026/6/30,2020/5/26,2014/6/2
,811-0201,福岡市東区三苫七丁目３番３号,,092-607-3965,うどんそば　なか田,飲食店営業,一般食堂,福,東保衛,32020029,2026/6/30,2020/5/27,1996/5/30
有限会社　リ－ルジャム,811-0201,福岡市東区三苫三丁目１５番１号,,092-605-6450,有限会社リールジャム,飲食店営業,一般食堂,福,東保衛,32020027,2026/6/30,2020/5/27,2014/4/24
,812-0053,福岡市東区箱崎二丁目３９番４号,,,よりみち　心,飲食店営業,一般食堂,福,東保衛,32020028,2026/6/30,2020/5/27,2014/4/17
,812-0061,福岡市東区筥松一丁目１６番８号,,092-632-0021,リーフガーデン,飲食店営業,一般食堂,福,東保衛,32020030,2026/6/30,2020/5/27,2002/5/13
,812-0017,福岡市博多区美野島二丁目１２番１０号,,092-473-0288,ＢＬＡＮＣ,菓子製造業,一般,福,博保衛,32060002,2026/6/30,2020/5/27,2014/5/16
有限会社　サンセイ,812-0026,福岡市博多区上川端町６番１４０号,,092-262-1686,農家の一服,食肉販売業,一般,福,博保衛,32330018,2026/6/30,2020/5/27,2020/5/27
,812-0018,福岡市博多区住吉二丁目４番３号,大蔵マンション博多　１Ｆ,092-231-2115,めろんめろん,飲食店営業,一般食堂,福,博保衛,31010955,2026/6/30,2020/5/27,2020/5/27
ＨＲＦ　株式会社,812-0038,福岡市博多区祇園町４番６号,平田ビル　１Ｆ,092-409-0808,魚房　三徳,飲食店営業,一般食堂,福,博保衛,32010097,2026/6/30,2020/5/27,2020/5/27
澄川興産　株式会社,812-0011,福岡市博多区博多駅前一丁目１４番３号,,092-411-1171,博多駅前エスビーホテル,飲食店営業,旅館,福,博保衛,32020049,2026/6/30,2020/5/27,1991/4/24
,810-0801,福岡市博多区中洲二丁目７番１１号,親和ビル　地下１階,092-263-3111,中洲寄り会い処　勝,飲食店営業,一般食堂,福,博保衛,32010094,2026/6/30,2020/5/27,2020/5/27
Ｃ－Ｕｎｉｔｅｄ　株式会社,812-0025,福岡市博多区店屋町８番２４号,九勧呉服町ビル　１Ｆ,092-263-4051,カフェ・ベローチェ　博多呉服町店,飲食店営業,主として喫茶,福,博保衛,32020047,2026/6/30,2020/5/27,2008/5/21
Ｃ－Ｕｎｉｔｅｄ　株式会社,812-0026,福岡市博多区上川端町１２番２０号,,092-271-2230,カフェ・ベローチェ　中洲川端駅前店,飲食店営業,主として喫茶,福,博保衛,32020048,2026/6/30,2020/5/27,2008/6/11
株式会社　インナビ,810-0801,福岡市博多区中洲二丁目２番１０号,中洲サンシービル　１Ｆ,092-282-8885,スナック　千秋,飲食店営業,バー,福,博保衛,32020050,2026/6/30,2020/5/27,2014/5/12
サントリービバレッジソリューション　株式会社,812-0857,福岡市博多区西月隈三丁目５番１３号,,,平和交通（株）,喫茶店営業,自動販売機,福,博保衛,32240008,2026/6/30,2020/5/27,2014/5/29
,810-0001,福岡市中央区天神三丁目２番２７号,,092-712-2372,もろおか,飲食店営業,一般食堂,福,中保衛,32020053,2026/6/30,2020/5/27,1996/4/11
株式会社　ＨＩＲＯ,810-8669,福岡市中央区大名一丁目２番５号,イルカセットビル８Ｆ,092-711-5903,ｉｌ　Ｃｏｒｔｉｌｅ,菓子製造業,一般,福,中保衛,32060004,2026/6/30,2020/5/27,2014/6/4
,810-0041,福岡市中央区大名二丁目１番５０号,公建ビル６Ｆ,092-725-1822,Ｇｉｒｌｓ　Ｐａｒｔｙ　大名店,飲食店営業,バー,福,中保衛,32010135,2026/6/30,2020/5/27,2020/5/27
株式会社ｃａｕｄｅｘ,810-0021,福岡市中央区今泉一丁目１８番２８号,アペゼ今泉１Ｆ－Ａ－１,092-732-3138,居酒屋ａｋａｒｉ,飲食店営業,一般食堂,福,中保衛,32010156,2026/6/30,2020/5/27,2020/5/27
,810-0003,福岡市中央区春吉二丁目４番１１号,リヴィエールシャン１０４,092-726-7881,ハルヨシバル　Ｒｉｏ,飲食店営業,一般食堂,福,中保衛,32010157,2026/6/30,2020/5/27,2020/5/27
,810-0003,福岡市中央区春吉一丁目６番１３号,,092-762-0001,うどん栄,飲食店営業,うどん屋,福,中保衛,32010139,2026/6/30,2020/5/27,2020/5/27
誠紅株式会社,810-0005,福岡市中央区清川三丁目１１番１号,手塚ビル１階,,承紅包子,飲食店営業,弁当屋,福,中保衛,32010126,2026/6/30,2020/5/27,2020/5/27
,810-0062,福岡市中央区荒戸一丁目１０番１３号,,092-712-8253,石挽き手打ち蕎麦　地酒　木曽路,飲食店営業,一般食堂,福,中保衛,32020054,2026/6/30,2020/5/27,1991/6/27
,815-0082,福岡市南区大楠三丁目７番２６－２３号,,,焼き菓子　ｃａｆｅ　クリコット,飲食店営業,一般食堂,福,南保衛,32020019,2026/6/30,2020/5/27,2008/5/8
,815-0082,福岡市南区大楠三丁目７番２６－２３号,,,焼き菓子　ｃａｆｅ　クリコット,菓子製造業,一般,福,南保衛,32060003,2026/6/30,2020/5/27,2008/5/8
,814-0123,福岡市城南区長尾五丁目３０番２７号,,092-863-8755,やきとり松本,飲食店営業,一般食堂,福,城保衛,32010004,2026/6/30,2020/5/27,2020/5/27
,814-0123,福岡市城南区長尾三丁目９番７号,,092-551-1138,ヴィーナス,飲食店営業,一般食堂,福,城保衛,32020008,2026/6/30,2020/5/27,1996/4/26
,814-0165,福岡市早良区次郎丸五丁目９番４０号,,092-864-1899,ギャラリー喫茶　アサンテサーナ,飲食店営業,一般食堂,福,早保衛,32020036,2026/6/30,2020/5/27,2002/6/14
,814-0002,福岡市早良区西新五丁目４番２４号,第３ゼニヤビル　１Ｆ,092-517-1097,居酒屋どうでしょう,飲食店営業,一般食堂,福,早保衛,32020035,2026/6/30,2020/5/27,2014/6/19
,814-0001,福岡市早良区百道浜二丁目９０２,,,ｈｅｕｒｅｕｘ,飲食店営業,一般食堂,福,早保衛,32010026,2026/6/30,2020/5/27,2020/5/27
特定非営利活動法人アスレチッククラブ博多２０２０,814-0002,福岡市早良区西新五丁目９番５号,,092-821-3212,ｍｙ＝ｎｏ．ＳＴＡＤＩＵＭ,飲食店営業,一般食堂,福,早保衛,32010024,2026/6/30,2020/5/27,2020/5/27
,812-0018,福岡市博多区住吉五丁目１９番７号,,,ＮＯ　ＬＩＭＩＴ,飲食店営業,バー,福,博保衛,32010102,2026/6/30,2020/5/28,2020/5/28
,810-0801,福岡市博多区中洲四丁目１番１６号,セブンビル　４０１,092-283-6688,古藤,飲食店営業,一般食堂,福,博保衛,32020051,2026/6/30,2020/5/28,2008/4/30
株式会社　ＭＳＧ,810-0801,福岡市博多区中洲五丁目３番１８号,ＴＭ１６ビルディング　７階,092-262-2569,ｃｌｕｂ　ＧＬＯＷ,飲食店営業,カフェー,福,博保衛,32020053,2026/6/30,2020/5/28,2014/5/22
,812-0007,福岡市博多区東比恵四丁目４番２３号,,092-411-3893,寿司幸,飲食店営業,すし屋,福,博保衛,32020055,2026/6/30,2020/5/28,1985/6/20
株式会社　Ｍｉｓｕｍｉ,812-0862,福岡市博多区立花寺一丁目７番２８号,,092-583-3137,ケンタッキーフライドチキン　福岡南バイパス店,飲食店営業,一般食堂,福,博保衛,32020058,2026/6/30,2020/5/28,1996/5/21
,812-0016,福岡市博多区博多駅南四丁目２番１０号,南近代ビル別館　Ｂ１Ｆ,092-473-6434,麻雀クラブ　あばうと,飲食店営業,一般食堂,福,博保衛,32020054,2026/6/30,2020/5/28,2008/4/8
,812-0016,福岡市博多区博多駅南二丁目１８番４号,,092-481-0532,炉端酒場　わらた,飲食店営業,一般食堂,福,博保衛,32020056,2026/6/30,2020/5/28,2014/4/23
,812-0011,福岡市博多区博多駅前三丁目７番３号,皐月マンション　１Ｆ,092-472-8508,博多Ｔｅｔｓｕｊｉ,飲食店営業,一般食堂,福,博保衛,32020052,2026/6/30,2020/5/28,2014/6/5
,810-0801,福岡市博多区中洲三丁目２番７号,第９ラインビル　３階　６号室,092-409-5117,ＢＡＲ　Ｌｕａｎａ,飲食店営業,バー,福,博保衛,32010101,2026/6/30,2020/5/28,2020/5/28
,810-0011,福岡市中央区高砂二丁目２３番２号,リーベ高砂１Ｆ,,ＳＮＡＣＫ　ＶＯＤＫＡ,飲食店営業,バー,福,中保衛,32020057,2026/6/30,2020/5/28,2014/6/27
,810-0035,福岡市中央区梅光園一丁目３番１３号,,092-732-0337,ひろ正,飲食店営業,仕出し,福,中保衛,32020056,2026/6/30,2020/5/28,2002/6/5
株式会社　竜二,810-0001,福岡市中央区天神二丁目１４番３８号,安藤ビル２階,092-781-1737,和食あらんどろん,飲食店営業,一般食堂,福,中保衛,32020059,2026/6/30,2020/5/28,1996/6/11
合資会社ＹＭＫ,810-0003,福岡市中央区春吉三丁目１５番３５号,キューブ春吉パティオ１Ｆ,092-771-4510,セブンイレブン福岡春吉３丁目店,飲食店営業,一般食堂,福,中保衛,32010165,2026/6/30,2020/5/28,2020/5/28
,810-0014,福岡市中央区平尾三丁目１７番７号,Ｔ．Ｙビル２Ｆ,092-600-4964,ｂａｒ　カクレミノ,飲食店営業,バー,福,中保衛,32010149,2026/6/30,2020/5/28,2020/5/28
,810-0003,福岡市中央区春吉二丁目１０番１８号,,,Ｂａｒ　ｆｒｏｍ　Ｋ,飲食店営業,バー,福,中保衛,32010164,2026/6/30,2020/5/28,2020/5/28
,815-0035,福岡市南区向野二丁目５番２４号,,,ナルちゃんカリー,飲食店営業,仕出し,福,南保衛,32010031,2026/6/30,2020/5/28,2020/5/28
,814-0021,福岡市早良区荒江三丁目１５番２６号,,092-821-0872,つくし,飲食店営業,一般食堂,福,早保衛,32020037,2026/6/30,2020/5/28,1972/5/19
,814-0002,福岡市早良区西新四丁目４番４号,,092-843-9889,三介,飲食店営業,一般食堂,福,早保衛,32020038,2026/6/30,2020/5/28,1988/6/29
,814-0022,福岡市早良区原一丁目３８番２６号,岡部店舗　３号室,092-845-8005,スナック　ＮＯＡ,飲食店営業,一般食堂,福,早保衛,32020039,2026/6/30,2020/5/28,2008/6/18
株式会社プレナス,819-0005,福岡市西区内浜一丁目７番３号,ウエストコート姪浜内,092-884-2020,ＭＫレストラン姪浜店,飲食店営業,一般食堂,福,西保衛,32020016,2026/6/30,2020/5/28,1996/4/22
,819-0165,福岡市西区今津２１８６番地１２,,,焼鳥はやて,飲食店営業,一般食堂,福,西保衛,32020015,2026/6/30,2020/5/28,2002/6/19
株式会社　博多三氣,812-0063,福岡市東区原田四丁目３２番４４号,,092-409-0337,博多三氣　松島原田店,飲食店営業,一般食堂,福,東保衛,32020033,2026/6/30,2020/5/29,2014/7/1
,813-0013,福岡市東区香椎駅前二丁目１４番２号,浜男ビル２F,092-661-7366,auramore,飲食店営業,一般食堂,福,東保衛,32020031,2026/6/30,2020/5/29,2008/4/30
株式会社３１０,813-0044,福岡市東区千早四丁目２３番２７号,,092-672-1600,ザ・ロイヤルクラシック福岡,飲食店営業,一般食堂,福,東保衛,32020032,2026/6/30,2020/5/29,2014/5/23
,810-0801,福岡市博多区中洲二丁目１番１１号,プレイスポットしんばし　６Ｆ　６０７－Ｂ,092-271-7675,スナック　待夢,飲食店営業,一般食堂,福,博保衛,32020069,2026/6/30,2020/5/29,1986/4/10
,812-0017,福岡市博多区美野島一丁目１７番６号,,092-431-2480,ＫＩＮＧＳＴＯＮ,飲食店営業,一般食堂,福,博保衛,32020059,2026/6/30,2020/5/29,2008/5/2
有限会社　オーシャン・ブルー,810-0801,福岡市博多区中洲二丁目５番１３号,第２ラインビル　４階,092-263-0733,サントノーレ,飲食店営業,カフェー,福,博保衛,32020064,2026/6/30,2020/5/29,2014/4/22
,812-0895,福岡市博多区竹下一丁目６番１１号,,,キッチン　とまと,飲食店営業,弁当屋,福,博保衛,32020068,2026/6/30,2020/5/29,2008/6/11
ＪＲ九州リテール　株式会社,812-0012,福岡市博多区博多駅中央街１番１号,ファミリーマート博多駅中央通路店,092-432-3977,ファミリーマート博多駅中央通路店,飲食店営業,一般食堂,福,博保衛,32020060,2026/6/30,2020/5/29,2014/4/24
ＪＲ九州リテール　株式会社,812-0012,福岡市博多区博多駅中央街１番１号,マイング　１Ｆ,092-433-2911,ファミリーマート博多駅マイング店,飲食店営業,一般食堂,福,博保衛,32020061,2026/6/30,2020/5/29,2014/4/24
株式会社　ライズウォール,812-0877,福岡市博多区元町二丁目１番８号　１Ｆ,,092-558-2406,晴れる家,飲食店営業,一般食堂,福,博保衛,32020063,2026/6/30,2020/5/29,2014/5/21
ＴＳＵＢＡＳＡ　ＪＡＰＡＮ株式会社,810-0073,福岡市中央区舞鶴一丁目３番１４号,小榎ビル１ＦＡ２号,092-753-8157,焼肉鼎豐,飲食店営業,一般食堂,福,中保衛,32010140,2026/6/30,2020/5/29,2020/5/29
,810-0012,福岡市中央区白金二丁目１５番１号,白金ビル１F,092-531-1130,ア・セット,アイスクリーム類製造業,一般,福,中保衛,32280002,2026/6/30,2020/5/29,2008/5/8
,810-0012,福岡市中央区白金二丁目１５番１号,白金ビル１F,092-531-1130,ア・セット,菓子製造業,一般,福,中保衛,32060005,2026/6/30,2020/5/29,2008/4/23
グリーンコープ生活協同組合ふくおか,814-0133,福岡市城南区七隈三丁目１番４１号,,092-801-8376,グリーンコープ七隈店,飲食店営業,弁当屋,福,城保衛,32020009,2026/6/30,2020/5/29,2002/6/28
,814-0175,福岡市早良区田村一丁目６番２２号,,092-865-1371,大まるうどん,飲食店営業,うどん屋,福,早保衛,32020040,2026/6/30,2020/5/29,2008/6/13
有限会社うえすたん,814-0032,福岡市早良区小田部二丁目１番２３号,,092-844-2233,ビフテキ屋うえすたん　原店,飲食店営業,一般食堂,福,早保衛,32020042,2026/6/30,2020/5/29,1992/6/5
カッパ・クリエイト株式会社,814-0161,福岡市早良区飯倉七丁目３２番８号,,092-874-2880,かっぱ寿司　飯倉店/丼ぶり専門清水港バンノウ水産　飯倉店,飲食店営業,すし屋,福,早保衛,32020041,2026/6/30,2020/5/29,2008/4/28
株式会社　ホームラン・システムズ,819-0165,福岡市西区今津４８２０番地２,,,第一野の花学園,飲食店営業,一般食堂,福,西保衛,32010026,2026/6/30,2020/5/29,2020/5/29
株式会社 プレナス,813-0032,福岡市東区土井二丁目２７５番地１,,092-663-6930,ＭＫレストラン 土井店,飲食店営業,一般食堂,福,東保衛,32020034,2026/6/30,2020/6/1,2002/6/27
,812-0043,福岡市博多区堅粕四丁目１番３４号,,092-415-5971,ゆ鳥,飲食店営業,弁当屋,福,博保衛,32020070,2026/6/30,2020/6/1,2014/5/27
,812-0028,福岡市博多区須崎町５番６号,,,コノ花まひろ,飲食店営業,一般食堂,福,博保衛,32020072,2026/6/30,2020/6/1,2014/4/23
スカイハートホテル株式会社,812-0038,福岡市博多区祇園町４番７３号,ホテルスカイコート博多２階,092-262-4960,スカイロード博多,飲食店営業,旅館,福,博保衛,32020073,2026/6/30,2020/6/1,2008/5/2
,812-0026,福岡市博多区上川端町５番１０２号,,092-282-3369,とりかわ処鶏高,飲食店営業,一般食堂,福,博保衛,32010105,2026/6/30,2020/6/1,2020/6/1
日本レストランシステム株式会社,810-0001,福岡市中央区天神二丁目２番４３号,ソラリアプラザ６Ｆ,092-733-7030,星乃珈琲店　ソラリアプラザ店,飲食店営業,一般食堂,福,中保衛,32020062,2026/6/30,2020/6/1,2014/5/26
,810-0014,福岡市中央区平尾二丁目２番２０号,平尾ファミリア１Ｆ,092-406-0862,Ｌｉｖｉｎｇ　Ｄ,飲食店営業,一般食堂,福,中保衛,32020064,2026/6/30,2020/6/1,2008/4/21
株式会社ＮＡＯＳＡＮ,810-0022,福岡市中央区薬院四丁目８番６号,,092-404-7030,Ｌａ　ｃａｓａ　ｄｉ　Ｎａｏ,飲食店営業,レストラン,福,中保衛,32020063,2026/6/30,2020/6/1,2014/6/9
株式会社しゃぶ禅福岡,810-0041,福岡市中央区大名二丁目８番２２号,天神偕成ビルＢ１Ｆ,092-739-1129,しゃぶ禅昭和通り大名店,食肉販売業,一般,福,中保衛,32330057,2026/6/30,2020/6/1,2020/6/1
株式会社しゃぶ禅福岡,810-0001,福岡市中央区天神一丁目４番１号,博多大丸東館６Ｆ,092-715-4000,しゃぶ禅　花柚香,食肉販売業,一般,福,中保衛,32330056,2026/6/30,2020/6/1,2020/6/1
,810-0001,福岡市中央区天神三丁目４番２８号,天神ブロードウェイビル１Ｆ,092-732-3357,博多水炊き　さもんじ,食肉販売業,一般,福,中保衛,32330055,2026/6/30,2020/6/1,2020/6/1
,810-0044,福岡市中央区六本松四丁目８番２５号,,,マツ,飲食店営業,一般食堂,福,中保衛,32010167,2026/6/30,2020/6/1,2020/6/1
響コーポレーション株式会社,810-0062,福岡市中央区荒戸一丁目１番２９号,大濠パークサイドレジデンス１Ｆ,,大濠公園　ＴＨＥ　ＳＨＡＫＥ,飲食店営業,一般食堂,福,中保衛,32010166,2026/6/30,2020/6/1,2020/6/1
,810-0001,福岡市中央区天神四丁目４番３０号,新郷ビル１Ｆ,092-526-9075,博多手羽先横丁　天神４丁目店,飲食店営業,一般食堂,福,中保衛,32010129,2026/6/30,2020/6/1,2020/6/1
,815-0033,福岡市南区大橋一丁目１４番８号,カーサクワトロ１Ｆ,,博多玉,飲食店営業,一般食堂,福,南保衛,32020021,2026/6/30,2020/6/1,2014/6/6
昭和食品株式会社,811-1346,福岡市南区老司二丁目７番４３号,レッドキャベツ老司店内,092-565-5459,味菜,飲食店営業,弁当屋,福,南保衛,32020020,2026/6/30,2020/6/1,2002/5/23
株式会社ジパングエンターテイメント,815-0041,福岡市南区野間一丁目２番１３号,クレッセント高宮２Ｆ,092-542-0042,ダーツバー　ラバーズ　サウス,飲食店営業,一般食堂,福,南保衛,32010033,2026/6/30,2020/6/1,2020/6/1
株式会社快活フロンティア,815-0033,福岡市南区大橋一丁目１７番５号,,092-557-1288,快活ＣＬＵＢ福岡大橋駅西口店,飲食店営業,一般食堂,福,南保衛,32010016,2026/6/30,2020/6/1,2020/6/1
,819-0373,福岡市西区周船寺一丁目２０番２６号,,092-807-7600,居酒屋　風,飲食店営業,一般食堂,福,西保衛,32020017,2026/6/30,2020/6/1,2014/6/30
合同会社ＥＨカンパニー,819-0001,福岡市西区小戸四丁目３番３９－１０１号,,,鸛,飲食店営業,一般食堂,福,西保衛,32010024,2026/6/30,2020/6/1,2020/6/1
株式会社すき家,819-0002,福岡市西区姪の浜六丁目２番４号,,092-707-5284,すき家　福岡姪浜店,飲食店営業,一般食堂,福,西保衛,32010023,2026/6/30,2020/6/1,2020/6/1
,813-0045,福岡市東区城浜団地７２番２号,,,青木商店,飲食店営業,弁当屋,福,東保衛,32020035,2026/6/30,2020/6/2,2014/4/21
,810-0801,福岡市博多区中洲二丁目２番１３号,松島ビル５Ｆ　５０３,092-263-0511,博多　れんと,飲食店営業,一般食堂,福,博保衛,32020077,2026/6/30,2020/6/2,2008/4/14
,810-0801,福岡市博多区中洲三丁目４番３号,,092-271-4196,小福,飲食店営業,一般食堂,福,博保衛,32020074,2026/6/30,2020/6/2,1980/4/9
,812-0017,福岡市博多区美野島二丁目４番６号,,092-452-1353,ローソン　博多美野島２丁目店,飲食店営業,一般食堂,福,博保衛,32020084,2026/6/30,2020/6/2,1996/4/5
株式会社　鈴懸,812-0026,福岡市博多区上川端町１２番２０号,ふくぎん博多ビル　１Ｆ,092-291-0050,鈴懸,飲食店営業,一般食堂,福,博保衛,32020076,2026/6/30,2020/6/2,2008/6/26
株式会社　エコプラフーズ,812-0011,福岡市博多区博多駅前三丁目１９番２２号,内藤ビル　１Ｆ,092-481-6469,喜禄,飲食店営業,一般食堂,福,博保衛,32020079,2026/6/30,2020/6/2,2014/4/28
,812-0039,福岡市博多区冷泉町８番２号,,092-271-1343,もつ料理　みやもと,食肉販売業,一般,福,博保衛,32330029,2026/6/30,2020/6/2,2020/6/2
株式会社　スティルフーズ,812-0012,福岡市博多区博多駅中央街１番１号,ＪＲ博多シティ　９Ｆ　アミュプラザ博多,092-413-5537,３７　ＰＡＳＴＡ,めん類製造業,一般,福,博保衛,32550002,2026/6/30,2020/6/2,2020/6/2
アビスパ福岡　株式会社,812-0852,福岡市博多区東平尾公園二丁目１番１号,,092-612-7070,ベスト電器スタジアム　メインスタンド　南２階,飲食店営業,一般食堂,福,博保衛,32020083,2026/6/30,2020/6/2,2008/4/24
アビスパ福岡　株式会社,812-0852,福岡市博多区東平尾公園二丁目１番１号,,092-612-7070,ベスト電器スタジアム　バックスタンド　１階,飲食店営業,一般食堂,福,博保衛,32020082,2026/6/30,2020/6/2,2008/4/24
アビスパ福岡　株式会社,812-0852,福岡市博多区東平尾公園二丁目１番１号,,092-612-7070,ベスト電器スタジアム　メインスタンド　北２階,飲食店営業,一般食堂,福,博保衛,32020081,2026/6/30,2020/6/2,2008/4/24
一冨士フードサービス　株式会社,812-0044,福岡市博多区千代四丁目２４番１２号,ルポ県庁口　１Ｆ,,４５９９事業所,飲食店営業,一般食堂,福,博保衛,32020078,2026/6/30,2020/6/2,2014/5/19
,810-0031,福岡市中央区谷一丁目１５番２３号,シュ－エイハイツ１Ｆ,092-735-0001,スペイン坂,飲食店営業,一般食堂,福,中保衛,32020066,2026/6/30,2020/6/2,2002/4/15
株式会社Ｏ・Ｂ・Ｕ　Ｃｏｍｐａｎｙ,810-0041,福岡市中央区大名一丁目１０番６号,日宝サンセーヌ大名１０４,092-711-1108,まつすけ,飲食店営業,一般食堂,福,中保衛,32020067,2026/6/30,2020/6/2,2008/4/23
有限会社　冨下,810-0022,福岡市中央区薬院四丁目９番１５号,,092-524-3889,ミス　マーベル　マーサ,飲食店営業,一般食堂,福,中保衛,32020068,2026/6/30,2020/6/2,1991/4/23
,810-0041,福岡市中央区大名二丁目１番５０号,公建ビル２０２,092-761-7898,プランタン　プチプチ,飲食店営業,一般食堂,福,中保衛,32010170,2026/6/30,2020/6/2,2020/6/2
,810-0003,福岡市中央区春吉二丁目２番１４号,サヴォイエンポリウム１Ｆ,092-752-2235,Ｓｔｅｐ　Ｕｐ,飲食店営業,バー,福,中保衛,32010168,2026/6/30,2020/6/2,2020/6/2
有限会社旬香,815-0033,福岡市南区大橋一丁目２１番１１号,サンシャインビル１０１号,092-551-9828,ＰＵＢ　ＵＳＨＩＷＡＫＡ,飲食店営業,一般食堂,福,南保衛,32020022,2026/6/30,2020/6/2,2008/4/15
,815-0033,福岡市南区大橋一丁目２０番２１号,ルピエグランポン２Ｆ,092-541-5911,ＧＲＯＷＮＤ,飲食店営業,一般食堂,福,南保衛,32020023,2026/6/30,2020/6/2,2014/6/26
一冨士フードサービス株式会社,814-0153,福岡市城南区樋井川六丁目２７番５６号,,092-861-2785,４５８９事業所,飲食店営業,一般食堂,福,城保衛,32020010,2026/6/30,2020/6/2,2014/4/2
株式会社ウエスト,814-0165,福岡市早良区次郎丸五丁目６番８号,,092-874-3200,（株）ウエスト次郎丸店,飲食店営業,一般食堂,福,早保衛,32020044,2026/6/30,2020/6/2,2002/5/24
株式会社ソニックスポーツ,819-0001,福岡市西区小戸二丁目１２番４３号,,092-895-5511,ホテルマリノアリゾート福岡,飲食店営業,旅館,福,西保衛,32020018,2026/6/30,2020/6/2,2014/6/20
,819-0373,福岡市西区周船寺三丁目１１番１８号,,092-806-1447,味恵,飲食店営業,一般食堂,福,西保衛,32020019,2026/6/30,2020/6/2,1981/4/13
,819-0168,福岡市西区今宿駅前一丁目４番４号,,092-806-7681,小料理一二三,飲食店営業,一般食堂,福,西保衛,32020021,2026/6/30,2020/6/2,2008/6/6
株式会社プレナス,819-0005,福岡市西区内浜一丁目７番３号,ウエストコート姪浜内,092-884-2020,ＭＫレストラン姪浜店,食肉販売業,一般,福,西保衛,32330009,2026/6/30,2020/6/2,2020/6/2
,813-0001,福岡市東区唐原六丁目７番１号,,092-661-1531,元気食堂,飲食店営業,一般食堂,福,東保衛,32010037,2026/6/30,2020/6/3,2020/6/3
,812-0017,福岡市博多区美野島二丁目２６番３１号,,092-431-6677,月花堂菓子舗,菓子製造業,一般,福,博保衛,32060005,2026/6/30,2020/6/3,1971/4/14
,812-0026,福岡市博多区上川端町１１番１号,グレイスマンション　Ｂ１Ｆ,092-281-5577,韓国料理民俗村,飲食店営業,一般食堂,福,博保衛,32020096,2026/6/30,2020/6/3,1996/4/10
,812-0027,福岡市博多区下川端町３番２号,ホテルオークラ福岡　Ｂ１Ｆ,092-263-1151,高玉,飲食店営業,すし屋,福,博保衛,32020094,2026/6/30,2020/6/3,2008/4/4
,810-0801,福岡市博多区中洲二丁目３番１６号,桃山ビル　１階,092-291-5833,高玉,飲食店営業,すし屋,福,博保衛,32020093,2026/6/30,2020/6/3,2008/4/18
株式会社　グレス,812-0892,福岡市博多区東那珂一丁目１４番４６号,フォレオ博多　１Ｆ,,メゾン・ド・シャノアール,飲食店営業,一般食堂,福,博保衛,32010111,2026/6/30,2020/6/3,2020/6/3
,812-0879,福岡市博多区銀天町一丁目３番３９号,,092-558-3848,カラオケ喫茶　ゆみ,飲食店営業,主として喫茶,福,博保衛,32010095,2026/6/30,2020/6/3,2020/6/3
株式会社　ごっど,810-0801,福岡市博多区中洲二丁目５番１３号,ＹＡＥＳＵⅡビル　１階全号室，地下１階全号室,092-273-1133,クラブ　ラツィオ,飲食店営業,カフェー,福,博保衛,32010104,2026/6/30,2020/6/3,2020/6/3
株式会社　ジョイフル中九州,812-0041,福岡市博多区吉塚三丁目３６０番地１,,092-627-5055,ジョイフル　吉塚店,飲食店営業,レストラン,福,博保衛,32020095,2026/6/30,2020/6/3,2002/6/28
株式会社博多住吉ホテルマネジメント,812-0018,福岡市博多区住吉一丁目２番８２号,グランドハイアットホテル　１Ｆ,092-282-1234,バー　Ｍａｒｔｉｎｉｓ,飲食店営業,バー,福,博保衛,32020085,2026/6/30,2020/6/3,1996/4/15
株式会社博多住吉ホテルマネジメント,812-0018,福岡市博多区住吉一丁目２番８２号,グランドハイアットホテル　５Ｆ,092-282-1234,グランド　クラブラウンジ,飲食店営業,一般食堂,福,博保衛,32020086,2026/6/30,2020/6/3,1996/4/15
株式会社博多住吉ホテルマネジメント,812-0018,福岡市博多区住吉一丁目２番８２号,グランドハイアットホテル　Ｂ１Ｆ,092-282-1234,コミサリーキッチン,飲食店営業,一般食堂,福,博保衛,32020088,2026/6/30,2020/6/3,1996/4/15
株式会社博多住吉ホテルマネジメント,812-0018,福岡市博多区住吉一丁目２番８２号,グランドハイアットホテル　２Ｆ,092-282-1234,パントリー（２Ｆ）,飲食店営業,一般食堂,福,博保衛,32020090,2026/6/30,2020/6/3,1996/4/15
株式会社博多住吉ホテルマネジメント,812-0018,福岡市博多区住吉一丁目２番８２号,グランドハイアットホテル　２Ｆ,092-282-1234,宴会厨房（２Ｆ）,飲食店営業,一般食堂,福,博保衛,32020091,2026/6/30,2020/6/3,1996/4/15
株式会社博多住吉ホテルマネジメント,812-0018,福岡市博多区住吉一丁目２番８２号,グランドハイアットホテル　３Ｆ,092-282-1234,宴会厨房（３Ｆ）,飲食店営業,旅館,福,博保衛,32020092,2026/6/30,2020/6/3,1996/4/15
株式会社博多住吉ホテルマネジメント,812-0018,福岡市博多区住吉一丁目２番８２号,グランドハイアットホテル　１Ｆ,092-282-1234,ＴＨＥ　ＭＡＲＫＥＴ　Ｆ,飲食店営業,一般食堂,福,博保衛,32020089,2026/6/30,2020/6/3,1996/4/15
株式会社博多住吉ホテルマネジメント,812-0018,福岡市博多区住吉一丁目２番８２号,グランドハイアットホテル　Ｂ１Ｆ,092-282-1234,ペイストリー,菓子製造業,一般,福,博保衛,32060004,2026/6/30,2020/6/3,1996/4/15
株式会社博多住吉ホテルマネジメント,812-0018,福岡市博多区住吉一丁目２番８２号,グランドハイアットホテル　Ｂ１Ｆ,092-282-1234,ベイカリー,菓子製造業,一般,福,博保衛,32060003,2026/6/30,2020/6/3,1996/4/15
株式会社博多住吉ホテルマネジメント,812-0018,福岡市博多区住吉一丁目２番８２号,グランドハイアットホテル　Ｂ１Ｆ,092-282-1234,バー　Ｂａｒ　Ｆｉｚｚ,飲食店営業,一般食堂,福,博保衛,32020087,2026/6/30,2020/6/3,1996/4/15
株式会社　きびる,812-0018,福岡市博多区住吉一丁目２番２５号,キャナルシティ博多アミューズメント棟　４Ｆ,092-263-2262,ＣＡＦＦＥ　ＯＴＴＯ．ｃｙｃｌｏ,飲食店営業,一般食堂,福,博保衛,32020097,2026/6/30,2020/6/3,2002/4/17
,810-0073,福岡市中央区舞鶴一丁目８番３０号,プリズモ２１ビル８－Ａ,092-761-5540,Ｂａｒ　Ｇｏｔｈｉｃ,飲食店営業,バー,福,中保衛,32020069,2026/6/30,2020/6/3,2014/6/5
,810-0014,福岡市中央区平尾一丁目１２番２２号,コンドミニアム薬院南１Ｆ,092-524-5958,磯人,飲食店営業,一般食堂,福,中保衛,32020071,2026/6/30,2020/6/3,2008/5/7
有限会社　ランアンドラン,810-0003,福岡市中央区春吉三丁目２２番１７号,協立ビル１Ｆ,092-732-8478,びすとろ龍や,飲食店営業,一般食堂,福,中保衛,32020073,2026/6/30,2020/6/3,2002/6/14
合同会社オカムラチャネル,810-0073,福岡市中央区舞鶴一丁目５番３１号,,092-725-8581,セブンイレブン福岡那の津通り,飲食店営業,一般食堂,福,中保衛,32010173,2026/6/30,2020/6/3,2020/6/3
株式会社やまくじら,810-0063,福岡市中央区唐人町一丁目２番１４号,,092-771-5226,山内鯨肉店,魚介類販売業,一般,福,中保衛,32130019,2026/6/30,2020/6/3,2020/6/3
有限会社フィッシュ・フクオカ,810-0072,福岡市中央区長浜三丁目１１番３号,,092-711-6340,市場ずし　魚辰,飲食店営業,一般食堂,福,中保衛,32020074,2026/6/30,2020/6/3,2008/4/15
,815-0082,福岡市南区大楠二丁目１３番２２号,,092-531-2023,ランチハウス「ポパイ」,飲食店営業,一般食堂,福,南保衛,32020025,2026/6/30,2020/6/3,1996/5/13
,811-1346,福岡市南区老司二丁目１９番２７号,,092-565-5989,侍寿し,飲食店営業,すし屋,福,南保衛,32020028,2026/6/30,2020/6/3,1982/4/28
株式会社ヒサダヤ,815-0033,福岡市南区大橋二丁目１３番９号,,092-551-4129,肉のヒサダヤ,飲食店営業,そうざい,福,南保衛,32010036,2026/6/30,2020/6/3,2020/6/3
株式会社ヒサダヤ,815-0033,福岡市南区大橋二丁目１３番９号,,092-551-4129,肉のヒサダヤ,食肉販売業,一般,福,南保衛,32330013,2026/6/30,2020/6/3,2020/6/3
株式会社壱岐寿司,815-0036,福岡市南区筑紫丘二丁目５番２８号,,092-551-5088,壱岐寿司,飲食店営業,すし屋,福,南保衛,32020026,2026/6/30,2020/6/3,2014/6/3
,814-0123,福岡市城南区長尾四丁目２４番１０号,,092-801-1733,杯一,飲食店営業,一般食堂,福,城保衛,32020011,2026/6/30,2020/6/3,2014/4/30
イオン九州株式会社,819-0014,福岡市西区豊浜三丁目１番１０号,,092-883-4147,イオンマリナタウン店（上海菜館）,飲食店営業,そうざい,福,西保衛,32020023,2026/6/30,2020/6/3,2008/5/29
,810-0801,福岡市博多区中洲二丁目３番１２号,八和ビル　２Ｆ,092-262-0149,博多　神奈比,飲食店営業,一般食堂,福,博保衛,32020098,2026/6/30,2020/6/4,2008/4/17
株式会社　ニューブランド,812-0896,福岡市博多区東光寺町二丁目８番２２号,,092-481-8188,かつや博多東光寺店,飲食店営業,一般食堂,福,博保衛,32020102,2026/6/30,2020/6/4,2014/5/12
株式会社　浪漫座,810-0801,福岡市博多区中洲二丁目５番１８号,第２０ラインビル　４階,092-263-6888,クラブ　浪漫座,飲食店営業,バー,福,博保衛,32020103,2026/6/30,2020/6/4,2014/6/24
株式会社　パールハウス,812-0893,福岡市博多区那珂五丁目２番２２号,,092-472-4100,株式会社　パールハウス,菓子製造業,一般,福,博保衛,32060006,2026/6/30,2020/6/4,1991/4/2
株式会社　パールハウス,812-0893,福岡市博多区那珂五丁目２番２２号,,092-472-4100,株式会社　パールハウス,アイスクリーム類製造業,一般,福,博保衛,32280001,2026/6/30,2020/6/4,1991/4/2
株式会社　パールハウス,812-0893,福岡市博多区那珂五丁目２番２２号,,092-472-4100,株式会社　パールハウス,食品の冷凍又は冷蔵業,なし,福,博保衛,32200001,2026/6/30,2020/6/4,1991/4/2
ストアコマース　株式会社,812-0011,福岡市博多区博多駅前二丁目３番１２号,１Ｆ,092-412-0851,ローソン博多駅前店,飲食店営業,一般食堂,福,博保衛,32020099,2026/6/30,2020/6/4,2014/4/22
国家公務員共済組合連合会,810-0022,福岡市中央区薬院四丁目２１番１号,,092-521-1364,ＫＫＲホテル博多,そうざい製造業,なし,福,中保衛,32580002,2026/6/30,2020/6/4,2008/6/3
株式会社さばろう,810-0021,福岡市中央区今泉一丁目１４番２０号,イーグル７ビル２Ｆ,092-739-9022,今泉キッチン,飲食店営業,一般食堂,福,中保衛,32010175,2026/6/30,2020/6/4,2020/6/4
,810-0031,福岡市中央区谷一丁目１４番２号,,,カフェ　クラリ,飲食店営業,一般食堂,福,中保衛,32010162,2026/6/30,2020/6/4,2020/6/4
有限会社ジャンカラ九州,810-0001,福岡市中央区天神二丁目７番６号,ＤＡＤＡビル４階,,ジャンボカラオケ広場　天神店,飲食店営業,一般食堂,福,中保衛,32020078,2026/6/30,2020/6/4,2014/6/10
,810-0031,福岡市中央区谷一丁目６番１０号,,,谷一ｃａｆｅ,飲食店営業,一般食堂,福,中保衛,32010163,2026/6/30,2020/6/4,2020/6/4
株式会社アペックス西日本,810-0072,福岡市中央区長浜二丁目４番１号,,,（株）東芝　１２Ｆ,喫茶店営業,自動販売機,福,中保衛,32240007,2026/6/30,2020/6/4,1994/4/25
株式会社アペックス西日本,810-0072,福岡市中央区長浜二丁目４番１号,,,（株）東芝　４Ｆ,喫茶店営業,自動販売機,福,中保衛,32240005,2026/6/30,2020/6/4,1994/4/25
株式会社アペックス西日本,810-0072,福岡市中央区長浜二丁目４番１号,,,（株）東芝　８Ｆ,喫茶店営業,自動販売機,福,中保衛,32240006,2026/6/30,2020/6/4,1994/4/25
株式会社アペックス西日本,810-0072,福岡市中央区長浜二丁目４番１号,,,（株）東芝　１Ｆ,喫茶店営業,自動販売機,福,中保衛,32240004,2026/6/30,2020/6/4,1994/4/25
株式会社アペックス西日本,810-0072,福岡市中央区長浜二丁目４番１号,,,（株）東芝　１５Ｆ,喫茶店営業,自動販売機,福,中保衛,32240008,2026/6/30,2020/6/4,1996/6/7
株式会社ハーバーウエスト,810-0001,福岡市中央区天神二丁目２番４３号,ソラリアプラザ６Ｆ,092-773-7369,博多おだいどこ　まま魚,飲食店営業,一般食堂,福,中保衛,32020077,2026/6/30,2020/6/4,2014/5/26
,811-1302,福岡市南区井尻四丁目５番１４号,,092-585-5562,串処　六,飲食店営業,一般食堂,福,南保衛,32010037,2026/6/30,2020/6/4,2020/6/4
,814-0123,福岡市城南区長尾一丁目１７番１２号,１階,092-407-6088,藁米,そうざい製造業,なし,福,城保衛,32570001,2026/6/30,2020/6/4,2020/6/4
有限会社　アマモト,812-0016,福岡市博多区博多駅南二丁目１８番４号,,092-431-5945,セブンイレブン　博多宮島店,飲食店営業,一般食堂,福,博保衛,32020106,2026/6/30,2020/6/5,1991/4/11
,812-0036,福岡市博多区上呉服町１０番１号,博多三井ビル　Ｂ１Ｆ,092-272-0328,ＣＡＦＥ３２８,飲食店営業,一般食堂,福,博保衛,32020109,2026/6/30,2020/6/5,2014/5/14
,812-0038,福岡市博多区祇園町４番１０号,祇園ライフビル,092-262-8109,焼き鳥　八どり,飲食店営業,一般食堂,福,博保衛,32020105,2026/6/30,2020/6/5,2008/4/23
有限会社　食文,810-0001,福岡市中央区天神二丁目１４番８号,,092-781-7638,葡萄園,菓子製造業,一般,福,中保衛,32060007,2026/6/30,2020/6/5,2002/5/10
,810-0029,福岡市中央区平尾浄水町１番２２号,ＣＲＧ　ＡＰＥＸ　ＪＯＳＵＩⅠ　１Ｆ　１０３,,にほん料理　Ｗａ心,飲食店営業,レストラン,福,中保衛,32020081,2026/6/30,2020/6/5,2014/6/19
,810-0001,福岡市中央区天神五丁目８番２６号,,092-753-9978,親庭,飲食店営業,一般食堂,福,中保衛,32020083,2026/6/30,2020/6/5,2014/4/22
有限会社　マキオ,810-0022,福岡市中央区薬院三丁目７番２４号,,092-285-4412,ゆるり,飲食店営業,一般食堂,福,中保衛,32020082,2026/6/30,2020/6/5,2008/5/22
株式会社ＴＷＩＣＥ－ＵＰ．,810-0023,福岡市中央区警固二丁目１１番１０号,高橋ビル１Ｆ,,わたぬき,飲食店営業,一般食堂,福,中保衛,32010174,2026/6/30,2020/6/5,2020/6/5
,810-0021,福岡市中央区今泉一丁目１７番１８号,ＹＭ今泉２Ｆ,,博多なみぜん,飲食店営業,一般食堂,福,中保衛,32010105,2026/6/30,2020/6/5,2020/6/5
株式会社ＭＭｃｒｅｗ,810-0041,福岡市中央区大名一丁目１２番２７号,,092-741-7778,坐離宮,飲食店営業,一般食堂,福,中保衛,32010179,2026/6/30,2020/6/5,2020/6/5
,815-0034,福岡市南区南大橋二丁目１５番１８号,,,キセツとお菓子　ｍａｉ,菓子製造業,一般,福,南保衛,32050003,2026/6/30,2020/6/5,2020/6/5
株式会社ヨシックスフーズ,811-1302,福岡市南区井尻一丁目３７番１３号,井尻ビクトリービル１F,092-574-8328,や台ずし　井尻駅前町,飲食店営業,一般食堂,福,南保衛,32020030,2026/6/30,2020/6/5,2014/6/27
,814-0151,福岡市城南区堤二丁目２２番１号,,092-861-0524,寿司・割烹　虎勝,飲食店営業,一般食堂,福,城保衛,32010007,2026/6/30,2020/6/5,2020/6/5
有限会社ターボマニア,814-0171,福岡市早良区野芥七丁目４８番３号,,,博多海鮮どんぶり　よーい丼,飲食店営業,弁当屋,福,早保衛,32010030,2026/6/30,2020/6/5,2020/6/5
有限会社ターボマニア,814-0171,福岡市早良区野芥七丁目４８番３号,,,玉響　早良野芥店,飲食店営業,一般食堂,福,早保衛,32010029,2026/6/30,2020/6/5,2020/6/5
株式会社Ｌｕｇｏ,819-0014,福岡市西区豊浜一丁目１番２号,,092-885-9777,スポーツパブ　ルーゴ,飲食店営業,一般食堂,福,西保衛,32020024,2026/6/30,2020/6/5,2008/6/19
,810-0801,福岡市博多区中洲二丁目６番１２号,第５ラインビル　７Ｆ,092-291-0878,ＳＩＬＫＹ　ＷＡＹ,飲食店営業,一般食堂,福,博保衛,32020111,2026/6/30,2020/6/8,1996/4/18
,812-0024,福岡市博多区綱場町３番１１号,大生館（１０３）,092-262-5128,とまと家,飲食店営業,一般食堂,福,博保衛,32020117,2026/6/30,2020/6/8,2008/5/13
株式会社　ＺＯＮＯＳＴＹＬＥ,812-0025,福岡市博多区店屋町３番３４号,ＴＥＮＹＡビル　１Ｆ,092-710-6818,博多店屋町ゾノブリアン,食肉販売業,一般,福,博保衛,32330044,2026/6/30,2020/6/8,2020/6/8
有限会社　Ｍ’ｓ　Ｃｏｒｐｏｒａｔｉｏｎ,810-0801,福岡市博多区中洲二丁目７番２９号,インフォスタービル　２階,092-273-1888,Ｒｏｅ,飲食店営業,カフェー,福,博保衛,32020118,2026/6/30,2020/6/8,2014/5/14
株式会社　野田和光堂,812-0017,福岡市博多区美野島一丁目９番２７号,,092-431-4425,（株）野田和光堂,菓子製造業,一般,福,博保衛,32060007,2026/6/30,2020/6/8,1977/6/30
,812-0018,福岡市博多区住吉二丁目１５番１０号,カーサ博多　１Ｆ　１０３号,092-271-8908,ナムラ８超,飲食店営業,一般食堂,福,博保衛,32020114,2026/6/30,2020/6/8,2008/4/25
,810-0801,福岡市博多区中洲三丁目４番６号,多門ビル８３　５階　Ｄ－５,092-281-6165,ポコ・ア・ポコ,飲食店営業,一般食堂,福,博保衛,32020116,2026/6/30,2020/6/8,1986/4/30
株式会社　Ｓｔａｋｅ　Ｏｎｅ’ｓ　Ｌｉｆｅ,812-0894,福岡市博多区諸岡五丁目２７番１２号,,092-572-2970,晩酌家　蔵〆,飲食店営業,一般食堂,福,博保衛,32020112,2026/6/30,2020/6/8,2014/5/30
,810-0801,福岡市博多区中洲二丁目７番３号,リトル中洲ビル　３階　３－Ａ号室,092-261-2239,ＶＩＬＬＡ,飲食店営業,カフェー,福,博保衛,32010098,2026/6/30,2020/6/8,2020/6/8
,810-0801,福岡市博多区中洲四丁目２番５号,中洲岡部ビル３号館　５階　５０１号室,,ＧｉＲＬＳＢＡＲ　ＯＡＳＩＳ,飲食店営業,バー,福,博保衛,32010117,2026/6/30,2020/6/8,2020/6/8
有限会社フードマン,810-0001,福岡市中央区天神二丁目２番４３号,ソラリアプラザ６Ｆ,092-733-7474,ＨＡＣＨＩ　ＨＡＣＨＩ,飲食店営業,一般食堂,福,中保衛,32020085,2026/6/30,2020/6/8,2014/5/26
,810-0023,福岡市中央区警固一丁目６番１０号,,092-406-3859,伊食家ＫＯＴＯＢＵＫＩ,飲食店営業,一般食堂,福,中保衛,32020088,2026/6/30,2020/6/8,2014/7/1
,810-0001,福岡市中央区天神三丁目７番１号,花田ビル２F,092-713-4511,元気満天食堂　しげまつ,飲食店営業,一般食堂,福,中保衛,32020089,2026/6/30,2020/6/8,2008/4/21
株式会社　ピエトロ,810-0001,福岡市中央区天神二丁目２番４３号,ソラリアプラザ６階,092-733-7602,洋麺屋ピエトロ　ソラリア店,飲食店営業,一般食堂,福,中保衛,32020095,2026/6/30,2020/6/8,2014/5/23
,810-0053,福岡市中央区鳥飼二丁目１番４６号,,092-753-7988,ＳＡＮＤ　ＧＯＴＯ,飲食店営業,一般食堂,福,中保衛,32010047,2026/6/30,2020/6/8,2020/6/8
,810-0041,福岡市中央区大名一丁目７番１０号,ワコーハイツ２０５,092-753-8559,黄昏,飲食店営業,バー,福,中保衛,32010171,2026/6/30,2020/6/8,2020/6/8
アトム株式会社,810-0001,福岡市中央区天神二丁目６番１号,岩田屋新館７Ｆ,092-736-3720,和心とんかつ　あんず,飲食店営業,一般食堂,福,中保衛,32020087,2026/6/30,2020/6/8,2008/4/25
株式会社リトルリーグ,810-0023,福岡市中央区警固一丁目１５番４３号,,092-406-7926,ロンハーマン福岡　ＲＨｃａｆｅ,飲食店営業,一般食堂,福,中保衛,32020094,2026/6/30,2020/6/8,2014/4/18
株式会社　サンマルクカフェ,810-0001,福岡市中央区天神二丁目１１番３号,ソラリアステージビルＭ３階,092-737-7309,サンマルクカフェ　福岡天神駅店,飲食店営業,一般食堂,福,中保衛,32020086,2026/6/30,2020/6/8,2014/6/23
株式会社　サンマルクカフェ,810-0001,福岡市中央区天神二丁目１１番３号,ソラリアステージビルＭ３階,092-737-7309,サンマルクカフェ　福岡天神駅店,菓子製造業,一般,福,中保衛,32060008,2026/6/30,2020/6/8,2014/6/23
有限会社　ファイブスター,810-0001,福岡市中央区天神二丁目８番１２７号,１Ｆ，２Ｆ,092-726-2121,博多ごろうどん/博多もつ鍋五郎,飲食店営業,うどん屋,福,中保衛,32020091,2026/6/30,2020/6/8,2002/4/10
,815-0082,福岡市南区大楠一丁目２９番３１号,ＮＫ２１　１Ｆ,092-521-1919,平和飯店,飲食店営業,一般食堂,福,南保衛,32020033,2026/6/30,2020/6/8,1996/6/19
,815-0082,福岡市南区大楠一丁目１９番７号,,092-523-0697,手島商店,飲食店営業,弁当屋,福,南保衛,32020032,2026/6/30,2020/6/8,2002/5/10
,814-0104,福岡市城南区別府三丁目１７番４号,エスパシオ別府１F,092-407-0383,おさかなとおやさい一灯,食肉販売業,一般,福,城保衛,32330007,2026/6/30,2020/6/8,2020/6/8
,814-0175,福岡市早良区田村二丁目１２番１７号,,092-863-1004,焼鳥　道,飲食店営業,一般食堂,福,早保衛,32020045,2026/6/30,2020/6/8,1992/5/8
地鶏食堂株式会社,811-1133,福岡市早良区曲渕１１９４－８,,,きづき,飲食店営業,弁当屋,福,早保衛,32010033,2026/6/30,2020/6/8,2020/6/8
,819-0043,福岡市西区野方六丁目３６番３５号,,,ハジメフーズ,めん類製造業,生めん,福,西保衛,32560001,2026/6/30,2020/6/8,2014/6/4
株式会社 徳山フードシステム,813-0031,福岡市東区八田一丁目４番５２号,,092-674-5655,コリアンハウス洪苑　八田店,飲食店営業,一般食堂,福,東保衛,32010034,2026/6/30,2020/6/9,2020/6/9
株式会社　はかた天乃,812-0025,福岡市博多区店屋町５番５号,ヴィバイン川端　３F,092-262-2689,はかた天乃,飲食店営業,一般食堂,福,博保衛,32020120,2026/6/30,2020/6/9,2008/5/19
,810-0801,福岡市博多区中洲三丁目６番７号,ギャラリーヤマモトビル　６階,092-282-7024,ガーデン,飲食店営業,バー,福,博保衛,32020124,2026/6/30,2020/6/9,2014/5/22
,812-0018,福岡市博多区住吉五丁目９番２１号,武石ビル　１０３号,092-481-7753,夢のつぼみ,飲食店営業,一般食堂,福,博保衛,32020126,2026/6/30,2020/6/9,2008/4/15
,812-0011,福岡市博多区博多駅前四丁目１５番１７号,エステートモア博多公園通り　１Ｆ　１０２号,092-409-9876,飯や　銀次郎,飲食店営業,一般食堂,福,博保衛,32020121,2026/6/30,2020/6/9,2014/4/11
,812-0011,福岡市博多区博多駅前三丁目２番８号,Ｂ１Ｆ,092-473-8921,稀鳥屋,飲食店営業,一般食堂,福,博保衛,32020125,2026/6/30,2020/6/9,2002/4/17
Ａｐｐｒｅｃｉａｔｅ　ＪＡＰＡＮ　株式会社,810-0801,福岡市博多区中洲五丁目５番９号,サンゴールデンビル　１階,092-262-1566,イタリアン　カフェ　＆　トラットリア　バンビーノ,飲食店営業,一般食堂,福,博保衛,32010116,2026/6/30,2020/6/9,2020/6/9
,810-0801,福岡市博多区中洲三丁目４番５号,多門ビル　１階　Ｅ号室,,Ｋｏｃｈｉ,飲食店営業,一般食堂,福,博保衛,32010107,2026/6/30,2020/6/9,2020/6/9
有限会社　アイ・エイチ福岡,812-0038,福岡市博多区祇園町６番３７号,,092-271-2169,炭火焼　ひら山,食肉販売業,一般,福,博保衛,32330040,2026/6/30,2020/6/9,2020/6/9
株式会社　石井Ｅ．Ｆ．Ｓ,810-0801,福岡市博多区中洲二丁目７番１３号,第２エジンバラビル　１階,092-282-9990,熱帯夜,飲食店営業,バー,福,博保衛,32010113,2026/6/30,2020/6/9,2020/6/9
株式会社　じょうもん,810-0801,福岡市博多区中洲二丁目７番２０号,ニューワールドビル　４階　全室,092-283-7037,会員制じょうもん,飲食店営業,カフェー,福,博保衛,32010108,2026/6/30,2020/6/9,2020/6/9
株式会社　ミヤチク,810-0801,福岡市博多区中洲五丁目２番１号,ジェイパーク中洲ビル　２階,092-262-2914,宮崎牛専門店　博多みやちく,飲食店営業,一般食堂,福,博保衛,32020123,2026/6/30,2020/6/9,2008/4/21
ＪＲ九州フードサービス　株式会社,812-0018,福岡市博多区住吉一丁目２番２２号,キャナルシティ　４Ｆ,092-263-2340,うまや　キャナルシティ店,飲食店営業,一般食堂,福,博保衛,32020122,2026/6/30,2020/6/9,1996/4/15
,810-0801,福岡市博多区中洲二丁目７番１３号,第２エジンバラビル　３階,092-282-9933,熱帯夜Ｌｉｇｈｔ,飲食店営業,バー,福,博保衛,32010114,2026/6/30,2020/6/9,2020/6/9
株式会社モンテリブロ,810-0001,福岡市中央区天神二丁目２番４３号,ソラリアプラザ６Ｆ　６０３,092-733-7377,ひものや　こはち,飲食店営業,一般食堂,福,中保衛,32020096,2026/6/30,2020/6/9,2014/5/26
有限会社　ナーシェレ,810-0001,福岡市中央区天神二丁目２番４３号,ソラリアプラザ６Ｆ,092-733-7122,ＦＥＬＩＣＥ　ＢＡＳＩＬ　ＢＫカフェ,飲食店営業,一般食堂,福,中保衛,32020097,2026/6/30,2020/6/9,2014/5/27
,810-0003,福岡市中央区春吉三丁目１４番２５号,畠田ビル１Ｆ,092-752-9515,サケサカナ　太郎坊,飲食店営業,一般食堂,福,中保衛,32020099,2026/6/30,2020/6/9,2014/5/2
ウオクニ株式会社,810-0004,福岡市中央区渡辺通二丁目１番８２号,電気ビル１２階,,スカイルーム,飲食店営業,一般食堂,福,中保衛,32020098,2026/6/30,2020/6/9,2008/5/15
,810-0004,福岡市中央区渡辺通二丁目３番２７号,待鳥ビル１０４号,092-713-0187,鶴　鷹,飲食店営業,一般食堂,福,中保衛,32020100,2026/6/30,2020/6/9,1991/6/5
,810-0003,福岡市中央区春吉二丁目８番３１号,,092-761-0037,晴良,飲食店営業,一般食堂,福,中保衛,32020101,2026/6/30,2020/6/9,2014/5/27
株式会社エスプリボローニャ,810-0073,福岡市中央区舞鶴一丁目８番２６号,グランパーク天神１０１号,092-791-8677,ＩＴＡＬＥＶＩＮＯ,飲食店営業,一般食堂,福,中保衛,32020102,2026/6/30,2020/6/9,2014/6/17
,810-0042,福岡市中央区赤坂三丁目１２番１６号,ルシール赤坂２Ｆ,092-739-0061,ＳＯＬＯ,飲食店営業,バー,福,中保衛,32010117,2026/6/30,2020/6/9,2020/6/9
株式会社Ｇｏｏｄ　Ｈｕｍｏｒ　Ｃｏｍｐａｎｙ,810-0014,福岡市中央区平尾二丁目９番８番,サンハイツ平尾１Ｆ,092-707-1164,蒸屋　じょうきげん,食肉販売業,一般,福,中保衛,32330062,2026/6/30,2020/6/9,2020/6/9
株式会社ＳＥＥＬＥ　ＥＮＴＥＲＴＡＩＮＭＥＮＴ,810-0073,福岡市中央区舞鶴一丁目８番３０番,プリズモ２１　１－Ｂ,,炉端酒場ヴァーリトゥード,飲食店営業,一般食堂,福,中保衛,32010182,2026/6/30,2020/6/9,2020/6/9
,811-1353,福岡市南区柏原一丁目６番１５号,,092-565-5322,フーズユニックス技研,魚介類販売業,一般,福,南保衛,32140005,2026/6/30,2020/6/9,1996/5/16
ウオクニ株式会社,815-0071,福岡市南区平和二丁目４番６号,,,（株）十八銀行平和寮,飲食店営業,一般食堂,福,南保衛,32010035,2026/6/30,2020/6/9,2020/6/9
,815-0042,福岡市南区若久四丁目２番３１号,,092-211-5108,Ｃａｆｅ　Ｓｔｕｄｉｏ　ＣｏｔｏＮｏｈａ,飲食店営業,一般食堂,福,南保衛,32020034,2026/6/30,2020/6/9,2014/5/9
株式会社海雲亭,815-0081,福岡市南区那の川一丁目２２番２２号,,092-531-1065,焼肉海雲亭,食肉販売業,一般,福,南保衛,32330015,2026/6/30,2020/6/9,2020/6/9
有限会社　ライトフーズ,819-0002,福岡市西区姪の浜五丁目９番１号,,092-891-7724,福岡市交通局姪浜合同事務所内食堂,飲食店営業,一般食堂,福,西保衛,32020026,2026/6/30,2020/6/9,2008/4/9
福岡市農業協同組合,819-0022,福岡市西区福重一丁目９番８号,,092-711-2065,ＪＡ福岡市調理加工場,そうざい製造業,なし,福,西保衛,32570003,2026/6/30,2020/6/9,2020/6/9
,812-0053,福岡市東区箱崎五丁目１１番１０号,,,博多もつ鍋　くすのき,飲食店営業,一般食堂,福,東保衛,32020036,2026/6/30,2020/6/10,2014/6/24
,812-0854,福岡市博多区東月隈三丁目１８番４号,,092-504-3954,サンキュウ惣菜,飲食店営業,そうざい,福,博保衛,32020129,2026/6/30,2020/6/10,2014/6/5
株式会社　ピエトロ,812-0018,福岡市博多区住吉一丁目２番２２号,キャナルシティ　Ｂ１Ｆ,092-263-2208,ピエトロ　キャナルシティ店,飲食店営業,一般食堂,福,博保衛,32020135,2026/6/30,2020/6/10,1996/4/10
有限会社　シャポー,812-0027,福岡市博多区下川端町１番３号,日動興業福岡第２ビル　１Ｆ,092-271-7795,珈琲のシャポー　土居町本店,飲食店営業,一般食堂,福,博保衛,32020133,2026/6/30,2020/6/10,1986/6/9
株式会社　マースプランニング,812-0012,福岡市博多区博多駅中央街４番１０号,２Ｆ,092-434-1311,海鮮処　松月亭　博多本店,飲食店営業,一般食堂,福,博保衛,32020132,2026/6/30,2020/6/10,2014/6/20
,812-0024,福岡市博多区綱場町５番５号,,092-291-0896,居酒屋　よかろうもん,飲食店営業,一般食堂,福,博保衛,32020130,2026/6/30,2020/6/10,2014/5/2
,812-0884,福岡市博多区寿町三丁目１番３２号,香月ビル　１Ｆ,092-502-3022,スナック　史佳,飲食店営業,バー,福,博保衛,32020128,2026/6/30,2020/6/10,2014/6/19
もり家　株式会社,812-0011,福岡市博多区博多駅前三丁目２３番１２号,Ｂ１Ｆ,092-473-7867,もり家,飲食店営業,一般食堂,福,博保衛,32010123,2026/6/30,2020/6/10,2020/6/10
株式会社　炭寅コーポレーション,812-0013,福岡市博多区博多駅東二丁目７番２７号,テラソⅡ　２Ｆ,092-260-1612,炭寅　博多筑紫通店,飲食店営業,一般食堂,福,博保衛,32020134,2026/6/30,2020/6/10,2014/4/21
,810-0073,福岡市中央区舞鶴一丁目３番３１号,ハイラーク舞鶴１０１,092-714-5273,花むら,飲食店営業,一般食堂,福,中保衛,32020110,2026/6/30,2020/6/10,1986/5/2
,810-0001,福岡市中央区天神三丁目４番１５号,天神バッカス館１０３,092-732-3077,火星家,飲食店営業,一般食堂,福,中保衛,32020112,2026/6/30,2020/6/10,2014/6/20
,810-0041,福岡市中央区大名一丁目１１番２９号,山本店舗５号,092-721-6829,スタンド　バー　ＢＥＭ,飲食店営業,一般食堂,福,中保衛,32020114,2026/6/30,2020/6/10,1996/6/25
,810-0001,福岡市中央区天神一丁目１５番３号,,092-722-0061,はる,飲食店営業,一般食堂,福,中保衛,32020104,2026/6/30,2020/6/10,1996/5/23
,810-0004,福岡市中央区渡辺通二丁目９番１３号,,092-724-3747,旬鮮　つるの家,飲食店営業,一般食堂,福,中保衛,32020105,2026/6/30,2020/6/10,2014/6/30
,810-0045,福岡市中央区草香江一丁目２番１７号,１Ｆ,092-771-3926,火の車,飲食店営業,一般食堂,福,中保衛,32020106,2026/6/30,2020/6/10,2008/4/2
,810-0014,福岡市中央区平尾二丁目１７番２０号,グランド平尾１０２,092-526-6444,ｂａｒ　㐂多島,飲食店営業,一般食堂,福,中保衛,32020108,2026/6/30,2020/6/10,2002/4/27
ゴディバジャパン株式会社,810-0001,福岡市中央区天神二丁目地下１号－０４１,,092-714-1031,ゴディバ天神地下街店,喫茶店営業,一般,福,中保衛,32240009,2026/6/30,2020/6/10,2008/4/22
株式会社モンテリブロ,810-0044,福岡市中央区六本松二丁目２番１０号,アクアリゾート１Ｆ,092-791-8806,八尺鳥,飲食店営業,一般食堂,福,中保衛,32010183,2026/6/30,2020/6/10,2020/6/10
株式会社Ｃ．Ｆ．Ｃ．ｃｏｍｐａｎｙ,810-0001,福岡市中央区天神三丁目４番１４号,天神スタービル１Ｆ,092-725-6755,博多一口餃子たけとら天神店,飲食店営業,一般食堂,福,中保衛,32020109,2026/6/30,2020/6/10,2014/5/8
有限会社流通メディアサービス,810-0021,福岡市中央区今泉一丁目１９番１２号,サキタビル　２Ｆ,092-713-2123,ナトレーザ,食肉販売業,一般,福,中保衛,32340009,2026/6/30,2020/6/10,2014/6/10
,810-0021,福岡市中央区今泉二丁目５番６号,今泉スクエア　２－DC,092-726-0750,ＥＬ　ＰＡＴＩＯ,飲食店営業,一般食堂,福,中保衛,32020107,2026/6/30,2020/6/10,2014/6/6
,811-1311,福岡市南区横手二丁目１番１号,,092-501-4870,白雲軒,飲食店営業,一般食堂,福,南保衛,32020036,2026/6/30,2020/6/10,1991/5/23
,814-0133,福岡市城南区七隈五丁目９番１１号,,092-874-0475,勢龍,食肉販売業,一般,福,城保衛,32330008,2026/6/30,2020/6/10,2020/6/10
,814-0002,福岡市早良区西新四丁目４番４号　２Ｆ,,092-851-7710,GAIL,飲食店営業,バー,福,早保衛,32010031,2026/6/30,2020/6/10,2020/6/10
株式会社　中野和一郎商店,819-0001,福岡市西区小戸四丁目１８番２７号,,092-881-1831,（株）中野和一郎商店,そうざい製造業,なし,福,西保衛,32580001,2026/6/30,2020/6/10,1976/6/23
トリゼンフーズ　株式会社,812-0044,福岡市博多区千代一丁目８番１３号,,092-641-6301,トリゼンフーズ　株式会社,缶詰又は瓶詰食品製造業,なし,福,博保衛,32220001,2026/6/30,2020/6/11,2002/6/25
有限会社　徳風堂,812-0007,福岡市博多区東比恵二丁目２２番１５号,プライムスクエア　１Ｆ（１０７号室）,092-433-3333,創作弁当　辻（しんにょうの点が１つ）が花,飲食店営業,仕出し,福,博保衛,32020139,2026/6/30,2020/6/11,2014/4/22
,810-0801,福岡市博多区中洲二丁目６番１２号,第５ラインビル　５階,092-283-7227,華楽,飲食店営業,バー,福,博保衛,32020136,2026/6/30,2020/6/11,2014/5/16
,810-0801,福岡市博多区中洲四丁目５番３号,吉田ビル　１階,092-291-6313,六三亭,飲食店営業,料理店,福,博保衛,32020141,2026/6/30,2020/6/11,2008/4/30
株式会社　彩稟,812-0013,福岡市博多区博多駅東二丁目８番２８号,博多Ｑビル　３Ｆ,092-710-5808,株式会社　彩稟,食品の冷凍又は冷蔵業,なし,福,博保衛,32190003,2026/6/30,2020/6/11,2020/6/11
株式会社　彩稟,812-0013,福岡市博多区博多駅東二丁目８番２８号,博多Ｑビル　１Ｆ,092-482-8040,酒肴焼肉　彩稟,食肉販売業,一般,福,博保衛,32330047,2026/6/30,2020/6/11,2020/6/11
有限会社　利花苑,812-0013,福岡市博多区博多駅東二丁目７番２７号,テラソⅡ　２Ｆ,092-432-0291,鉄板焼　利花苑,飲食店営業,一般食堂,福,博保衛,32020144,2026/6/30,2020/6/11,2014/6/10
株式会社　ＥＶＯＲＩＳＥ,812-0013,福岡市博多区博多駅東三丁目１番６号,パールコーポ　１Ｆ,092-472-7739,博多一双　博多駅東本店,飲食店営業,一般食堂,福,博保衛,32020138,2026/6/30,2020/6/11,2014/5/26
株式会社　ＥＶＯＲＩＳＥ,810-0801,福岡市博多区中洲二丁目６番６号,,092-262-7776,博多一双　中洲店,飲食店営業,一般食堂,福,博保衛,32020142,2026/6/30,2020/6/11,2014/5/22
株式会社　オレンジフードコート,812-0018,福岡市博多区住吉一丁目２番２２号,キャナルシティ　Ｂ１Ｆ,092-263-2306,ディッパーダン,飲食店営業,一般食堂,福,博保衛,32020137,2026/6/30,2020/6/11,1996/4/9
,810-0074,福岡市中央区大手門三丁目１番１０号,,092-751-6250,天火鳥にくしん,飲食店営業,一般食堂,福,中保衛,32020115,2026/6/30,2020/6/11,1996/6/4
,810-0051,福岡市中央区大濠公園３番２号,小川ビル１Ｆ,050-1008-4794,茶ぶ釜うどん,飲食店営業,うどん屋,福,中保衛,32020117,2026/6/30,2020/6/11,2014/4/8
,810-0041,福岡市中央区大名一丁目１２番３２号,,092-735-2668,北キツネの大好物　大名店,飲食店営業,一般食堂,福,中保衛,32020119,2026/6/30,2020/6/11,2002/4/10
,810-0021,福岡市中央区今泉一丁目２番８号,アンドン２－Ｄ,092-725-2116,ＬＥ　ＰＡＲＩＧＯＴ,飲食店営業,カフェー,福,中保衛,32020120,2026/6/30,2020/6/11,2014/5/9
,810-0021,福岡市中央区今泉一丁目１３番２７号,サン・スペース２０２,092-726-7922,Ｚｅｎ,飲食店営業,一般食堂,福,中保衛,32020121,2026/6/30,2020/6/11,2014/5/2
,810-0002,福岡市中央区西中洲２番１４号,第２フジクラビル２－Ｈ,,ＳＮＡＣＫ　今宵,飲食店営業,バー,福,中保衛,32020118,2026/6/30,2020/6/11,2014/5/26
,815-0031,福岡市南区清水三丁目２４番２２号,,092-552-9400,ローソン第一薬科大前店,飲食店営業,一般食堂,福,南保衛,32010038,2026/6/30,2020/6/11,2020/6/11
,811-1346,福岡市南区老司四丁目１４番１４号,,092-566-8746,さんかく屋,飲食店営業,弁当屋,福,南保衛,32020037,2026/6/30,2020/6/11,2008/6/16
,811-1344,福岡市南区三宅二丁目３７番１６号,,092-542-3888,ほるもん　ブル,飲食店営業,一般食堂,福,南保衛,32020038,2026/6/30,2020/6/11,2008/6/20
,814-0142,福岡市城南区片江五丁目７番１４－１０３号,ハイツ竹林Ａ,092-874-2020,福ちゃん弁当,飲食店営業,弁当屋,福,城保衛,32010009,2026/6/30,2020/6/11,2020/6/11
,814-0122,福岡市城南区友泉亭２番３号１Ｆ－Ｂ,,092-724-3167,カラオケスナック　ラララ,飲食店営業,一般食堂,福,城保衛,32010010,2026/6/30,2020/6/11,2020/6/11
株式会社　ミネルヴァ,812-0041,福岡市博多区吉塚一丁目１５番９号,,092-611-7758,セブンイレブン博多吉塚１丁目店,飲食店営業,一般食堂,福,博保衛,32020153,2026/6/30,2020/6/12,2014/6/17
株式会社　東洋食品,812-0853,福岡市博多区東平尾一丁目９番１６号,,092-629-8060,福岡市立第１給食センター,飲食店営業,仕出し,福,博保衛,32020156,2026/6/30,2020/6/12,2014/6/18
株式会社　平四郎,812-0018,福岡市博多区住吉一丁目２番２２号,キャナルシティ　４Ｆ,092-263-7400,廻転寿司　平四郎,飲食店営業,すし屋,福,博保衛,32020151,2026/6/30,2020/6/12,2002/6/4
株式会社　ホットランド,812-0018,福岡市博多区住吉一丁目２番２２号,キャナルシティＯＰＡ　Ｂ１Ｆ,092-263-2700,築地銀だこ,飲食店営業,一般食堂,福,博保衛,32020150,2026/6/30,2020/6/12,2008/4/25
合同会社　Ｒｏｕｇｅ,810-0801,福岡市博多区中洲三丁目６番５号,スターライトビル９－２階,,ＵＮＩＧＨＴ,飲食店営業,カフェー,福,博保衛,31010942,2026/6/30,2020/6/12,2020/6/12
株式会社　三味,812-0044,福岡市博多区千代一丁目２３番２９号,元祖トマトラーメンビル　２号館　３Ｆ,092-710-5333,元祖トマトラーメン　三味（３３３）　第１工場,食品の冷凍又は冷蔵業,なし,福,博保衛,32190002,2026/6/30,2020/6/12,2020/6/12
株式会社　人形町今半,812-0012,福岡市博多区博多駅中央街１番１号,ＪＲ博多シティ　９Ｆ　アミュプラザ博多,092-409-6600,人形町　今半,食肉販売業,一般,福,博保衛,32330046,2026/6/30,2020/6/12,2020/6/12
,812-0888,福岡市博多区板付二丁目１３番１９号,荻林ビル　１Ｆ,092-571-8847,お智代食堂,飲食店営業,一般食堂,福,博保衛,32020159,2026/6/30,2020/6/12,2008/4/4
,812-0018,福岡市博多区住吉二丁目１５番１０－１０４号,カーサ博多,092-272-3511,中国料理　武,飲食店営業,中華店,福,博保衛,32020157,2026/6/30,2020/6/12,2014/6/12
,812-0026,福岡市博多区上川端町１番１２号,,,お食事処　ちよちゃん,飲食店営業,一般食堂,福,博保衛,32020158,2026/6/30,2020/6/12,2014/4/22
株式会社ココロ,810-0801,福岡市博多区中洲五丁目４番６号,リバーフェイス　２０２号,092-263-1138,幸陽丸,飲食店営業,一般食堂,福,博保衛,32020152,2026/6/30,2020/6/12,2008/4/10
,812-0884,福岡市博多区寿町二丁目２番３号,,,焼鳥ぶっちょん,飲食店営業,一般食堂,福,博保衛,32010126,2026/6/30,2020/6/12,2020/6/12
,810-0003,福岡市中央区春吉三丁目２３番２７号,久保田ビル１Ｆ,092-724-8887,すっぽん料理・割烹くぼた,飲食店営業,一般食堂,福,中保衛,32020122,2026/6/30,2020/6/12,2014/6/23
,810-0041,福岡市中央区大名二丁目１番１２号,メゾン天神１０１号,092-716-4074,竜の字　大名食堂,飲食店営業,一般食堂,福,中保衛,32020123,2026/6/30,2020/6/12,2002/6/21
有限会社船津商店,810-0003,福岡市中央区春吉一丁目６番３号,,092-771-1555,有限会社　船津商店,魚介類販売業,一般,福,中保衛,32130020,2026/6/30,2020/6/12,2020/6/12
株式会社スーホ高商事,810-0001,福岡市中央区天神三丁目４番１４号,天神スタービル２階,092-753-7535,スーホダイニングバー,飲食店営業,一般食堂,福,中保衛,32010192,2026/6/30,2020/6/12,2020/6/12
,815-0037,福岡市南区玉川町１７番２３－１０２号,,092-555-7820,文治,飲食店営業,一般食堂,福,南保衛,32020041,2026/6/30,2020/6/12,2014/4/7
,815-0033,福岡市南区大橋一丁目１０番１５号,原田ビル　１Ｆ,092-557-3255,手羽先居酒屋　がんまる,飲食店営業,一般食堂,福,南保衛,32020039,2026/6/30,2020/6/12,2014/4/7
株式会社エスドット,815-0037,福岡市南区玉川町１１番１１号,,092-554-7474,はや川,食肉販売業,一般,福,南保衛,32330017,2026/6/30,2020/6/12,2020/6/12
,814-0103,福岡市城南区鳥飼七丁目６番２号,ロイヤルコート若狭Ⅱ,092-407-7531,シュガーリーフ,菓子製造業,一般,福,城保衛,32060002,2026/6/30,2020/6/12,2014/4/2
株式会社　ロンハイ,819-0379,福岡市西区北原一丁目１６番２６号,フェイス８３０伊都内,092-805-1888,ロンハイズカフェ,喫茶店営業,一般,福,西保衛,32240005,2026/6/30,2020/6/12,2008/4/11
株式会社　ロンハイ,819-0379,福岡市西区北原一丁目１６番２６号,フェイス８３０伊都内,092-805-1888,ゆず,飲食店営業,一般食堂,福,西保衛,32020030,2026/6/30,2020/6/12,2008/4/11
株式会社梅の花サービス,819-0046,福岡市西区西の丘二丁目１番,,092-895-5255,梅の花　西の丘店,飲食店営業,レストラン,福,西保衛,32020029,2026/6/30,2020/6/12,2008/4/2
株式会社ｍｕｓｕｂｉ ｓｙｓｔｅｍ,813-0017,福岡市東区香椎照葉五丁目１番１５号,１Ｆ,,ＣＡＦＥ　ＫＮＯＴ　ＫＮＯＴ,飲食店営業,一般食堂,福,東保衛,32010044,2026/6/30,2020/6/15,2020/6/15
エンジェルルナ株式会社,813-0034,福岡市東区多の津一丁目１０番１号,,092-626-8787,亀甲松,飲食店営業,仕出し,福,東保衛,32010045,2026/6/30,2020/6/15,2020/6/15
コンパスグループ・ジャパン 株式会社,811-0323,福岡市東区大字志賀島１７２４番地１,,,わたつみの里,飲食店営業,一般食堂,福,東保衛,32010040,2026/6/30,2020/6/15,2020/6/15
,810-0801,福岡市博多区中洲二丁目１番１１号,プレイスポットしんばしビル　３階,092-271-7156,ボンジュール　花田,飲食店営業,バー,福,博保衛,32020160,2026/6/30,2020/6/15,2014/5/27
株式会社　木本商店,812-0044,福岡市博多区千代三丁目１７番４－１０９号,,092-651-8670,株式会社木本商店,飲食店営業,そうざい,福,博保衛,32010106,2026/6/30,2020/6/15,2020/6/15
株式会社　木本商店,812-0044,福岡市博多区千代三丁目１７番４－１０９号,,092-651-8670,株式会社木本商店,食肉販売業,一般,福,博保衛,32330034,2026/6/30,2020/6/15,2020/6/15
,812-0879,福岡市博多区銀天町三丁目１番２７号,サヴォイセントオブガーデン　１０１号,092-586-5080,Ｒｕｓｔ,飲食店営業,主として喫茶,福,博保衛,32010091,2026/6/30,2020/6/15,2020/6/15
株式会社　Ｔ’ｓ　Ｅｎｔｅｒｐｒｉｓｅ,810-0801,福岡市博多区中洲四丁目１番２６号,中洲人形町ビル　２階,092-282-8122,Ｂａｒ　ＳＯＳ,飲食店営業,バー,福,博保衛,32010121,2026/6/30,2020/6/15,2020/6/15
,810-0801,福岡市博多区中洲四丁目１番２６号,中洲人形町ビル　１階　Ｂ号室,092-282-9588,バー　ハイボール,飲食店営業,バー,福,博保衛,32010133,2026/6/30,2020/6/15,2020/6/15
,810-0801,福岡市博多区中洲四丁目１番４号,ステージ２　５階,092-282-5670,ゆうき,飲食店営業,一般食堂,福,博保衛,32020170,2026/6/30,2020/6/15,2008/6/25
,812-0857,福岡市博多区西月隈六丁目１番２７号,,092-584-5181,山笠,飲食店営業,一般食堂,福,博保衛,32020173,2026/6/30,2020/6/15,2014/6/30
,810-0801,福岡市博多区中洲三丁目１番８号,ＴＭ－３２ＢＵＩＬＤＩＮＧ　４階　４１２号室,,ｆ～エフ～,飲食店営業,バー,福,博保衛,32020168,2026/6/30,2020/6/15,2014/6/2
,812-0011,福岡市博多区博多駅前三丁目２５番２４号,八百治ビル　Ｂ１Ｆ,092-413-9895,大衆酒蔵　友添,飲食店営業,一般食堂,福,博保衛,32020164,2026/6/30,2020/6/15,2008/6/30
株式会社　クロダ,812-0892,福岡市博多区東那珂二丁目５番１５号,,092-411-4298,株式会社　クロダ,そうざい製造業,なし,福,博保衛,32580001,2026/6/30,2020/6/15,1977/7/1
,812-0018,福岡市博多区住吉五丁目９番２１号,武石ビル　１０２号,092-431-5711,Ｖｉｔａｍ,飲食店営業,一般食堂,福,博保衛,32020165,2026/6/30,2020/6/15,2014/5/20
有限会社　林家産業,812-0017,福岡市博多区美野島二丁目２番２０－２号,,092-405-1288,餃子の店　鉄なべ,食品の冷凍又は冷蔵業,なし,福,博保衛,32200003,2026/6/30,2020/6/15,2008/4/25
,810-0801,福岡市博多区中洲一丁目３番１号,岡本中洲ビル　３階,092-262-0576,エバモアセカンズ,飲食店営業,バー,福,博保衛,32020167,2026/6/30,2020/6/15,2014/5/13
株式会社　アルカディア,810-0801,福岡市博多区中洲二丁目４番１８号,中栄ビル　４階,092-263-3554,クラブ　エルミタージュ,飲食店営業,カフェー,福,博保衛,32020172,2026/6/30,2020/6/15,2014/5/23
ＪＲ九州ライフサービス　株式会社,812-0046,福岡市博多区吉塚本町１３番１７号,,092-632-7039,ＪＲ九州吉塚寮,飲食店営業,一般食堂,福,博保衛,32020169,2026/6/30,2020/6/15,2014/5/13
,812-0046,福岡市博多区吉塚本町１３番２７号,１Ｆ　１０６号室,,コリアンデリカ　ＪｕＪｕ,飲食店営業,一般食堂,福,博保衛,32020161,2026/6/30,2020/6/15,2014/4/15
,810-0041,福岡市中央区大名一丁目９番１８号,大名Ｆビル１階,092-712-1119,博多屋台　幸龍,飲食店営業,一般食堂,福,中保衛,32020124,2026/6/30,2020/6/15,2014/6/3
,810-0073,福岡市中央区舞鶴一丁目１番１５号,天神ＫＰビル３０２,,サブカルＢＡＲ　ＮＡＩＫＵ,飲食店営業,バー,福,中保衛,32010058,2026/6/30,2020/6/15,2020/6/15
,810-0021,福岡市中央区今泉一丁目１２番２３号,西鉄今泉ビル１Ｆ,092-781-1091,笹舟,飲食店営業,一般食堂,福,中保衛,32010193,2026/6/30,2020/6/15,2020/6/15
株式会社FOOD LINKS,810-0044,福岡市中央区六本松四丁目９番３５号,吉川興産ビル１０１号,092-791-6994,豚ステーキ＆牛タンステーキ　十一,食肉販売業,一般,福,中保衛,32330064,2026/6/30,2020/6/15,2020/6/15
有限会社ニューステージ,811-1361,福岡市南区西長住二丁目２５番２５号,,092-554-4000,マクドナルド長住ミスターマックス店,飲食店営業,一般食堂,福,南保衛,32020042,2026/6/30,2020/6/15,2002/5/20
,811-1302,福岡市南区井尻五丁目８番１８号,サンアドレス井尻１Ｆ,092-593-3728,Ｐｕｂｌｉｃ　ｈｏｕｓｅ　ＬＩＮＫ,食肉販売業,一般,福,南保衛,32340006,2026/6/30,2020/6/15,2014/4/15
株式会社ＷＯＦ,815-0033,福岡市南区大橋四丁目１２番２８号,Ｋステーション大橋１Ｆ,092-408-1331,フリーバード,食肉販売業,一般,福,南保衛,32330016,2026/6/30,2020/6/15,2020/6/15
,811-1353,福岡市南区柏原六丁目１９番１６号Ａ,,092-984-0259,錆猫食堂,飲食店営業,一般食堂,福,南保衛,32010041,2026/6/30,2020/6/15,2020/6/15
,815-0074,福岡市南区寺塚一丁目２６番１１号,,092-561-5977,和多留,飲食店営業,一般食堂,福,南保衛,32020043,2026/6/30,2020/6/15,2002/6/3
雪印メグミルク株式会社,815-0001,福岡市南区五十川一丁目２番２０号,,092-472-3961,雪印メグミルク株式会社　福岡工場,乳製品製造業,なし,福,南保衛,32100001,2026/6/30,2020/6/15,1975/6/2
雪印メグミルク株式会社,815-0001,福岡市南区五十川一丁目２番２０号,,092-472-3961,雪印メグミルク株式会社　福岡工場,乳処理業,なし,福,南保衛,32080001,2026/6/30,2020/6/15,1975/6/2
株式会社ホームラン・システムズ,814-0175,福岡市早良区田村一丁目８番１１号,,092-863-6800,住宅型有料老人ホーム　やまびこ,飲食店営業,一般食堂,福,早保衛,32020047,2026/6/30,2020/6/15,2014/5/16
,814-0031,福岡市早良区南庄六丁目９番２０号,,,はな,飲食店営業,一般食堂,福,早保衛,32020046,2026/6/30,2020/6/15,1988/5/12
,814-0171,福岡市早良区野芥七丁目９番１３号,,092-865-2558,からあげ　たから,そうざい製造業,なし,福,早保衛,32570002,2026/6/30,2020/6/15,2020/6/15
,819-0052,福岡市西区下山門三丁目３番１号,リファインドビル１０２号,092-231-0031,ｐａｔｉｓｓｅｒｉｅ　Ｅｎｐｒｏｃｈａｉｎｅ,菓子製造業,一般,福,西保衛,32050002,2026/6/30,2020/6/15,2020/6/15
,812-0053,福岡市東区箱崎四丁目６番２号,,092-651-5577,まごころ弁当,飲食店営業,仕出し,福,東保衛,32010049,2026/6/30,2020/6/16,2020/6/16
,813-0001,福岡市東区唐原三丁目１８番１２号,,,ｋｕｅｂａｉｓｓｙｏ,飲食店営業,一般食堂,福,東保衛,32010043,2026/6/30,2020/6/16,2020/6/16
,810-0801,福岡市博多区中洲二丁目５番２１号,ステージ１ビル　２階　Ａ号室,092-282-3500,Ｓｅｒｅｎａ,飲食店営業,カフェー,福,博保衛,32010131,2026/6/30,2020/6/16,2020/6/16
,810-0801,福岡市博多区中洲二丁目２番１０号,サンシービル　２階,092-282-7070,瑠璃色,飲食店営業,バー,福,博保衛,31010881,2026/6/30,2020/6/16,2020/6/16
株式会社　インナビ,810-0801,福岡市博多区中洲二丁目７番３号,リトル中洲ビル　１階,092-282-5053,ｇｉｒｌｓ　ｂａｒ　ｐｈｉ　ｐｈｉ,飲食店営業,バー,福,博保衛,32020174,2026/6/30,2020/6/16,2014/5/12
,810-0002,福岡市中央区西中洲２番２５号,ステージワン西中洲２Ｆ,092-725-7066,ｋｌｕｇ,飲食店営業,バー,福,中保衛,32020126,2026/6/30,2020/6/16,2014/6/25
,811-1362,福岡市南区長住四丁目９番２３号,,,ｓｕｃｒｅ２３,菓子製造業,一般,福,南保衛,32050006,2026/6/30,2020/6/16,2020/6/16
株式会社ポムフード,819-0031,福岡市西区橋本二丁目２７番２号,木の葉モール橋本１Ｆフードコート内,092-707-6621,ポムの樹Ｊｒ．木の葉モール橋本店,飲食店営業,一般食堂,福,西保衛,32010027,2026/6/30,2020/6/16,2020/6/16
,819-0038,福岡市西区羽根戸３８６番地１,,092-811-9411,ミニストップ福岡羽根戸店,飲食店営業,一般食堂,福,西保衛,32010028,2026/6/30,2020/6/16,2020/6/16
,810-0801,福岡市博多区中洲三丁目７番１０号,若松ビル　地下１階　Ｃ号室,,ＣＡＭＥＬＬＩＡ,飲食店営業,バー,福,博保衛,32010004,2026/6/30,2020/6/17,2020/6/17
,812-0879,福岡市博多区銀天町一丁目６番７号,,,居酒屋　下駄,飲食店営業,一般食堂,福,博保衛,32020175,2026/6/30,2020/6/17,1984/6/11
,812-0011,福岡市博多区博多駅前一丁目８番１７号,姫野ビル　１・２Ｆ,092-431-1616,韓国料理　チョゴリ,食肉販売業,一般,福,博保衛,32330049,2026/6/30,2020/6/17,2020/6/17
Ｌｏｃａｌ　Ｄｅｓｉｇｎ株式会社,812-0011,福岡市博多区博多駅前二丁目１２番１３号,ＢＵＮＳＨＯＤＯ　ＨＯＴＥＬ,092-600-9005,ＴＩＭＥＺ　ＥＳＰＲＥＳＳＯ　ＢＡＲ　＆,飲食店営業,一般食堂,福,博保衛,32010140,2026/6/30,2020/6/17,2020/6/17
,812-0011,福岡市博多区博多駅前四丁目６番１５号,大野ビル　１Ｆ,,ＢＡＲ　ＳＭＩＬＥ　博多駅前店,飲食店営業,バー,福,博保衛,32010119,2026/6/30,2020/6/17,2020/6/17
株式会社ＴＭＦ,810-0022,福岡市中央区薬院二丁目４番３５号,エステートモアシャトー薬院１０３,092-732-0910,ことり,飲食店営業,バー,福,中保衛,32010198,2026/6/30,2020/6/17,2020/6/17
株式会社食パン,810-0074,福岡市中央区大手門三丁目５番１０号,第２井原ビル１Ｆ,092-791-9971,ル・ミトロン食パン大濠店,菓子製造業,パン,福,中保衛,32050014,2026/6/30,2020/6/17,2020/6/17
,810-0011,福岡市中央区高砂一丁目１６番１７号,エスペランサ天神南１０１,092-707-2184,レストラン　ＳＮＯＷ,飲食店営業,一般食堂,福,中保衛,32010136,2026/6/30,2020/6/17,2020/6/17
株式会社ＳＥＶＥＮ　ＮＡＴＩＯＮ,810-0023,福岡市中央区警固二丁目１５番３号,ｃａｎｎｅｒｙ警固本通り７階,,Ｂａｒ　ＳＡＫＵＹＡ,飲食店営業,バー,福,中保衛,32010172,2026/6/30,2020/6/17,2020/6/17
,811-1353,福岡市南区柏原六丁目１９番１１号,,092-566-5511,すし寅,飲食店営業,すし屋,福,南保衛,32020046,2026/6/30,2020/6/17,1996/6/24
,811-1321,福岡市南区柳瀬一丁目３３番１０号,,092-591-8951,ふく屋,飲食店営業,一般食堂,福,南保衛,32020045,2026/6/30,2020/6/17,1996/6/3
,815-0033,福岡市南区大橋一丁目２５番７号,,092-408-4812,４８ｇｉｏｎｅ,飲食店営業,一般食堂,福,南保衛,32020047,2026/6/30,2020/6/17,2014/5/9
,815-0032,福岡市南区塩原一丁目１８番５号,,092-541-0659,大喜食堂,飲食店営業,仕出し,福,南保衛,32020044,2026/6/30,2020/6/17,1996/4/8
,814-0151,福岡市城南区堤二丁目１２番１－１Ａ号,,092-863-1882,カラオケ　ドリーム白い扉,飲食店営業,一般食堂,福,城保衛,32010012,2026/6/30,2020/6/17,2020/6/17
,814-0002,福岡市早良区西新五丁目２番２０号,,092-707-5941,テッパン家キッチン,飲食店営業,一般食堂,福,早保衛,31010138,2026/6/30,2020/6/17,2020/6/17
,819-0167,福岡市西区今宿一丁目７番１０号,,092-807-3731,スナック　ジョーク,飲食店営業,一般食堂,福,西保衛,32020031,2026/6/30,2020/6/17,2008/5/30
,819-0163,福岡市西区今宿上ノ原１２５番地,,092-806-5655,筑前堀,食肉販売業,一般,福,西保衛,32330012,2026/6/30,2020/6/17,2020/6/17
,819-0163,福岡市西区今宿上ノ原１２５番地,,092-806-5655,筑前堀,菓子製造業,一般,福,西保衛,32050004,2026/6/30,2020/6/17,2020/6/17
株式会社　菜根譚るきあ,812-0068,福岡市東区社領一丁目２番２号,,092-623-0280,株式会社　菜根譚るきあ,食品の冷凍又は冷蔵業,なし,福,東保衛,32190002,2026/6/30,2020/6/18,2020/6/18
,810-0801,福岡市博多区中洲二丁目６番７号,ジョイフルヤマモトビル　４階　２号室,092-282-4755,華音,飲食店営業,カフェー,福,博保衛,32010129,2026/6/30,2020/6/18,2020/6/18
,810-0801,福岡市博多区中洲二丁目１番１５号,新橋小路　２階,092-271-3300,砂かけばーＢＡＲ,飲食店営業,バー,福,博保衛,32010130,2026/6/30,2020/6/18,2020/6/18
有限会社牛蒡餅本舗熊屋,810-0042,福岡市中央区赤坂一丁目１５番２１号,,092-737-3993,熊屋　福岡店,菓子製造業,一般,福,中保衛,32060009,2026/6/30,2020/6/18,2008/4/2
,810-0014,福岡市中央区平尾二丁目１４番２１号,,092-525-6665,ウバｔｅａ,飲食店営業,主として喫茶,福,中保衛,32010191,2026/6/30,2020/6/18,2020/6/18
株式会社Ｏｕｔ　ｏｆ　Ｆｒａｍｅ,810-0041,福岡市中央区大名一丁目９番２２号,大名ハーモニービル１Ｆ,092-725-5222,ＳＡＬＶＯ,飲食店営業,一般食堂,福,中保衛,32010201,2026/6/30,2020/6/18,2020/6/18
株式会社　エンテック,810-0001,福岡市中央区天神二丁目２番４３号,ソラリアプラザ６Ｆ,092-733-7735,DINING&CAFE 美酒美食 W,飲食店営業,一般食堂,福,中保衛,32020127,2026/6/30,2020/6/18,2014/5/23
株式会社葉隠,814-0144,福岡市城南区梅林一丁目１番３８号,,,ひので屋　福大前店,飲食店営業,そうざい,福,城保衛,32020015,2026/6/30,2020/6/18,2014/5/9
,811-1133,福岡市早良区曲渕１１９４－８,,,大聞,飲食店営業,弁当屋,福,早保衛,32010037,2026/6/30,2020/6/18,2020/6/18
株式会社　Ｆｏｏｄ　Ｄｉｓｃｏｖｅｒｙ,812-0012,福岡市博多区博多駅中央街１番１号,博多デイトス　Ｂ１Ｆ,092-412-3003,海鮮丼　日の出,飲食店営業,一般食堂,福,博保衛,32010147,2026/6/30,2020/6/19,2020/6/19
,812-0043,福岡市博多区堅粕四丁目１９番２号,,,酒処　大吉,飲食店営業,一般食堂,福,博保衛,32010120,2026/6/30,2020/6/19,2020/6/19
ＪＲ九州リテール　株式会社,812-0026,福岡市博多区上川端町６番１３９号,,092-261-5025,ファミリーマート博多上川端町店,飲食店営業,一般食堂,福,博保衛,32010135,2026/6/30,2020/6/19,2020/6/19
,812-0011,福岡市博多区博多駅前四丁目１０番１７号,ヒロファームビル　２Ｆ,092-431-2500,ばばぁＳ’ＢＡＲ,飲食店営業,一般食堂,福,博保衛,32010144,2026/6/30,2020/6/19,2020/6/19
,810-0801,福岡市博多区中洲二丁目６番１２号,第５ラインビル　３階,092-262-6239,ミディアム,飲食店営業,カフェー,福,博保衛,32020178,2026/6/30,2020/6/19,2014/6/2
,812-0043,福岡市博多区堅粕四丁目２５番１４号,,092-473-4040,そば処　がんこ,飲食店営業,仕出し,福,博保衛,32020176,2026/6/30,2020/6/19,2014/5/27
株式会社　一蘭,812-0018,福岡市博多区住吉一丁目２番２２号,キャナルシティ　Ｂ１Ｆ,092-263-2201,一蘭,飲食店営業,一般食堂,福,博保衛,32020177,2026/6/30,2020/6/19,1996/4/10
,810-0041,福岡市中央区大名二丁目１２番１８号,２Ｆ,,ＫＡＮＡ実,飲食店営業,一般食堂,福,中保衛,32020128,2026/6/30,2020/6/19,2014/5/21
,810-0021,福岡市中央区今泉一丁目１番４号,石松ビル３Ｆ,092-741-7227,Ｃａｆｅ＆Ｄａｒｔｓ　Ｂａｒ　Ｆｒｅｅ　Ｓｔｙｌｅ,飲食店営業,一般食堂,福,中保衛,32020129,2026/6/30,2020/6/19,2008/6/9
,810-0003,福岡市中央区春吉一丁目１３番１６号,万陽ビル１Ｆ,,Ｉｍａｇｉｎｅ．,飲食店営業,バー,福,中保衛,32010194,2026/6/30,2020/6/19,2020/6/19
Ｎｉｃｅ・Ｄ株式会社,819-0373,福岡市西区周船寺一丁目１９番１９号,,,どこここ,飲食店営業,一般食堂,福,西保衛,32010029,2026/6/30,2020/6/19,2020/6/19
株式会社ハーバーウエスト,819-0203,福岡市西区小田７９番地６,,092-809-2668,活魚茶屋ざうお本店,魚介類販売業,一般,福,西保衛,32130006,2026/6/30,2020/6/19,2020/6/19
株式会社 こはく本舗,813-0034,福岡市東区多の津一丁目７番５号,,092-626-5550,株式会社　こはく本舗,飲食店営業,弁当屋,福,東保衛,32010050,2026/6/30,2020/6/22,2020/6/22
株式会社三和美研,810-0003,福岡市中央区春吉三丁目２２番２９号,Ｚビル２Ｆ,092-726-6522,南国居酒屋　くるみんち。,飲食店営業,一般食堂,福,中保衛,32020130,2026/6/30,2020/6/22,2014/4/11
,814-0104,福岡市城南区別府一丁目４番４５号,,092-833-6101,ファミリーマート城南別府１丁目店,飲食店営業,一般食堂,福,城保衛,32010013,2026/6/30,2020/6/22,2020/6/22
,819-0043,福岡市西区野方一丁目１５番６号,,,りんごの木,飲食店営業,一般食堂,福,西保衛,32010008,2026/6/30,2020/6/22,2020/6/22
株式会社　ブリッジコーポレーション,810-0801,福岡市博多区中洲二丁目２番７号,新中洲ビル　１階・２階,092-271-9677,セブンイレブン　博多新中洲ビル店,飲食店営業,一般食堂,福,博保衛,32010146,2026/6/30,2020/6/23,2020/6/23
株式会社　Ｆ４,812-0013,福岡市博多区博多駅東二丁目３番１号,博多三角地店舗　１Ｆ,092-482-7729,焼肉炉端　てっぽう,飲食店営業,一般食堂,福,博保衛,32010128,2026/6/30,2020/6/23,2020/6/23
株式会社　Ｆ４,812-0013,福岡市博多区博多駅東二丁目３番１号,博多三角地店舗　１Ｆ,092-482-7729,焼肉炉端　てっぽう,食肉販売業,一般,福,博保衛,32330050,2026/6/30,2020/6/23,2020/6/23
,810-0801,福岡市博多区中洲二丁目６番１２号,中洲セントラル第５ラインビル　５階　２１、２２号室,092-292-6653,ｍｉｎｔ,飲食店営業,バー,福,博保衛,32010132,2026/6/30,2020/6/23,2020/6/23
株式会社ドレス,810-0002,福岡市中央区西中洲１１番２１号,ボナパサージュ３Ｆ,092-725-7648,ｉｆ　ｃａｆｅ,飲食店営業,一般食堂,福,中保衛,32010211,2026/6/30,2020/6/23,2020/6/23
株式会社太平楽,810-0001,福岡市中央区天神一丁目７番１１号,天神イムズビル１３Ｆ,092-733-0133,肉匠　太平楽,飲食店営業,一般食堂,福,中保衛,32010199,2026/6/30,2020/6/23,2020/6/23
株式会社リングラッツェ,810-0014,福岡市中央区平尾一丁目７番２７号,イル・グラッツィア薬院Ⅳ１Ｆ,092-753-8608,Ｒｉｎｇｒａｚｉｅ,飲食店営業,レストラン,福,中保衛,32010212,2026/6/30,2020/6/23,2020/6/23
日南合同会社,810-0001,福岡市中央区天神三丁目４番１５号,天神バッカス館２０３号,092-734-5266,日南フォー,飲食店営業,一般食堂,福,中保衛,32010210,2026/6/30,2020/6/23,2020/6/23
株式会社リングラッツェ,810-0023,福岡市中央区警固二丁目２番１１号,シャンボール警固１Ｆ　１００１号,092-753-9754,ラパンドール,飲食店営業,一般食堂,福,中保衛,32010214,2026/6/30,2020/6/23,2020/6/23
株式会社リングラッツェ,810-0023,福岡市中央区警固二丁目２番１１号,シャンボール警固１Ｆ　１００１号,092-753-9754,ラパンドール,菓子製造業,一般,福,中保衛,32050031,2026/6/30,2020/6/23,2020/6/23
株式会社リングラッツェ,810-0023,福岡市中央区警固二丁目８番１号,筑紫女学園内紫苑館食堂１Ｆ・２Ｆ,092-761-6350,紫苑館食堂,飲食店営業,一般食堂,福,中保衛,32010213,2026/6/30,2020/6/23,2020/6/23
,810-0022,福岡市中央区薬院三丁目８番９号,日下部ビル１０２,092-524-1225,ＬＯＶＥ　ＡＬＬ,菓子製造業,一般,福,中保衛,32060010,2026/6/30,2020/6/23,2014/6/12
イオン九州株式会社,811-1346,福岡市南区老司二丁目７番４３号,,092-564-5588,マックスバリュエクスプレス老司店,菓子製造業,一般,福,南保衛,32050007,2026/6/30,2020/6/23,2020/6/23
イオン九州株式会社,811-1346,福岡市南区老司二丁目７番４３号,,092-564-5588,マックスバリュエクスプレス老司店,飲食店営業,弁当屋,福,南保衛,32010043,2026/6/30,2020/6/23,2020/6/23
,814-0011,福岡市早良区高取二丁目３番２３号,グランドメゾン藤崎　１０９号,092-851-8511,ダディのチーズケーキ,飲食店営業,一般食堂,福,早保衛,32010040,2026/6/30,2020/6/23,2020/6/23
,819-0389,福岡市西区学園通一丁目２４１３番地,,092-776-8572,ひがし,そうざい製造業,なし,福,西保衛,32570004,2026/6/30,2020/6/23,2020/6/23
,812-0018,福岡市博多区住吉四丁目９番３号,,092-481-6558,Ｍａｋｅ　ｕｐ,飲食店営業,バー,福,博保衛,32010148,2026/6/30,2020/6/24,2020/6/24
株式会社Ａｒｍａｄａ,810-0022,福岡市中央区薬院二丁目１４番２６号,東洋薬院ビル３Ｆ,092-725-9006,バー・ミスティー／ラッピー,飲食店営業,一般食堂,福,中保衛,32020131,2026/6/30,2020/6/24,2014/6/17
株式会社多㐂川創意研究所,810-0022,福岡市中央区薬院二丁目１６番６号,,,多㐂川,飲食店営業,すし屋,福,中保衛,32010215,2026/6/30,2020/6/24,2020/6/24
,811-1132,福岡市早良区石釜１８７５－１,,092-803-1156,ととや,飲食店営業,弁当屋,福,早保衛,32010039,2026/6/30,2020/6/24,2020/6/24
,811-1132,福岡市早良区石釜１８７５－１,,092-803-1156,ととや,魚介類販売業,一般,福,早保衛,32130001,2026/6/30,2020/6/24,2020/6/24
,811-1132,福岡市早良区石釜１８７５－１,,092-803-1156,ととや,そうざい製造業,なし,福,早保衛,32570004,2026/6/30,2020/6/24,2020/6/24
,814-0002,福岡市早良区西新五丁目６番１号,,092-822-3553,Ｃａｒａｍｅｌ　ＧｏＧｏＧｏ,菓子製造業,一般,福,早保衛,32050006,2026/6/30,2020/6/24,2020/6/24
,811-1111,福岡市早良区脇山３０３－１,,092-872-8051,ファミリーマート　福岡早良脇山店,飲食店営業,一般食堂,福,早保衛,32020049,2026/6/30,2020/6/24,2014/6/27
有限会社わたなべ,812-0054,福岡市東区馬出二丁目５番１０号,,,ぶんりゅう,飲食店営業,一般食堂,福,東保衛,32010047,2026/6/30,2020/6/25,2020/6/25
株式会社　タケノ,812-0016,福岡市博多区博多駅南四丁目１８番２８号,,092-451-0078,株式会社タケノ,魚介類販売業,一般,福,博保衛,32130009,2026/6/30,2020/6/25,2020/6/25
,812-0035,福岡市博多区中呉服町９番５号,,092-980-7820,日奈丸食道,飲食店営業,一般食堂,福,博保衛,32010137,2026/6/30,2020/6/25,2020/6/25
,812-0011,福岡市博多区博多駅前一丁目１３番１号,九勧承天寺通りビル　１Ｆ,092-482-5486,セブン－イレブン博多駅前１丁目店,飲食店営業,一般食堂,福,博保衛,32010115,2026/6/30,2020/6/25,2020/6/25
株式会社　Ｍａｋｅ　Ｓｔａｒｓ,810-0801,福岡市博多区中洲三丁目１番８号,ＴＭ３２ビルディング　４階　４０１,,Ｂａｒ　Ｂｕｌｌ,飲食店営業,バー,福,博保衛,32010143,2026/6/30,2020/6/25,2020/6/25
,810-0801,福岡市博多区中洲四丁目７番６号,中洲らくてんちビル　５階　全室,092-263-0039,ＧＩＲＬＳＢＡＲ　Ｄｏｌｃｅ,飲食店営業,バー,福,博保衛,32010153,2026/6/30,2020/6/25,2020/6/25
株式会社　ぢどり屋エフシー,810-0801,福岡市博多区中洲四丁目１番２９号,永楽ビル　地下１階　Ｂ,092-271-3143,ぢどり屋,飲食店営業,一般食堂,福,博保衛,32010152,2026/6/30,2020/6/25,2020/6/25
,810-0045,福岡市中央区草香江一丁目８番２４号,フローラ大濠１Ｆ,092-401-1570,鮨処　はやし,飲食店営業,すし屋,福,中保衛,31011041,2026/6/30,2020/6/25,2020/6/25
,811-1302,福岡市南区井尻四丁目５番２６号,,,すみれ草,喫茶店営業,一般,福,南保衛,32240003,2026/6/30,2020/6/25,2008/5/13
株式会社トレーディア,811-1355,福岡市南区桧原一丁目３４番２０号,,092-710-3736,Ｒａｍｓ．,飲食店営業,一般食堂,福,南保衛,32010044,2026/6/30,2020/6/25,2020/6/25
,814-0002,福岡市早良区西新五丁目６番１号,,092-822-3553,Ｃａｒａｍｅｌ　ＧｏＧｏＧｏ,飲食店営業,一般食堂,福,早保衛,32010045,2026/6/30,2020/6/25,2020/6/25
濵地酒造株式会社,819-0385,福岡市西区元岡１４４２番地,,092-806-1186,濵地酒造株式会社,酒類製造業,なし,福,西保衛,32500001,2026/6/30,2020/6/25,1996/6/26
濵地酒造株式会社,819-0385,福岡市西区元岡１４４２番地,,092-806-1186,浜地酒造パン工房,菓子製造業,一般,福,西保衛,32060002,2026/6/30,2020/6/25,2002/4/2
あらいフードサービス株式会社,812-0063,福岡市東区原田一丁目２番２号,,092-623-7010,炭焼キッチン肉あらい,飲食店営業,一般食堂,福,東保衛,32010046,2026/6/30,2020/6/26,2020/6/26
夢ＬＩＮＥ株式会社,813-0034,福岡市東区多の津一丁目１０番８号,,092-409-9675,夢ＬＩＮＥ株式会社,添加物製造業,なし,福,東保衛,32590001,2026/6/30,2020/6/26,2020/6/26
有限会社　心,810-0801,福岡市博多区中洲二丁目６番７号,ジョイフルヤマモトビル　１階,092-282-0705,ラ・フェスタ,飲食店営業,カフェー,福,博保衛,32020181,2026/6/30,2020/6/26,2014/5/26
太陽の船　株式会社,812-0026,福岡市博多区上川端町３番１１号,１F，２F,092-283-4129,餃子のたっちゃん　中洲川端店,飲食店営業,一般食堂,福,博保衛,32010127,2026/6/30,2020/6/26,2020/6/26
,810-0034,福岡市中央区笹丘一丁目３６番１７号,,092-761-0756,かわはら食堂,飲食店営業,一般食堂,福,中保衛,32020125,2026/6/30,2020/6/26,1996/6/5
コレクタス株式会社,810-0041,福岡市中央区大名一丁目１２番３９号,大名バルコニー７Ｆ,092-732-7471,ダブル　オー　スリー,飲食店営業,一般食堂,福,中保衛,32020132,2026/6/30,2020/6/26,2014/5/16
,810-0032,福岡市中央区輝国二丁目８番２８号,,,焼鳥　ＩＺＡＫＡＹＡ　助,飲食店営業,一般食堂,福,中保衛,32020133,2026/6/30,2020/6/26,2014/4/28
株式会社Ｍａｋｅ　Ｓｔａｒｓ,810-0041,福岡市中央区大名一丁目９番５号,フロンティア大名２階,,Ｄｉｎｉｎｇ　Ｂａｒ　ＢｏｏｏｏⅡ,飲食店営業,バー,福,中保衛,32010206,2026/6/30,2020/6/26,2020/6/26
ハーベスト株式会社,814-0155,福岡市城南区東油山四丁目２番１８号,,092-866-0002,おあしす市民の森店,飲食店営業,一般食堂,福,城保衛,32010008,2026/6/30,2020/6/26,2020/6/26
株式会社　博多フーズ,812-0018,福岡市博多区住吉一丁目２番２２号,キャナルシティ　Ｂ１Ｆ,092-263-2302,どん舞,飲食店営業,一般食堂,福,博保衛,32020182,2026/6/30,2020/6/29,1996/4/10
,812-0018,福岡市博多区住吉四丁目１５番１号,西村ビル　２Ｆ,092-444-3272,メダカ,飲食店営業,バー,福,博保衛,32010138,2026/6/30,2020/6/29,2020/6/29
,812-0018,福岡市博多区住吉五丁目１７番１６号,１Ｆ,,ＳＡＦＡＲＩ,飲食店営業,バー,福,博保衛,32010159,2026/6/30,2020/6/29,2020/6/29
合同会社　フラットａｂｏ,810-0801,福岡市博多区中洲四丁目３番１号,中洲岡部ビル　２号館　４階,092-263-0850,ラ・ポーラ,飲食店営業,バー,福,博保衛,32010162,2026/6/30,2020/6/29,2020/6/29
,812-0878,福岡市博多区竹丘町二丁目５番１７号,,092-558-3266,韓国料理ジンジュ,飲食店営業,一般食堂,福,博保衛,32010158,2026/6/30,2020/6/29,2020/6/29
株式会社　喰道楽,812-0011,福岡市博多区博多駅前一丁目１４番７号,,092-402-0219,博多とよ唐亭　駅前１丁目店,飲食店営業,弁当屋,福,博保衛,32010145,2026/6/30,2020/6/29,2020/6/29
,810-0062,福岡市中央区荒戸一丁目１２番１７号,第一栄ビル１階,092-761-3223,スナック　恵子,飲食店営業,一般食堂,福,中保衛,32020135,2026/6/30,2020/6/29,2014/6/16
株式会社エスエルディー,810-0001,福岡市中央区天神二丁目２番４３号,ソラリアプラザ６Ｆ,092-791-4451,＃６０２　ＣＡＦＥ＆ＤＩＮＥＲ　福岡ソラリアプラザ店,飲食店営業,一般食堂,福,中保衛,32020134,2026/6/30,2020/6/29,2014/5/22
,810-0042,福岡市中央区赤坂三丁目１０番４９号,赤坂山愛マンション１０４,092-791-3745,いりえ,飲食店営業,一般食堂,福,中保衛,32020136,2026/6/30,2020/6/29,2014/6/11
,810-0021,福岡市中央区今泉一丁目２３番４号,天神Ｂ１－９号,092-733-3352,ＣＨＯＵＥＴＴＥ,飲食店営業,バー,福,中保衛,32020137,2026/6/30,2020/6/29,2014/4/28
ＤＮＤ株式会社,810-0003,福岡市中央区春吉三丁目２５番１号,春吉ビル１０２号,092-762-6221,博多古家,飲食店営業,一般食堂,福,中保衛,32010222,2026/6/30,2020/6/29,2020/6/29
,810-0003,福岡市中央区春吉二丁目９番２０号,南天神ビル１階,,ｍｅｍｂｅｒ’ｓ　Ｔｉａｒａ,飲食店営業,バー,福,中保衛,32010217,2026/6/30,2020/6/29,2020/6/29
株式会社ＦＥＲ,810-0073,福岡市中央区舞鶴一丁目８番３６号,日光ビル１Ｆ,,大衆食堂スタンド　そのだ　親不孝通り店,飲食店営業,一般食堂,福,中保衛,32010148,2026/6/30,2020/6/29,2020/6/29
,810-0041,福岡市中央区大名一丁目３番５号,ＡＲＫ　ＣＵＢＥ１階１０５号室,,ｒｏｙａｌｔｅａ　皇茶,飲食店営業,一般食堂,福,中保衛,32010184,2026/6/30,2020/6/29,2020/6/29
,811-1343,福岡市南区和田二丁目４番２０号,,092-541-4222,双葉食品,めん類製造業,一般,福,南保衛,32560001,2026/6/30,2020/6/29,1992/6/15
,815-0041,福岡市南区野間一丁目２番１３－１０２号,,092-554-3000,夜のまるに食堂　リバーサイド別館,飲食店営業,一般食堂,福,南保衛,32020049,2026/6/30,2020/6/29,2014/4/24
,814-0002,福岡市早良区西新四丁目４番５号,,092-845-3222,居酒屋遊食田舎,飲食店営業,一般食堂,福,早保衛,32020053,2026/6/30,2020/6/29,2002/5/23
株式会社ホームラン・システムズ,811-1103,福岡市早良区四箇五丁目８番６号,,092-407-0102,板屋学園,飲食店営業,一般食堂,福,早保衛,32010038,2026/6/30,2020/6/29,2020/6/29
,814-0001,福岡市早良区百道浜二丁目９０２－１,マリゾン内　アルファースタンス,,ＳＷＥＬＬ,飲食店営業,一般食堂,福,早保衛,32010041,2026/6/30,2020/6/29,2020/6/29
,811-1133,福岡市早良区曲渕字原６５２－７,,,曲渕の秘密基地,飲食店営業,弁当屋,福,早保衛,32010043,2026/6/30,2020/6/29,2020/6/29
,810-0801,福岡市博多区中洲四丁目５番７号,２階,092-282-7650,中洲食堂・風来坊,飲食店営業,一般食堂,福,博保衛,32020184,2026/6/30,2020/6/30,2014/6/3
株式会社　絲,812-0011,福岡市博多区博多駅前三丁目２５番２１号,,092-436-4360,ファミリーマート博多駅前３丁目店,飲食店営業,一般食堂,福,博保衛,32010167,2026/6/30,2020/6/30,2020/6/30
株式会社　プレナス,812-0044,福岡市博多区千代一丁目２番１号,ＢＲＡＮＣＨ博多パピヨンガーデン,092-686-2050,ＭＫレストラン　ブランチ博多店,食肉販売業,一般,福,博保衛,32330039,2026/6/30,2020/6/30,2020/6/30
,810-0022,福岡市中央区薬院二丁目１８番１０号,Ｋ．Ｓマンション薬院１Ｆ,092-752-0661,五十三萬石,飲食店営業,一般食堂,福,中保衛,32010229,2026/6/30,2020/6/30,2020/6/30
,810-0014,福岡市中央区平尾二丁目５番１６号,オネスティ平尾２Ｆ,092-406-6260,ＬＡＶＡ　ＧＩＲＬ　ｐｌａｔｉｎｕｍ,飲食店営業,バー,福,中保衛,32010227,2026/6/30,2020/6/30,2020/6/30
３レター株式会社,810-0003,福岡市中央区春吉三丁目２１番１７号,１Ｆ,092-752-3135,ＦＵＫ　ＣＯＦＦＥＥ,飲食店営業,主として喫茶,福,中保衛,32010233,2026/6/30,2020/6/30,2020/6/30
昭和フード株式会社,810-0001,福岡市中央区天神二丁目３番２４号,天神ルーチェ１階,092-717-2727,マクドナルド天神西通り店,飲食店営業,一般食堂,福,中保衛,32010219,2026/6/30,2020/6/30,2020/6/30
株式会社光安,811-1302,福岡市南区井尻四丁目３番４４号,,092-589-0387,ファミリーマート福岡井尻四丁目店,飲食店営業,一般食堂,福,南保衛,32020050,2026/6/30,2020/6/30,2014/5/13
株式会社ティアレスイーツ,815-0041,福岡市南区野間四丁目１番３５号,,,株式会社ティアレスイーツ,菓子製造業,一般,福,南保衛,32050008,2026/6/30,2020/6/30,2020/6/30
株式会社ジョリーパスタ,811-1364,福岡市南区中尾三丁目４０番１６号,,092-710-2900,ジョリーパスタ福岡中尾店,飲食店営業,一般食堂,福,南保衛,32010051,2026/6/30,2020/6/30,2020/6/30
ＳＵＮＷＯＯＤ株式会社,814-0002,福岡市早良区西新五丁目２番３２号,,,豊後からあげ研究所　ふみくん,飲食店営業,そうざい,福,早保衛,32010048,2026/6/30,2020/6/30,2020/6/30
株式会社ＴＩＰ,814-0002,福岡市早良区西新四丁目４番８号　４Ｆ,,092-518-9090,ｃｒｅｅｒ,飲食店営業,バー,福,早保衛,32010046,2026/6/30,2020/6/30,2020/6/30
,819-0022,福岡市西区福重三丁目２８番３号,,092-883-7175,中山精肉,食肉販売業,一般,福,西保衛,32340001,2026/6/30,2020/6/30,1986/4/14
司水産株式会社,819-0051,福岡市西区下山門団地４０番２号,,092-882-6088,司水産（株）（渚）,魚介類販売業,一般,福,西保衛,32130008,2026/6/30,2020/6/30,2020/6/30
司水産株式会社,819-0051,福岡市西区下山門団地４０番２号,,092-882-6088,司水産（株）（渚）,飲食店営業,弁当屋,福,西保衛,32010033,2026/6/30,2020/6/30,2020/6/30
,810-0801,福岡市博多区中洲三丁目１番８号,ＴＭ－３２ＢＵＩＬＤＩＮＧ　４階　４０５号室,092-272-1010,Ｍｉｎａｍｉ,飲食店営業,バー,福,博保衛,32010163,2026/6/30,2020/7/1,2020/7/1
株式会社　じょうもん,810-0801,福岡市博多区中洲二丁目３番２１号,２階,092-271-3290,鷹の羽,飲食店営業,バー,福,博保衛,32010160,2026/6/30,2020/7/1,2020/7/1
株式会社　ＦＯＭＡ,810-0801,福岡市博多区中洲四丁目１番１号,あざみビル　５階　全号室,092-272-2292,クラブ　ダイヤモンド　ムーン,飲食店営業,カフェー,福,博保衛,32010136,2026/6/30,2020/7/1,2020/7/1
株式会社一幻フードカンパニー,810-0065,福岡市中央区地行浜二丁目２番６号,Ｅ・ＺＯ　ＦＵＫＵＯＫＡ　３Ｆ,,えびそば一幻,飲食店営業,一般食堂,福,中保衛,31011094,2026/6/30,2020/7/1,2020/7/1
日本通信機器株式会社,810-0065,福岡市中央区地行浜二丁目２番６号,Ｅ・ＺＯ　ＦＵＫＵＯＫＡ　３Ｆ,092-834-8456,京都　天ぷら　花いかだ,飲食店営業,一般食堂,福,中保衛,32010048,2026/6/30,2020/7/1,2020/7/1
株式会社ＴＴ＆ＣＯＭＰＡＮＹ,810-0065,福岡市中央区地行浜二丁目２番６号,Ｅ・ＺＯ　ＦＵＫＵＯＫＡ　３階,,ＣＨＡＴＴＥＲＢＯＸ　ＥＸＰＲＥＳＳ,飲食店営業,一般食堂,福,中保衛,32010018,2026/6/30,2020/7/1,2020/7/1
,810-0033,福岡市中央区小笹一丁目２２番２５号,小笹カステリア１０２,092-775-2453,Ｓｅｉｇｏｕ　６１０,飲食店営業,一般食堂,福,中保衛,32010185,2026/6/30,2020/7/1,2020/7/1
株式会社ＭＩＪ,810-0065,福岡市中央区地行浜二丁目２番６号,Ｅ・ＺＯ　ＦＵＫＵＯＫＡ　３Ｆ,,肉山食堂,飲食店営業,一般食堂,福,中保衛,32010033,2026/6/30,2020/7/1,2020/7/1
株式会社めんたい,810-0065,福岡市中央区地行浜二丁目２番６号,Ｅ・ＺＯ　ＦＵＫＵＯＫＡ　３Ｆ,092-401-0055,焼肉赤身　にくがとう,飲食店営業,一般食堂,福,中保衛,32010144,2026/6/30,2020/7/1,2020/7/1
,814-0101,福岡市城南区荒江一丁目３５番２１号,プライムステージ荒江１Ｆ,,Ｆｕｌ．,飲食店営業,一般食堂,福,城保衛,32010014,2026/6/30,2020/7/1,2020/7/1
,814-0101,福岡市城南区荒江一丁目３５番２１号,,092-821-7744,焼鳥居酒屋　英,食肉販売業,一般,福,城保衛,32330009,2026/6/30,2020/7/1,2020/7/1
株式会社セフィール,814-0175,福岡市早良区田村三丁目２２番１１号,,,ＭＯＧＵ　ＭＯＧＵ,そうざい製造業,なし,福,早保衛,32570003,2026/6/30,2020/7/1,2020/7/1
株式会社セフィール,814-0175,福岡市早良区田村三丁目２２番１１号,,,ＭＯＧＵ　ＭＯＧＵ,飲食店営業,弁当屋,福,早保衛,32010035,2026/6/30,2020/7/1,2020/7/1
,813-0042,福岡市東区舞松原二丁目１１番２４号,３Ｆ,,ＢＡＲ　希,飲食店営業,一般食堂,福,東保衛,32010054,2026/9/30,2020/7/2,2020/7/2
株式会社　ｌｏｌ,812-0025,福岡市博多区店屋町２番２０号,店屋町ビル　１Ｆ,092-263-3226,笑伝,飲食店営業,一般食堂,福,博保衛,32010165,2026/9/30,2020/7/2,2020/7/2
株式会社ＴＴ＆ＣＯＭＰＡＮＹ,810-0065,福岡市中央区地行浜二丁目２番６号,Ｅ・ＺＯ　ＦＵＫＵＯＫＡ　３階,,ＩＬ　Ｌｕｐｉｎｏ　Ｗｉｎｅ＆Ｂａｒ,飲食店営業,一般食堂,福,中保衛,32010240,2026/9/30,2020/7/2,2020/7/2
株式会社ＴＴ＆ＣＯＭＰＡＮＹ,810-0065,福岡市中央区地行浜二丁目２番６号,Ｅ・ＺＯ　ＦＵＫＵＯＫＡ　３階,,ＩＬ　Ｌｕｐｉｎｏ　Ｔｒａｔｔｏｒｉａ,飲食店営業,一般食堂,福,中保衛,32010017,2026/9/30,2020/7/2,2020/7/2
株式会社コモンテーブル,810-0023,福岡市中央区警固二丁目１８番５号,アバンダント９１ビル１Ｆ,092-734-2166,ケゴマチコモン,飲食店営業,一般食堂,福,中保衛,32010209,2026/9/30,2020/7/2,2020/7/2
有限会社さめじま精肉店,810-0022,福岡市中央区薬院一丁目１５番５号,第３青柳マンション１Ｆ,092-791-1720,さめじま精肉店,飲食店営業,一般食堂,福,中保衛,32010197,2026/9/30,2020/7/2,2020/7/2
有限会社さめじま精肉店,810-0022,福岡市中央区薬院一丁目１５番５号,第３青柳マンション１Ｆ,092-791-1720,さめじま精肉店,食肉販売業,一般,福,中保衛,32330067,2026/9/30,2020/7/2,2020/7/2
,810-0044,福岡市中央区六本松二丁目１５番１号,グランドハイツ六本松３Ｆ,092-716-1217,エレガンス,飲食店営業,バー,福,中保衛,32010230,2026/9/30,2020/7/2,2020/7/2
,815-0033,福岡市南区大橋一丁目１４番７号,桑野ビル１Ｆ,092-562-6234,とりのすけ　大橋店,飲食店営業,一般食堂,福,南保衛,32010053,2026/9/30,2020/7/2,2020/7/2
,815-0071,福岡市南区平和二丁目２０番２－１２号,,,くりーむみっくす本舗,そうざい製造業,なし,福,南保衛,32570004,2026/9/30,2020/7/2,2020/7/2
株式会社たかとり,813-0013,福岡市東区香椎駅前一丁目１番３号,１００号室,092-662-1366,からあげたかとり,飲食店営業,弁当屋,福,東保衛,32010056,2026/9/30,2020/7/3,2020/7/3
,812-0884,福岡市博多区寿町三丁目４番２４号,ホウセイビルⅢ　２階・３階,092-584-6555,Ｍａｒｉｎｅ,飲食店営業,カフェー,福,博保衛,32010166,2026/9/30,2020/7/3,2020/7/3
,812-0884,福岡市博多区寿町三丁目３番３０号,寿ビル内,,居酒屋　恵子,飲食店営業,一般食堂,福,博保衛,32010178,2026/9/30,2020/7/3,2020/7/3
株式会社　Ｌｉｅｎ,812-0018,福岡市博多区住吉四丁目１４番４号,,092-452-6690,ＤＡＩ　ＤＡＩ,飲食店営業,バー,福,博保衛,32010155,2026/9/30,2020/7/3,2020/7/3
,812-0044,福岡市博多区千代一丁目１９番２号,ミヒロビル　２Ｆ,092-641-7777,もつ鍋　凡,飲食店営業,一般食堂,福,博保衛,32010170,2026/9/30,2020/7/3,2020/7/3
株式会社　ｇｌａｓｓ,810-0801,福岡市博多区中洲三丁目３番４号,トワタビル　３階,,Ｓｗｅｌｌ,飲食店営業,一般食堂,福,博保衛,32010171,2026/9/30,2020/7/3,2020/7/3
ｅｎｋｕｒｕ　株式会社,812-0011,福岡市博多区博多駅前三丁目１２番２１号,ＮＫビル　Ｂ１Ｆ,092-473-8677,〇喜門,食肉販売業,一般,福,博保衛,32330059,2026/9/30,2020/7/3,2020/7/3
,812-0027,福岡市博多区下川端町１番３３１号,,,多味亭ーにんじん村,飲食店営業,一般食堂,福,博保衛,32010151,2026/9/30,2020/7/3,2020/7/3
合同会社ＡＳカンパニー,815-0035,福岡市南区向野二丁目１１番３号,谷郷ビル１Ｆ,092-707-9335,博多寿司,飲食店営業,仕出し,福,南保衛,32010048,2026/9/30,2020/7/3,2020/7/3
西戸崎開発株式会社,811-0322,福岡市東区大岳四丁目３番１２３号,,,海中街道 大岳,魚介類販売業,一般,福,東保衛,32130005,2026/9/30,2020/7/6,2020/7/6
西戸崎開発株式会社,811-0322,福岡市東区大岳四丁目３番１２３号,,,海中街道 大岳,飲食店営業,一般食堂,福,東保衛,32010058,2026/9/30,2020/7/6,2020/7/6
株式会社　哩榮,810-0801,福岡市博多区中洲二丁目６番５号,中洲野瀬ビル　全室,092-281-3326,肉料理　ゆう,飲食店営業,一般食堂,福,博保衛,32010168,2026/9/30,2020/7/6,2020/7/6
,810-0003,福岡市中央区春吉二丁目８番２４号,,092-712-5666,高玉,飲食店営業,一般食堂,福,中保衛,32010239,2026/9/30,2020/7/6,2020/7/6
株式会社ＤＥＬＩＳ,810-0062,福岡市中央区荒戸一丁目４番２０号,１Ｆ,092-741-6600,ＦＵＫ　ＣＯＦＦＥＥ　ＰＡＲＫＳ,飲食店営業,一般食堂,福,中保衛,32010216,2026/9/30,2020/7/6,2020/7/6
株式会社ＤＥＬＩＳ,810-0062,福岡市中央区荒戸一丁目４番２０号,１Ｆ,092-741-6600,ＦＵＫ　ＣＯＦＦＥＥ　ＰＡＲＫＳ,菓子製造業,パン,福,中保衛,32050032,2026/9/30,2020/7/6,2020/7/6
株式会社すき家,811-1364,福岡市南区中尾三丁目４０番１４号,,050-3772-5219,すき家　福岡中尾店,飲食店営業,一般食堂,福,南保衛,32010052,2026/9/30,2020/7/6,2020/7/6
有限会社友岡鮮魚,814-0022,福岡市早良区原二丁目４番７号,,,友岡鮮魚,飲食店営業,すし屋,福,早保衛,32010049,2026/9/30,2020/7/6,2020/7/6
有限会社友岡鮮魚,814-0022,福岡市早良区原二丁目４番７号,,092-834-8848,友岡鮮魚,魚介類販売業,一般,福,早保衛,32130004,2026/9/30,2020/7/6,2020/7/6
株式会社Ｙ’ｓ　Ｓｔｙｌｅ,810-0023,福岡市中央区警固一丁目４番２７号,ＫＥＧＯエイトビル３０２,092-741-7520,十時家,飲食店営業,一般食堂,福,中保衛,32010249,2026/9/30,2020/7/7,2020/7/7
株式会社Ｓｐｌｅｎｔｏ,810-0002,福岡市中央区西中洲３番２０号,連ラウンドビル３Ｆ,092-401-0414,Ｃａｔｉｎｏ,飲食店営業,一般食堂,福,中保衛,32010241,2026/9/30,2020/7/7,2020/7/7
メカインターナショナルジャパン株式会社,810-0012,福岡市中央区白金一丁目９番７－３号,白金ハウス１階,092-231-2215,ＫＯＧＵＭＡ　ＣＡＦＥ,飲食店営業,一般食堂,福,中保衛,32010247,2026/9/30,2020/7/7,2020/7/7
株式会社加山企画,810-0073,福岡市中央区舞鶴一丁目８番３８号,WAVE BLDG ４F,092-732-4662,Ｔｈｅ　Ｖｏｏｄｏｏ　Ｌｏｕｎｇｅ,飲食店営業,バー,福,中保衛,32010242,2026/9/30,2020/7/7,2020/7/7
,811-1361,福岡市南区西長住一丁目７番２８号,西長住ビル１０３号,,博多もつ鍋　吉祥,飲食店営業,一般食堂,福,南保衛,32010054,2026/9/30,2020/7/7,2020/7/7
,815-0082,福岡市南区大楠一丁目３０番２１号,福徳ビル１Ｆ,092-534-0010,地鶏食堂　じん．日赤通り,飲食店営業,一般食堂,福,南保衛,32010040,2026/9/30,2020/7/7,2020/7/7
,819-0025,福岡市西区石丸二丁目５番５号,,092-885-2330,うおまる,飲食店営業,一般食堂,福,西保衛,32010036,2026/9/30,2020/7/7,2020/7/7
一冨士フードサービス株式会社,819-0165,福岡市西区今津５４１３番地,,,４７６２９事業所,飲食店営業,一般食堂,福,西保衛,32010035,2026/9/30,2020/7/7,2020/7/7
株式会社　西村商店,812-0883,福岡市博多区南本町二丁目４番２３号,,092-582-3961,まる味商店,飲食店営業,そうざい,福,博保衛,32010190,2026/9/30,2020/7/8,2020/7/8
ＣＲＯＷＮＳ　合同会社,812-0013,福岡市博多区博多駅東三丁目９番１１号,,092-431-2001,セブン－イレブン博多駅東３丁目店,飲食店営業,一般食堂,福,博保衛,32010169,2026/9/30,2020/7/8,2020/7/8
株式会社　ルフレ,812-0013,福岡市博多区博多駅東二丁目４番１４号,第二ヤマトビル　１Ｆ,,ＢＡＲ　ＦＬＡＭＩＮＧＯ,飲食店営業,バー,福,博保衛,32010172,2026/9/30,2020/7/8,2020/7/8
株式会社　丸洋フーズ,812-0028,福岡市博多区須崎町６番２５号,,092-262-1136,第８八千代丸,飲食店営業,一般食堂,福,博保衛,32010125,2026/9/30,2020/7/8,2020/7/8
ジーマックス株式会社,810-0041,福岡市中央区大名一丁目１３番７号１Ｆ,,,いまがわこおり,喫茶店営業,一般,福,中保衛,32230002,2026/9/30,2020/7/8,2020/7/8
有限会社友添本店,810-0003,福岡市中央区春吉二丁目１１番１８号,,092-761-6027,(有)友添本店,飲食店営業,バー,福,中保衛,32010161,2026/9/30,2020/7/8,2020/7/8
,815-0033,福岡市南区大橋一丁目１６番１７号,美芳ビル２０３号,092-408-8870,Ｚｏｏ,飲食店営業,一般食堂,福,南保衛,32010055,2026/9/30,2020/7/8,2020/7/8
,814-0022,福岡市早良区原五丁目３番４５号,,,鉄板焼　博多ホルチャン,飲食店営業,一般食堂,福,早保衛,31010135,2026/9/30,2020/7/8,2020/7/8
ＪＲ九州フードサービス株式会社,819-0002,福岡市西区姪の浜四丁目８番１号,,092-407-5010,姪浜マルシェ　一路發・甘党屋,飲食店営業,一般食堂,福,西保衛,32010032,2026/9/30,2020/7/8,2020/7/8
株式会社 肉の山形屋,812-0051,福岡市東区箱崎ふ頭六丁目７番１１号,,092-645-0029,株式会社肉の山形屋　箱崎営業所,食肉販売業,一般,福,東保衛,32330017,2026/9/30,2020/7/9,2020/7/9
株式会社　Ｙ’ｓ　Ｓｔｙｌｅ,810-0801,福岡市博多区中洲四丁目７番８号,ラ・パピヨンビル　４階　４０７号,092-271-1077,Ａｍｏｕｒ,飲食店営業,バー,福,博保衛,32010188,2026/9/30,2020/7/9,2020/7/9
,810-0801,福岡市博多区中洲三丁目１番２号,新川丈ビル　２階　Ａ号室,092-271-0557,メンバーズ　アイラス,飲食店営業,カフェー,福,博保衛,32010173,2026/9/30,2020/7/9,2020/7/9
,810-0073,福岡市中央区舞鶴一丁目２番２８号,第二友栄ビル１０３,092-409-8622,小鉢＆ＢＡＲ　ふぅ,飲食店営業,一般食堂,福,中保衛,32010261,2026/9/30,2020/7/9,2020/7/9
,810-0044,福岡市中央区六本松四丁目４番１２号,エステートモア六本松２　１０２Ｂ,092-406-7483,ＢＯＯＫＳＨＯＰ　本と羊,飲食店営業,一般食堂,福,中保衛,31011064,2026/9/30,2020/7/9,2020/7/9
,810-0801,福岡市博多区中洲二丁目５番５号,中洲第一ビル　５階　５０３・４号室,092-283-5818,クラブ　ルチルクォーツ,飲食店営業,カフェー,福,博保衛,32010139,2026/9/30,2020/7/10,2020/7/10
,810-0075,福岡市中央区港三丁目１番１７号,,092-713-5730,セブン－イレブン福岡港３丁目店,飲食店営業,一般食堂,福,中保衛,32010196,2026/9/30,2020/7/10,2020/7/10
亜太合同会社,810-0041,福岡市中央区大名二丁目１１番１７号,ロングアベニュー大名２階,092-791-7394,梦園,飲食店営業,一般食堂,福,中保衛,32010235,2026/9/30,2020/7/10,2020/7/10
,810-0023,福岡市中央区警固二丁目１５番３号,Ｂ１,,赤坂メトロ,飲食店営業,一般食堂,福,中保衛,32010200,2026/9/30,2020/7/10,2020/7/10
,810-0023,福岡市中央区警固二丁目１５番３号,Ｂ１,,プティメトロ,菓子製造業,一般,福,中保衛,32050027,2026/9/30,2020/7/10,2020/7/10
,811-1114,福岡市早良区椎原７－１,,092-804-2770,ぎゃらりぃ　花うさぎ,飲食店営業,一般食堂,福,早保衛,32010051,2026/9/30,2020/7/10,2020/7/10
,814-0021,福岡市早良区荒江二丁目１０番１８号,,092-833-1212,ぽせいどん,飲食店営業,弁当屋,福,早保衛,32010052,2026/9/30,2020/7/10,2020/7/10
株式会社博多八昌,814-0002,福岡市早良区西新四丁目６番６号,,092-842-0008,博多八昌,飲食店営業,一般食堂,福,早保衛,32010055,2026/9/30,2020/7/10,2020/7/10
株式会社 ＧＯＳＵＫＥ,812-0054,福岡市東区馬出五丁目２番２０号,,092-632-1070,ＤＯＮＢＡＬ,飲食店営業,弁当屋,福,東保衛,32010055,2026/9/30,2020/7/13,2020/7/13
株式会社　新日本ダイニング,812-0012,福岡市博多区博多駅中央街２番１号,博多バスターミナル　１Ｆ,092-292-9295,ハンバーグステーキ　極味や,食肉販売業,一般,福,博保衛,32330056,2026/9/30,2020/7/13,2020/7/13
株式会社　アンドスマイル,812-0018,福岡市博多区住吉一丁目２番２２号,キャナルシティ博多　５Ｆ　ラーメンスタジアム,092-271-5160,二男坊ｓｅｃｏｎｄ　豚骨つけ麺　あんど．,飲食店営業,一般食堂,福,博保衛,32010183,2026/9/30,2020/7/13,2020/7/13
,812-0041,福岡市博多区吉塚一丁目１７番５号,,,Ｖｉｍａｒｔ,食肉販売業,一般,福,博保衛,32330041,2026/9/30,2020/7/13,2020/7/13
株式会社福多洲,810-0002,福岡市中央区西中洲４番１７号,ＨＴＳビル４階全号,092-406-6330,Ｆ,飲食店営業,バー,福,中保衛,32010181,2026/9/30,2020/7/13,2020/7/13
合同会社ＦＳＨパートナーズ,810-0005,福岡市中央区清川三丁目２６番１８号,第２那の川ビル２階,092-522-8000,歌番星,飲食店営業,バー,福,中保衛,32010262,2026/9/30,2020/7/13,2020/7/13
陽光株式会社,810-0011,福岡市中央区高砂二丁目１０番７号,アヴァンセ那の川１０１号,,中国料理　川香閣,飲食店営業,一般食堂,福,中保衛,32010264,2026/9/30,2020/7/13,2020/7/13
株式会社ポプラ,810-0071,福岡市中央区那の津一丁目７番５号,,092-720-2121,ポプラ　ペラボート福岡店,飲食店営業,一般食堂,福,中保衛,32010266,2026/9/30,2020/7/13,2020/7/13
株式会社ボールダーズ,814-0002,福岡市早良区西新四丁目８番４２号,,092-834-6796,ふみ勝　西新店,飲食店営業,一般食堂,福,早保衛,32010053,2026/9/30,2020/7/13,2020/7/13
,819-0022,福岡市西区福重三丁目１２番２０号,,092-881-7300,お好み焼　赤坂,飲食店営業,一般食堂,福,西保衛,32010037,2026/9/30,2020/7/13,2020/7/13
,812-0053,福岡市東区箱崎三丁目９番３８号,明石ビル１Ｆ,092-632-0555,エニエル,飲食店営業,一般食堂,福,東保衛,32010062,2026/9/30,2020/7/14,2020/7/14
ゆうゆう　株式会社,812-0046,福岡市博多区吉塚本町１番１号,妙見ビル　１Ｆ,092-287-4873,Ｙｏｕ　Ｃａｆｅ,飲食店営業,一般食堂,福,博保衛,32010189,2026/9/30,2020/7/14,2020/7/14
リッチカンパニー　株式会社,812-0018,福岡市博多区住吉三丁目５番８号,ケイジェイ博多住吉ビル　１Ｆ　１０７号,092-409-2997,ＷＡＲＡＩ　和来,飲食店営業,弁当屋,福,博保衛,32010142,2026/9/30,2020/7/14,2020/7/14
リッチカンパニー　株式会社,812-0018,福岡市博多区住吉三丁目５番８号,ケイジェイ博多住吉ビル　１Ｆ　１０７号,092-409-2997,ＷＡＲＡＩ　和来,食肉販売業,一般,福,博保衛,32330054,2026/9/30,2020/7/14,2020/7/14
,812-0011,福岡市博多区博多駅前四丁目１３番２７号,１Ｆ,092-433-3696,六花舎,食肉販売業,一般,福,博保衛,32330055,2026/9/30,2020/7/14,2020/7/14
株式会社松延商会,810-0001,福岡市中央区天神二丁目５番３５号,,092-791-1075,博多ムツゴロウマンジュウ,飲食店営業,一般食堂,福,中保衛,32010269,2026/9/30,2020/7/14,2020/7/14
株式会社鈴木洋装店,810-0074,福岡市中央区大手門三丁目２番２６号,田中ビル１０２,092-406-9626,ＨＡＫＫＯ食堂,そうざい製造業,なし,福,中保衛,32570012,2026/9/30,2020/7/14,2020/7/14
,815-0041,福岡市南区野間二丁目７番１３号,ヴィラージュ野間１－Ｂ,,サケハジメ,飲食店営業,一般食堂,福,南保衛,32010011,2026/9/30,2020/7/14,2020/7/14
有限会社ターボマニア,814-0165,福岡市早良区次郎丸三丁目１１番１号,,,よ～い丼　次郎丸店,飲食店営業,一般食堂,福,早保衛,32010061,2026/9/30,2020/7/14,2020/7/14
有限会社ブランジェリークラウン,819-0002,福岡市西区姪の浜四丁目８番１号　姪浜駅構内,,092-400-0019,ミニヨン　姪浜店,菓子製造業,パン,福,西保衛,32050005,2026/9/30,2020/7/14,2020/7/14
株式会社　ボールダーズ,812-0016,福岡市博多区博多駅南一丁目３番８号,博多パールビル　１Ｆ,092-451-0300,ふみ勝　博多店,飲食店営業,一般食堂,福,博保衛,32010191,2026/9/30,2020/7/15,2020/7/15
,810-0801,福岡市博多区中洲三丁目５番１３号,ヤエススリービル　２階,092-260-7469,グスターレルーム,飲食店営業,バー,福,博保衛,31010839,2026/9/30,2020/7/15,2020/7/15
,810-0801,福岡市博多区中洲四丁目２番１４号,グラン中洲　９階　９０４号,092-282-3717,Ｃｌｕｂ　Ｐｒｅｓｔｉｇｅ,飲食店営業,カフェー,福,博保衛,32010186,2026/9/30,2020/7/15,2020/7/15
株式会社　百笑,812-0038,福岡市博多区祇園町４番１０号,ライフビル　１Ｆ,,Ｄｉｎｉｎｇ　Ｂａｒ　８　ＬＩＮＫ,飲食店営業,一般食堂,福,博保衛,32010181,2026/9/30,2020/7/15,2020/7/15
株式会社８ｇａｒｄｅｎ,810-0041,福岡市中央区大名一丁目８番１２号,１Ｆ,,ダイワ博多,菓子製造業,一般,福,中保衛,32050037,2026/9/30,2020/7/15,2020/7/15
イオン九州株式会社,810-0041,福岡市中央区大名一丁目９番５０号,,092-707-1151,マックスバリュエクスプレス大名店,飲食店営業,そうざい,福,中保衛,32010246,2026/9/30,2020/7/15,2020/7/15
イオン九州株式会社,810-0041,福岡市中央区大名一丁目９番５０号,,092-707-1151,マックスバリュエクスプレス大名店,菓子製造業,パン,福,中保衛,32050038,2026/9/30,2020/7/15,2020/7/15
有限会社ぎん鱗,811-1353,福岡市南区柏原四丁目９番３号,,092-566-8533,ぎん鱗,飲食店営業,一般食堂,福,南保衛,32010056,2026/9/30,2020/7/15,2020/7/15
株式会社まくりフードプロダクション,814-0134,福岡市城南区飯倉一丁目４番３８号,メガネビル１F,092-292-7220,中華麺キッチンまくり本店,飲食店営業,一般食堂,福,城保衛,32010015,2026/9/30,2020/7/15,2020/7/15
,814-0015,福岡市早良区室見四丁目２４番２１号,,,食堂ビュヴールＫ,飲食店営業,一般食堂,福,早保衛,32010054,2026/9/30,2020/7/15,2020/7/15
,819-0054,福岡市西区上山門二丁目１４番２５号,,,０３ｂｒｅａｄ,菓子製造業,パン,福,西保衛,32050006,2026/9/30,2020/7/15,2020/7/15
株式会社墨朋,819-0055,福岡市西区生の松原一丁目３４番３５号,,092-707-7597,生之松原測候所,飲食店営業,主として喫茶,福,西保衛,32010001,2026/9/30,2020/7/15,2020/7/15
株式会社東方商事,811-0204,福岡市東区奈多一丁目１番１５号,,092-608-6851,中華料理 海濱坊,飲食店営業,一般食堂,福,東保衛,32010063,2026/9/30,2020/7/16,2020/7/16
株式会社　タケノ,812-0003,福岡市博多区大字下臼井７６７番１号,国内線ターミナルビル　３Ｆ,092-621-0020,竹乃屋　福岡空港店,飲食店営業,一般食堂,福,博保衛,32010180,2026/9/30,2020/7/16,2020/7/16
株式会社　Ｊ．Ｂ．Ｋ,810-0801,福岡市博多区中洲四丁目１番２４号,,092-282-3010,ＫＯＰＡＮ　中洲店,飲食店営業,一般食堂,福,博保衛,32010192,2026/9/30,2020/7/16,2020/7/16
津村商店株式会社,810-0041,福岡市中央区大名二丁目２番４２号,ハピタス21　１階,092-771-3335,大名暖招家　あんねい,飲食店営業,一般食堂,福,中保衛,32010280,2026/9/30,2020/7/16,2020/7/16
株式会社八仙閣,810-0001,福岡市中央区天神一丁目４番１号,西日本新聞会館１７階,092-712-4650,天神スカイビアガーデン,飲食店営業,一般食堂,福,中保衛,32010278,2026/9/30,2020/7/16,2020/7/16
,814-0104,福岡市城南区別府五丁目２４番１号,犬塚ビル１階１０５号,092-821-3050,響,飲食店営業,弁当屋,福,城保衛,32010016,2026/9/30,2020/7/16,2020/7/16
合同会社惣菜やまさき,814-0104,福岡市城南区別府四丁目１番７号,,092-707-4957,（伊）山﨑惣菜,そうざい製造業,なし,福,城保衛,32570002,2026/9/30,2020/7/16,2020/7/16
株式会社メモリード,819-0001,福岡市西区小戸二丁目３番５５号,,,ガーデンテラス福岡,飲食店営業,レストラン,福,西保衛,32010038,2026/9/30,2020/7/16,2020/7/16
株式会社　スシル,812-0061,福岡市東区筥松二丁目１９番１７号,,092-611-0114,インド料理　ＤＯＭＡ　ＤＯＭＡ,飲食店営業,一般食堂,福,東保衛,32010064,2026/9/30,2020/7/17,2020/7/17
ＭＡＴＡＮＩＣＡ　合同会社,812-0018,福岡市博多区住吉五丁目２３番１号,,092-474-3031,ＤＡＮＮＹ　ＣＨＵＲＲＯＳ,菓子製造業,一般,福,博保衛,32050008,2026/9/30,2020/7/17,2020/7/17
一冨士フードサービス　株式会社,812-0857,福岡市博多区西月隈五丁目６番１号,,,４７６２８事業所,飲食店営業,一般食堂,福,博保衛,32010187,2026/9/30,2020/7/17,2020/7/17
,812-0044,福岡市博多区千代三丁目４２番１号,,,Ｌｅｅ,飲食店営業,一般食堂,福,博保衛,32010201,2026/9/30,2020/7/17,2020/7/17
株式会社モダンプロジェ,810-0044,福岡市中央区六本松四丁目３番１１号,１Ｆ,,六本松食堂,飲食店営業,一般食堂,福,中保衛,32010267,2026/9/30,2020/7/17,2020/7/17
,810-0044,福岡市中央区六本松四丁目４番１２号,,092-714-5115,シカゴステーキオーロラ離れ,食肉販売業,一般,福,中保衛,32330072,2026/9/30,2020/7/17,2020/7/17
株式会社ファーストインプレッション,810-0002,福岡市中央区西中洲１番３５号,寺埜ビル２０２,092-791-5581,イル・ソーニョ,飲食店営業,一般食堂,福,中保衛,32010281,2026/9/30,2020/7/17,2020/7/17
株式会社Ｃｏ．１９３,810-0002,福岡市中央区西中洲６番３６号,,092-791-9839,ＴＯＦＦＥＥ,飲食店営業,一般食堂,福,中保衛,32010285,2026/9/30,2020/7/17,2020/7/17
株式会社Ｃｏ．１９３,810-0002,福岡市中央区西中洲３番１９号,,092-731-1108,三原豆腐店,飲食店営業,一般食堂,福,中保衛,32010286,2026/9/30,2020/7/17,2020/7/17
株式会社Ｃｏ．１９３,810-0002,福岡市中央区西中洲３番１９号,２Ｆ,092-791-8681,三原の２階,飲食店営業,一般食堂,福,中保衛,32010287,2026/9/30,2020/7/17,2020/7/17
,810-0801,福岡市博多区中洲二丁目６番７号,中洲エレガンスビル　４階　４０１号,,Ｂａｒ　Ｓｉｒｉｕｓ,飲食店営業,バー,福,博保衛,32010202,2026/9/30,2020/7/20,2020/7/20
,812-0018,福岡市博多区住吉四丁目９番２号,,092-402-2690,６　ＫＩＮＤ,飲食店営業,バー,福,博保衛,32010209,2026/9/30,2020/7/20,2020/7/20
,810-0801,福岡市博多区中洲二丁目６番１２号,中洲セントラル第５ラインビル　３階　１８号室,,会員制　京子　ＶＩＥＩＬＥＥ　ＶＡＬＬＥＥ,飲食店営業,バー,福,博保衛,32010200,2026/9/30,2020/7/20,2020/7/20
タリーズコーヒージャパン　株式会社,812-0003,福岡市博多区大字下臼井７７８番１号,福岡空港国内線ターミナル　３Ｆ,092-402-0029,タリーズコーヒー　福岡空港店,飲食店営業,主として喫茶,福,博保衛,32010124,2026/9/30,2020/7/20,2020/7/20
,810-0022,福岡市中央区薬院二丁目２番２号,薬院ビル１０３,092-583-5510,しょくらぼ,飲食店営業,一般食堂,福,中保衛,32010288,2026/9/30,2020/7/20,2020/7/20
,810-0021,福岡市中央区今泉一丁目１９番２１号,,092-816-6344,焼とり居酒屋　天神信長西通り２号店,飲食店営業,一般食堂,福,中保衛,32010283,2026/9/30,2020/7/20,2020/7/20
,811-1361,福岡市南区西長住一丁目７番２８号,西長住ビル１Ｆ１０７,,珊瑚珈琲,飲食店営業,一般食堂,福,南保衛,32010050,2026/9/30,2020/7/20,2020/7/20
株式会社ディー・ワークス,811-1133,福岡市早良区曲渕７５０－１,,092-518-3188,さわらの,飲食店営業,一般食堂,福,早保衛,32010062,2026/9/30,2020/7/20,2020/7/20
有限会社ターボマニア,814-0165,福岡市早良区次郎丸三丁目１１番１号,,,Ｆｅｅ　ｄｅ　ｆｌｅｕ,飲食店営業,一般食堂,福,早保衛,32010060,2026/9/30,2020/7/20,2020/7/20
,819-0389,福岡市西区学園通一丁目２３３１番地３,,,ラーメン屋　燦,飲食店営業,一般食堂,福,西保衛,32010039,2026/9/30,2020/7/20,2020/7/20
,810-0801,福岡市博多区中洲二丁目３番５号,中洲会館　８階　８０５号,,サロンドマイ,飲食店営業,バー,福,博保衛,32010193,2026/9/30,2020/7/21,2020/7/21
,812-0024,福岡市博多区綱場町５番５号,,,焼鳥　もと幸,飲食店営業,一般食堂,福,博保衛,32010220,2026/9/30,2020/7/21,2020/7/21
南国フルーツ　株式会社,812-0003,福岡市博多区大字下臼井７６７番１号,福岡空港国内線旅客ターミナルビル　３Ｆ,092-409-7307,キャンベル・アーリー,飲食店営業,主として喫茶,福,博保衛,32010207,2026/9/30,2020/7/21,2020/7/21
,810-0801,福岡市博多区中洲三丁目４番１０号,中洲Ｕビル　１階　１０１号室,,キャッシュオン,飲食店営業,バー,福,博保衛,32010215,2026/9/30,2020/7/21,2020/7/21
ＧＯＫＡＮ　株式会社,810-0801,福岡市博多区中洲四丁目１番２８号,,092-281-7100,おてもやん食堂,飲食店営業,一般食堂,福,博保衛,32010210,2026/9/30,2020/7/21,2020/7/21
株式会社いち食品,810-0001,福岡市中央区天神一丁目４番１号,博多大丸東館エルガーラ６Ｆ,092-726-0066,夢料理　博多ふくいち,飲食店営業,一般食堂,福,中保衛,32010268,2026/9/30,2020/7/21,2020/7/21
,814-0032,福岡市早良区小田部四丁目５番２５号,,092-831-8866,セブンイレブン福岡室住団地北店,飲食店営業,一般食堂,福,早保衛,32010058,2026/9/30,2020/7/21,2020/7/21
,814-0002,福岡市早良区西新五丁目６番６号,,092-823-1201,壺や　西新店,飲食店営業,一般食堂,福,早保衛,32010067,2026/9/30,2020/7/21,2020/7/21
,813-0013,福岡市東区香椎駅前二丁目５２番１号,,092-609-9026,すたん堂,飲食店営業,一般食堂,福,東保衛,32010023,2026/9/30,2020/7/22,2020/7/22
株式会社Ｔ・Ｍ総合企画,811-0203,福岡市東区塩浜一丁目３番１号,,,達磨,飲食店営業,一般食堂,福,東保衛,32010060,2026/9/30,2020/7/22,2020/7/22
,810-0001,福岡市中央区天神三丁目４番１７号,天神ＷＩＮＧ１　７ＦＣ号,,べろべろＢａｒ,飲食店営業,バー,福,中保衛,32010290,2026/9/30,2020/7/22,2020/7/22
,810-0001,福岡市中央区天神二丁目１２番１号,天神ビルＢ１,,ｃａｆｅ　コットン,飲食店営業,一般食堂,福,中保衛,32010236,2026/9/30,2020/7/22,2020/7/22
株式会社ＴＭＲ,810-0073,福岡市中央区舞鶴一丁目２番１１号,おがわビル２Ｆ,092-712-9159,クッキン,飲食店営業,一般食堂,福,中保衛,32010294,2026/9/30,2020/7/22,2020/7/22
株式会社ＵｎｉｓｓｏｎＳａｎｓＦｒｏｎｔｉｅｒｅｓ,814-0002,福岡市早良区西新五丁目１５番１２号,,,ｌｅｃｌｅｒｃ,飲食店営業,一般食堂,福,早保衛,32010063,2026/9/30,2020/7/22,2020/7/22
株式会社ＵｎｉｓｓｏｎＳａｎｓＦｒｏｎｔｉｅｒｅｓ,814-0002,福岡市早良区西新五丁目１５番１２号,,,ｌｅｃｌｅｒｃ,菓子製造業,一般,福,早保衛,32050007,2026/9/30,2020/7/22,2020/7/22
株式会社　ＹＡＭＡＴＯ　ＧＲＯＵＰ,810-0801,福岡市博多区中洲二丁目５番１３号,第２ラインビル　５階　１，２号室,092-291-0091,ＣＬＵＢ　楼蘭,飲食店営業,カフェー,福,博保衛,32010208,2026/9/30,2020/7/27,2020/7/27
株式会社　５６フーズ・コーポレーション,812-0896,福岡市博多区東光寺町二丁目６番４０号,コマーシャルモール博多　１Ｆ,092-481-7829,焼肉の牛太本陣　コマーシャルモール博多店,食肉販売業,一般,福,博保衛,32330063,2026/9/30,2020/7/27,2020/7/27
,810-0075,福岡市中央区港一丁目１番５号,,092-713-6601,元祖長浜屋台,飲食店営業,一般食堂,福,中保衛,32010292,2026/9/30,2020/7/27,2020/7/27
,810-0075,福岡市中央区港一丁目１番５号,,092-713-6601,地鶏食堂　長浜店,飲食店営業,一般食堂,福,中保衛,32010291,2026/9/30,2020/7/27,2020/7/27
有限会社　楽天地,810-0041,福岡市中央区大名一丁目１１番４号,どんぱビル２０１号,,元祖もつ鍋　楽天地　天神大名店,飲食店営業,一般食堂,福,中保衛,32010259,2026/9/30,2020/7/27,2020/7/27
株式会社ティーイーエス,814-0031,福岡市早良区南庄四丁目５番７号,大鶴店舗　１,092-707-4560,博多唐揚げ　響,飲食店営業,弁当屋,福,早保衛,32010068,2026/9/30,2020/7/27,2020/7/27
,810-0801,福岡市博多区中洲四丁目１番３５号,中洲岡部ビル１号館　５階　５０２号室,092-262-6511,ありばば,飲食店営業,バー,福,博保衛,32010199,2026/9/30,2020/7/28,2020/7/28
株式会社　セブンシーズ,810-0801,福岡市博多区中洲三丁目４番７号,博多バッカス館　地下１階　全号室,092-261-8822,クラブ　フォーナイン,飲食店営業,カフェー,福,博保衛,32010177,2026/9/30,2020/7/28,2020/7/28
九州フードスターズ　株式会社,812-0011,福岡市博多区博多駅前三丁目１０番３０号,,092-402-2263,大衆酒場　博多かつりき,飲食店営業,一般食堂,福,博保衛,32010223,2026/9/30,2020/7/28,2020/7/28
株式会社　Ｋｅｙ　ｔａｂｌｅ,812-0011,福岡市博多区博多駅前三丁目１０番２号,ウーブル博多　１Ｆ　１０１号,092-477-5027,炭火野菜巻き串と炉端焼き　博多うずまき　博多駅前店,飲食店営業,一般食堂,福,博保衛,32010227,2026/9/30,2020/7/28,2020/7/28
有限会社　龍ノ巣,810-0801,福岡市博多区中洲四丁目７番２１号,中野ビル　１階,0120-44-0100,焼肉　龍の巣　ニュー中洲店,飲食店営業,一般食堂,福,博保衛,32010205,2026/9/30,2020/7/28,2020/7/28
アイシン商事　株式会社,812-0027,福岡市博多区下川端町３番１号,博多リバレインモール　Ｂ２Ｆ,092-710-7000,甘味処　たきむら,飲食店営業,一般食堂,福,博保衛,32010213,2026/9/30,2020/7/28,2020/7/28
アイシン商事　株式会社,812-0027,福岡市博多区下川端町３番１号,博多リバレインモール　Ｂ２Ｆ,092-710-7000,甘味処　たきむら,菓子製造業,一般,福,博保衛,32050009,2026/9/30,2020/7/28,2020/7/28
レックコレクティブ株式会社,810-0004,福岡市中央区渡辺通五丁目１番１９号,,092-406-5214,ＲＥＣ　ＣＯＦＦＥＥ　天神南店,飲食店営業,一般食堂,福,中保衛,32010220,2026/9/30,2020/7/28,2020/7/28
株式会社　かな川グループ,812-0017,福岡市博多区美野島三丁目１番３４号,テンダーライト博多　１Ｆ,092-481-9288,株式会社かな川グループ　セントラルキッチン,食品の冷凍又は冷蔵業,なし,福,博保衛,32190004,2026/9/30,2020/7/29,2020/7/29
株式会社　かな川グループ,812-0017,福岡市博多区美野島三丁目１番３４号,テンダーライト博多　１Ｆ,092-481-9288,株式会社かな川グループ　セントラルキッチン,そうざい製造業,なし,福,博保衛,32570007,2026/9/30,2020/7/29,2020/7/29
,810-0801,福岡市博多区中洲三丁目２番１２号,第３ラインビル　４階　９号室,092-262-3555,ラウンジバー李,飲食店営業,バー,福,博保衛,32010206,2026/9/30,2020/7/29,2020/7/29
ＧＨＳ　株式会社,812-0012,福岡市博多区博多駅中央街９番１号,ＫＩＴＴＥ博多　１１Ｆ,092-481-0850,ＴＩＭＥ　ＮＥＳＴ,飲食店営業,一般食堂,福,博保衛,32010196,2026/9/30,2020/7/29,2020/7/29
ＧＨＳ　株式会社,812-0012,福岡市博多区博多駅中央街９番１号,ＫＩＴＴＥ博多　１１Ｆ,092-481-0850,ザストリングス博多,飲食店営業,一般食堂,福,博保衛,32010195,2026/9/30,2020/7/29,2020/7/29
,810-0041,福岡市中央区大名二丁目４番３１号,新アカサカビル１Ｆ,092-712-2828,バックステージ,飲食店営業,主として喫茶,福,中保衛,32010315,2026/9/30,2020/7/29,2020/7/29
,810-0041,福岡市中央区大名二丁目１番３０号,ＡＩビルＢ館３Ｆ,,居酒屋ＢＡＲ　ＬＩＢ,飲食店営業,一般食堂,福,中保衛,32010307,2026/9/30,2020/7/29,2020/7/29
,813-0013,福岡市東区香椎駅前一丁目１番９号,ＺＥＯＮ香椎宮前２０１,092-710-8075,もつ鍋かわべ,飲食店営業,一般食堂,福,東保衛,32010057,2026/9/30,2020/7/30,2020/7/30
,812-0028,福岡市博多区須崎町６番２１号,ガーネット博多　１Ｆ,,ウドン酒場カイネ,飲食店営業,一般食堂,福,博保衛,32010230,2026/9/30,2020/7/30,2020/7/30
,812-0029,福岡市博多区古門戸町７番１３号,古門戸Ｃｏｍｍｏｎ　ｄｅ　５Ｆ,,Ｃａｆｅ　Ｃｒｏｓｓ,飲食店営業,仕出し,福,博保衛,32010228,2026/9/30,2020/7/30,2020/7/30
株式会社　エイト,810-0801,福岡市博多区中洲一丁目３番１５号,オンリーワンビル　１階,092-262-5355,Dress　Bar,飲食店営業,バー,福,博保衛,32010218,2026/9/30,2020/7/30,2020/7/30
株式会社ＦＩＫＡ,810-0074,福岡市中央区大手門三丁目４番１号,ＵＮＰＬＡＮ　ＦＵＫＵＯＫＡ　１Ｆ,,Ｇａｔｈｅｒ　ｂｙ　ＵＮＰＬＡＮ,飲食店営業,一般食堂,福,中保衛,32010299,2026/9/30,2020/7/30,2020/7/30
株式会社成功,810-0002,福岡市中央区西中洲３番２０号,連ラウンドビル３０１,092-726-6289,我逢人,飲食店営業,すし屋,福,中保衛,32010250,2026/9/30,2020/7/30,2020/7/30
ワイドライフ有限会社,810-0003,福岡市中央区春吉三丁目５番７号,リバーフロント中洲西ＮｏｒｔｈＳｉｄｅ　１Ｆ,092-791-6639,ＴＲＡＴＴＯＲＩＡ　ＫＩＫＵＹＡ,飲食店営業,レストラン,福,中保衛,32010263,2026/9/30,2020/7/30,2020/7/30
あじやエンタープライズ株式会社,819-0161,福岡市西区今宿東一丁目２３番７号,ルミエール今宿店内,092-806-9665,お惣菜のあじや,飲食店営業,弁当屋,福,西保衛,32010045,2026/9/30,2020/7/30,2020/7/30
ＮＰＯ法人ホーキーズ,813-0011,福岡市東区香椎四丁目１３番３２号,,092-980-1992,ホーキーズ,飲食店営業,仕出し,福,東保衛,32010067,2026/9/30,2020/7/31,2020/7/31
,813-0001,福岡市東区唐原一丁目２番４５号,,092-673-1586,來福,飲食店営業,一般食堂,福,東保衛,32010072,2026/9/30,2020/7/31,2020/7/31
,810-0801,福岡市博多区中洲三丁目７番１３号,ＳＡＭ’Ｓ　ＢＬＤ４　３階,092-262-0709,バー　アルセウス,飲食店営業,バー,福,博保衛,32010237,2026/9/30,2020/7/31,2020/7/31
,810-0801,福岡市博多区中洲二丁目５番５号,中洲第一ビル　１階　１０３号,092-291-2317,とん平本店,飲食店営業,一般食堂,福,博保衛,32010232,2026/9/30,2020/7/31,2020/7/31
,810-0054,福岡市中央区今川一丁目１０番４９号,ハビタ１１,092-731-0205,和多なかむら,飲食店営業,一般食堂,福,中保衛,32010289,2026/9/30,2020/7/31,2020/7/31
,810-0005,福岡市中央区清川二丁目１１番３３号,仲西ビル３Ｆ,,ＰＯＰ　ＣＯＬＯＲ,飲食店営業,バー,福,中保衛,32010318,2026/9/30,2020/7/31,2020/7/31
,811-1347,福岡市南区野多目四丁目２番１号,,092-566-5036,元気の源　ゲンキ屋,食肉販売業,一般,福,南保衛,32330021,2026/9/30,2020/7/31,2020/7/31
株式会社ＴＡＩＨＥＩ水産,814-0142,福岡市城南区片江一丁目４番９号,,,あじっ娘,飲食店営業,そうざい,福,城保衛,32010017,2026/9/30,2020/7/31,2020/7/31
株式会社ＴＡＩＨＥＩ水産,814-0142,福岡市城南区片江一丁目４番９号,,,あじっ娘,魚介類販売業,一般,福,城保衛,32130003,2026/9/30,2020/7/31,2020/7/31
,814-0002,福岡市早良区西新一丁目１１番１６号,アイリス西新　Ｂ１,092-822-0722,スナック　フォーユー,飲食店営業,一般食堂,福,早保衛,32020056,2026/9/30,2020/7/31,2008/7/24
,814-0014,福岡市早良区弥生一丁目３番１号,シャルム藤崎北側,092-841-7668,ターコイズ,飲食店営業,一般食堂,福,早保衛,32020055,2026/9/30,2020/7/31,2014/8/4
有限会社堀兄弟運送,814-0001,福岡市早良区百道浜一丁目３番７０号,,092-852-7788,ＧＲＡＮＤ　ＭＡＳＴＥＲＳ　ＣＡＦＥ　百道,飲食店営業,一般食堂,福,早保衛,32010065,2026/9/30,2020/7/31,2020/7/31
西南学院大学生活協同組合,814-0002,福岡市早良区西新七丁目４番６３号,,092-841-2401,西南学院大学生活協同組合,飲食店営業,一般食堂,福,早保衛,32020054,2026/9/30,2020/7/31,1972/9/11
イオン九州株式会社,814-0032,福岡市早良区小田部四丁目１１番２７号,,092-400-0121,マックスバリュエクスプレス室住店,飲食店営業,弁当屋,福,早保衛,32010066,2026/9/30,2020/7/31,2020/7/31
イオン九州株式会社,814-0032,福岡市早良区小田部四丁目１１番２７号,,092-400-0121,マックスバリュエクスプレス室住店,菓子製造業,パン,福,早保衛,32050008,2026/9/30,2020/7/31,2020/7/31
株式会社ＡＴ ＷＡＬＬ,811-0202,福岡市東区和白一丁目１３番２５号,,092-980-1583,ＣＬＩＭＢＩＮＧ ＡＴ ＷＡＬＬ,飲食店営業,一般食堂,福,東保衛,32010068,2026/9/30,2020/8/3,2020/8/3
株式会社　悠優,812-0016,福岡市博多区博多駅南二丁目９番３９号,ジェンティーレ博多駅南Ⅰ　１Ｆ,092-292-3580,うどんダイニング弥栄,飲食店営業,一般食堂,福,博保衛,32010216,2026/9/30,2020/8/3,2020/8/3
株式会社　ヒラノ,812-0894,福岡市博多区諸岡一丁目１６番２６号,,092-571-7146,はかた　新鮮市場,魚介類販売業,一般,福,博保衛,32130013,2026/9/30,2020/8/3,2020/8/3
株式会社　ヒラノ,812-0894,福岡市博多区諸岡一丁目１６番２６号,,092-571-7146,はかた　新鮮市場,食肉販売業,一般,福,博保衛,32330061,2026/9/30,2020/8/3,2020/8/3
,810-0004,福岡市中央区渡辺通五丁目２４番３０号,東カン第一福岡ビル地下一階,092-406-3646,ゆうゆ,飲食店営業,一般食堂,福,中保衛,32010232,2026/9/30,2020/8/3,2020/8/3
,815-0082,福岡市南区大楠二丁目１７番３号,井谷ビル２０１,092-983-7786,千歳,飲食店営業,一般食堂,福,南保衛,32010046,2026/9/30,2020/8/3,2020/8/3
株式会社ＧＲＡＺＩＥ,811-1345,福岡市南区向新町二丁目２１番２６号,,092-565-7230,３６９ＣＨＩＣＫＥＮ,飲食店営業,弁当屋,福,南保衛,32010058,2026/9/30,2020/8/3,2020/8/3
,811-1364,福岡市南区中尾三丁目３７番１号,,092-710-3263,ｎｉｃｏｔｔｏｒｉｂｂｏｎｃａｆｅ,飲食店営業,一般食堂,福,南保衛,32010061,2026/9/30,2020/8/3,2020/8/3
,814-0022,福岡市早良区原四丁目１７番１号,,092-707-7901,えびす屋,飲食店営業,そうざい,福,早保衛,32010069,2026/9/30,2020/8/3,2020/8/3
株式会社ミナモ,814-0002,福岡市早良区西新四丁目８番３６－１号,レフィーナカサ西新Ⅱ　２Ｆ,,ＬＡＲＭＥ西新,飲食店営業,カフェー,福,早保衛,32010056,2026/9/30,2020/8/3,2020/8/3
,819-0002,福岡市西区姪の浜四丁目１２番１８号,,092-884-1027,お弁当の大鶴,そうざい製造業,なし,福,西保衛,32570005,2026/9/30,2020/8/3,2020/8/3
,819-0002,福岡市西区姪の浜四丁目１２番１８号,,092-884-1027,お弁当の大鶴,菓子製造業,一般,福,西保衛,32050007,2026/9/30,2020/8/3,2020/8/3
株式会社スウォード,819-0054,福岡市西区上山門一丁目１番１７号,,092-407-8988,唐揚げ専門はっぴ商店　下山門店,飲食店営業,弁当屋,福,西保衛,32010040,2026/9/30,2020/8/3,2020/8/3
株式会社才田運送,812-0053,福岡市東区箱崎四丁目６番１－１０１号,,092-292-8031,旭精肉店,食肉販売業,一般,福,東保衛,32330019,2026/9/30,2020/8/4,2020/8/4
,813-0043,福岡市東区名島四丁目５３番５号,,,おぎはら,飲食店営業,一般食堂,福,東保衛,31010209,2026/9/30,2020/8/4,2020/8/4
,813-0003,福岡市東区香住ケ丘六丁目５番３号,,,Ｓｎｏｗ Ｃｏｆｆｅｅ,飲食店営業,カフェー,福,東保衛,32010073,2026/9/30,2020/8/4,2020/8/4
,810-0801,福岡市博多区中洲二丁目４番１８号,,092-291-8378,壺や中洲店,飲食店営業,一般食堂,福,博保衛,32010231,2026/9/30,2020/8/4,2020/8/4
株式会社　ＢｌｕｅＳｋｙ,810-0801,福岡市博多区中洲三丁目６番７号,ギャラリーヤマモトビル　８階　８０１・８０２号室,,Ｃｌｕｂ　Ｂｕｒｊ,飲食店営業,カフェー,福,博保衛,32010161,2026/9/30,2020/8/4,2020/8/4
株式会社　テソン,812-0037,福岡市博多区御供所町２番４１号,,092-283-5008,韓国料理　漢陽,飲食店営業,一般食堂,福,博保衛,32010224,2026/9/30,2020/8/4,2020/8/4
,814-0002,福岡市早良区西新一丁目７番１０号,西新てんぐ屋ビル　１Ｆ,092-844-0020,一品料理の店むとう,飲食店営業,一般食堂,福,早保衛,32020058,2026/9/30,2020/8/4,1984/8/22
,814-0022,福岡市早良区原四丁目７番３９号,,,カオサン原店,飲食店営業,そうざい,福,早保衛,32010059,2026/9/30,2020/8/4,2020/8/4
株式会社　たまより,810-0801,福岡市博多区中洲二丁目３番１２号,八和ビル　９階　全室,092-281-7323,完全会員制　たまより,飲食店営業,カフェー,福,博保衛,32010238,2026/9/30,2020/8/5,2020/8/5
株式会社　成長丸,810-0801,福岡市博多区中洲二丁目２番１３号,松島ビル　６階　６０５号,092-291-3455,プチ　メム・バー,飲食店営業,バー,福,博保衛,32010219,2026/9/30,2020/8/5,2020/8/5
,810-0801,福岡市博多区中洲二丁目１番１１号,プレイスポットしんばしビル　４階　４０８Ｂ号室,092-291-7006,ｍｅｍｂｅｒ’ｓ　Ｋａｏｒｉ,飲食店営業,カフェー,福,博保衛,32010250,2026/9/30,2020/8/5,2020/8/5
,810-0801,福岡市博多区中洲二丁目３番５号,中洲会館　７階　７０６号室,092-282-3277,ＮＡＫＡＳＵ　Ｃｏｌｌｅｃｔｉｏｎ,飲食店営業,バー,福,博保衛,32010222,2026/9/30,2020/8/5,2020/8/5
株式会社Ｉｎｄｅｐｅｎｄｅｎｔ,810-0042,福岡市中央区赤坂一丁目９番２２号,コンセントリクス福岡天神ビル７Ｆ,,ＢＥＡＲＤ－ＡＭＥＲＩＣＡＮ　ＲＯＯＦＴＯＰ－,飲食店営業,一般食堂,福,中保衛,32010228,2026/9/30,2020/8/5,2020/8/5
株式会社Ｍ＆Ｓアライアンス,810-0041,福岡市中央区大名一丁目６番１３号,バルビゾン９５　１Ｆ,092-791-9274,麺処　極み,食肉販売業,一般,福,中保衛,32330077,2026/9/30,2020/8/5,2020/8/5
株式会社ＰＰＲカンパニー,810-0042,福岡市中央区赤坂二丁目３番２７号,,092-761-3497,もつ繁,飲食店営業,一般食堂,福,中保衛,32010329,2026/9/30,2020/8/5,2020/8/5
株式会社　クエスト,815-0082,福岡市南区大楠三丁目２２番４号,,092-707-2812,ＰＩＺＺＡ　ＳＴＵＤＩＯ,食品の冷凍又は冷蔵業,なし,福,南保衛,32190004,2026/9/30,2020/8/5,2020/8/5
有限会社 岩崎精肉店,813-0013,福岡市東区香椎駅前二丁目１２番１７号,岩崎ビル１Ｆ,092-681-1268,岩崎精肉店,食肉販売業,一般,福,東保衛,32340011,2026/9/30,2020/8/6,1978/8/28
畠中商事有限会社,813-0042,福岡市東区舞松原二丁目１番３号,,092-674-1186,ほっともっと 舞松原店,飲食店営業,弁当屋,福,東保衛,32020041,2026/9/30,2020/8/6,2008/9/26
ロイヤルコントラクトサービス株式会社,810-0051,福岡市中央区大濠公園１番３号２Ｆ,,092-751-3340,レストラン花の木,食肉販売業,一般,福,中保衛,32330078,2026/9/30,2020/8/6,2020/8/6
,815-0082,福岡市南区大楠一丁目８番１６号,イトウサンシャインコーポ１Ｆ,,小料理ゆき絵,飲食店営業,一般食堂,福,南保衛,32010065,2026/9/30,2020/8/6,2020/8/6
株式会社ヴォール,815-0033,福岡市南区大橋四丁目１番１号,メモリープラザ大橋１Ｆ,,Ｄｒｅｓｓ　Ｂａｒ　ｂｙ　ＧｏＧｏ　Ｂａｒ,飲食店営業,一般食堂,福,南保衛,32010063,2026/9/30,2020/8/6,2020/8/6
,814-0171,福岡市早良区野芥四丁目１番２３号,,092-873-8057,酒・惣・歌　ゆみ,飲食店営業,一般食堂,福,早保衛,32020061,2026/9/30,2020/8/6,2014/7/18
,814-0021,福岡市早良区荒江二丁目１２番２１号,,092-821-8888,あら　ぷら～と,飲食店営業,一般食堂,福,早保衛,32010073,2026/9/30,2020/8/6,2020/8/6
,819-0165,福岡市西区今津２１８２番地３,,,おやつの店　トマト,飲食店営業,一般食堂,福,西保衛,32020033,2026/9/30,2020/8/6,1996/9/30
株式会社Ｇ－ＲＯＯＭ,813-0016,福岡市東区香椎浜二丁目４番２９号,,,ＧＲＥＥＮ　ＳＴＡＮＤ,飲食店営業,一般食堂,福,東保衛,32010069,2026/9/30,2020/8/7,2020/8/7
株式会社Ｇ－ＲＯＯＭ,813-0016,福岡市東区香椎浜二丁目４番２９号,,,ＧＲＥＥＮ　ＳＴＡＮＤ,菓子製造業,一般,福,東保衛,32050006,2026/9/30,2020/8/7,2020/8/7
一般財団法人公園財団,811-0321,福岡市東区大字西戸崎１８番２５号,,092-603-1111,中央駐車場売店,飲食店営業,一般食堂,福,東保衛,32020042,2026/9/30,2020/8/7,2002/8/19
Ｌｏｃａｌ　Ｄｅｓｉｇｎ株式会社,812-0029,福岡市博多区古門戸町７番１３号,あるく本社ビル　５Ｆ,092-262-7555,Ｃｏｍｍｏｎ　ｄｅ　－Ｈｏｓｔｅｌ　＆　Ｂａｒ－,飲食店営業,バー,福,博保衛,32010253,2026/9/30,2020/8/7,2020/8/7
,811-1132,福岡市早良区大字石釜８８６番地７,,,ｋｏｙａ,飲食店営業,一般食堂,福,早保衛,32010071,2026/9/30,2020/8/7,2020/8/7
株式会社テムジン,814-0012,福岡市早良区昭代一丁目１７番１９号,,092-841-2582,株式会社　テムジン,そうざい製造業,なし,福,早保衛,32580002,2026/9/30,2020/8/7,1996/7/31
富士産業株式会社,814-0175,福岡市早良区田村二丁目１５番１号,,092-801-0539,サンシャイン　シティ,飲食店営業,一般食堂,福,早保衛,32020062,2026/9/30,2020/8/7,2002/7/18
富士産業株式会社,819-0002,福岡市西区姪の浜二丁目２番５０号,,092-882-5703,福岡ハートネット病院,飲食店営業,一般食堂,福,西保衛,32020035,2026/9/30,2020/8/7,2008/8/6
ＴＯＭＹ株式会社,813-0036,福岡市東区若宮四丁目１番３６号,１Ｆ１０２,092-681-1031,ｓｔｅａｋ　ｈｏｕｓｅ　ＴＯＭＩＯＫＡ,飲食店営業,弁当屋,福,東保衛,32010071,2026/9/30,2020/8/8,2020/8/8
,813-0044,福岡市東区千早四丁目１０番１号,リングローブ１Ｆ 中央ホール,092-682-5515,ＢＡＳＫＩＮＧ ＣＯＦＦＥＥ,飲食店営業,一般食堂,福,東保衛,32020043,2026/9/30,2020/8/11,2014/7/18
有限会社 珈琲豆屋,813-0011,福岡市東区香椎一丁目３番３１号,,092-201-2201,Ｎａｎの木,飲食店営業,一般食堂,福,東保衛,32020044,2026/9/30,2020/8/11,2002/9/3
株式会社　大和,810-0801,福岡市博多区中洲二丁目６番７号,ジョイフルヤマモトビル　３階　１号室,092-291-1020,Ａｑｕａ　Ｂａｒ　ＮＡＤＥＳＨＩＫＯ,飲食店営業,バー,福,博保衛,32010260,2026/9/30,2020/8/11,2020/8/11
株式会社　まる家福岡,810-0801,福岡市博多区中洲二丁目３番１７号,第７ラインビル　５階　２号室,092-272-2380,ｃｌｕｂ　Ｃａｒｏ,飲食店営業,カフェー,福,博保衛,32010204,2026/9/30,2020/8/11,2020/8/11
,810-0801,福岡市博多区中洲二丁目４番２０号,第２１ポールスタービル　３階　３０６号室,,ＥＡＳＴ,飲食店営業,バー,福,博保衛,32010175,2026/9/30,2020/8/11,2020/8/11
株式会社　ＹＡＭＡＴＯ　ＧＲＯＵＰ,810-0801,福岡市博多区中洲二丁目５番１３号,第２ラインビル　６階　１号室,092-271-8080,Ｎｅｏ　Ｓｎａｃｋ　Ａｎｊｙｕ,飲食店営業,カフェー,福,博保衛,32010233,2026/9/30,2020/8/11,2020/8/11
株式会社　ワンテンハンドレッド,810-0801,福岡市博多区中洲二丁目７番２号,レビュー中洲　２階２０１号,092-263-6577,パジャマッ娘,飲食店営業,バー,福,博保衛,32010235,2026/9/30,2020/8/11,2020/8/11
,810-0026,福岡市中央区古小烏町７０番２号,野田ビル１階,092-522-1718,しんじゅ亭,飲食店営業,一般食堂,福,中保衛,32020139,2026/9/30,2020/8/11,2014/9/8
,810-0033,福岡市中央区小笹二丁目１２番１号,,092-525-9090,ファミリーマート　福岡小笹店,飲食店営業,一般食堂,福,中保衛,32010327,2026/9/30,2020/8/11,2020/8/11
,810-0021,福岡市中央区今泉一丁目１２番２３号,西鉄今泉ビル１階,,今泉のとり天,飲食店営業,一般食堂,福,中保衛,32010303,2026/9/30,2020/8/11,2020/8/11
Ｏｕｉ株式会社,810-0031,福岡市中央区谷一丁目１４番２号,裏六本松１Ｆ,,Ｏｕｉ,飲食店営業,一般食堂,福,中保衛,32010319,2026/9/30,2020/8/11,2020/8/11
,815-0042,福岡市南区若久三丁目１番１６号,,092-551-1671,福建,飲食店営業,弁当屋,福,南保衛,32010059,2026/9/30,2020/8/11,2020/8/11
,819-0165,福岡市西区今津８番地３,,092-401-0237,海凛房,飲食店営業,一般食堂,福,西保衛,32020036,2026/9/30,2020/8/11,2008/8/1
九州フジパンストアー株式会社,819-0005,福岡市西区内浜一丁目７番１６号,サニー姪浜店内,092-881-9431,ホルン姪浜店,菓子製造業,一般,福,西保衛,32060003,2026/9/30,2020/8/11,1996/7/17
,813-0041,福岡市東区水谷二丁目１６番１号,１階,092-410-8661,ＢＵＦＦＯ ＭＩＭＡＴＳＵ,飲食店営業,一般食堂,福,東保衛,32020046,2026/9/30,2020/8/12,2014/7/17
,811-0214,福岡市東区和白東三丁目２７番２７号,,092-605-3110,魚膳,飲食店営業,一般食堂,福,東保衛,32020045,2026/9/30,2020/8/12,2002/9/6
株式会社　ジャパン・シーフーズ,812-0051,福岡市東区箱崎ふ頭五丁目９番２９号,,092-632-2135,（株）ジャパン・シーフーズ,魚介類販売業,一般,福,東保衛,32140007,2026/9/30,2020/8/12,1991/9/11
株式会社　ジャパン・シーフーズ,812-0051,福岡市東区箱崎ふ頭五丁目９番２９号,,092-632-2135,（株）ジャパン・シーフーズ,そうざい製造業,なし,福,東保衛,32580003,2026/9/30,2020/8/12,1991/9/11
,812-0011,福岡市博多区博多駅前一丁目５番１号,大博通ビル　Ｂ１Ｆ,,グリーンコープキッチンスタジオ,飲食店営業,弁当屋,福,博保衛,31010966,2026/9/30,2020/8/12,2020/8/12
株式会社　ＡＦＬＯＭＡＮ,812-0011,福岡市博多区博多駅前一丁目３番２２号,かき善ビル　Ｂ１Ｆ,092-402-2584,ＳＰＯＲＴＳ＆ＤＡＲＴＳ　ＳＡＮＤ．,飲食店営業,一般食堂,福,博保衛,32010257,2026/9/30,2020/8/12,2020/8/12
,810-0801,福岡市博多区中洲四丁目１番１０号,第２きよたけビル　２階,092-272-0444,獅翫香,飲食店営業,バー,福,博保衛,32010254,2026/9/30,2020/8/12,2020/8/12
,810-0801,福岡市博多区中洲二丁目７番５号,第３タワービル　１階,092-282-4351,Ｔａｙａｍａ,飲食店営業,一般食堂,福,博保衛,32020187,2026/9/30,2020/8/12,1996/7/3
株式会社　しょうき企画,812-0013,福岡市博多区博多駅東三丁目１番２９号,博多第２ムカヰビル　１Ｆ,092-413-7820,しょうき　博多店,飲食店営業,一般食堂,福,博保衛,32020185,2026/9/30,2020/8/12,2008/9/25
株式会社　Ｆ４,812-0013,福岡市博多区博多駅東二丁目２番１８号,スライビィング８４　２Ｆ,092-432-0707,ＰＡＲＡＤＩＳＥ博多駅,飲食店営業,カフェー,福,博保衛,32010164,2026/9/30,2020/8/12,2020/8/12
株式会社　ＭＩＳＡＯ,810-0801,福岡市博多区中洲三丁目３番１号,ＴＭセレスビル　４階　４０６号,,ＢＡＲ　Ｋ．Ｐ,飲食店営業,バー,福,博保衛,32010247,2026/9/30,2020/8/12,2020/8/12
株式会社スマートリンク,810-0074,福岡市中央区大手門一丁目９番８号,吉住ビル１Ｆ,,Ｔｈａｎｋｓ　Ｋｉｔｃｈｅｎ,飲食店営業,弁当屋,福,中保衛,32010304,2026/9/30,2020/8/12,2020/8/12
株式会社Ｏｐｔｉｏｎ,810-0003,福岡市中央区春吉二丁目１９番１５号,サヴォイ　ル　パシフィーク　１０２号,092-406-2299,りょうえい,飲食店営業,一般食堂,福,中保衛,32010345,2026/9/30,2020/8/12,2020/8/12
イオン九州株式会社,810-0054,福岡市中央区今川二丁目１４番１号,,092-401-0521,エクスプレス今川店,飲食店営業,そうざい,福,中保衛,32010328,2026/9/30,2020/8/12,2020/8/12
イオン九州株式会社,810-0054,福岡市中央区今川二丁目１４番１号,,092-401-0521,エクスプレス今川店,菓子製造業,パン,福,中保衛,32050043,2026/9/30,2020/8/12,2020/8/12
,810-0004,福岡市中央区渡辺通一丁目１番１－１３号,,092-781-7949,酒処　へいじ,飲食店営業,一般食堂,福,中保衛,32020140,2026/9/30,2020/8/12,2002/7/9
有限会社原田製麺,815-0035,福岡市南区向野一丁目７番６号,,092-541-1590,有限会社　原田製麺,めん類製造業,一般,福,南保衛,32560002,2026/9/30,2020/8/12,2002/7/3
有限会社アット,815-0041,福岡市南区野間一丁目６番２８号,高宮オークマンション１Ｆ,092-557-4177,懐石サロン　我淨,飲食店営業,仕出し,福,南保衛,32020052,2026/9/30,2020/8/12,2014/7/25
有限会社原田製麺,815-0041,福岡市南区野間一丁目５番７号,,092-552-0332,元祖赤のれん節ちゃんラーメン野間店,飲食店営業,一般食堂,福,南保衛,32020051,2026/9/30,2020/8/12,2002/7/11
有限会社リピート,815-0033,福岡市南区大橋一丁目２５番７号,白水第１ビル１階,092-511-5666,辛麺鶴商店,めん類製造業,一般,福,南保衛,32550002,2026/9/30,2020/8/12,2020/8/12
,814-0164,福岡市早良区賀茂三丁目１２番１２号,,092-801-4182,喜福,飲食店営業,そば屋,福,早保衛,32020063,2026/9/30,2020/8/12,2014/7/31
株式会社　ハローデイ,819-0006,福岡市西区姪浜駅南二丁目２０番１４号,,092-885-8628,ハローデイ　姪浜店,食肉販売業,一般,福,西保衛,32340002,2026/9/30,2020/8/12,2002/9/19
株式会社　ハローデイ,819-0006,福岡市西区姪浜駅南二丁目２０番１４号,,092-885-8628,ハローデイ　姪浜店,飲食店営業,弁当屋,福,西保衛,32020038,2026/9/30,2020/8/12,2002/9/19
株式会社　かじや水産,819-0006,福岡市西区姪浜駅南二丁目２０番１４号,,092-885-8628,ハローデイ姪浜店（株式会社　かじや水産）,魚介類販売業,一般,福,西保衛,32140005,2026/9/30,2020/8/12,2002/9/19
株式会社　かじや水産,819-0006,福岡市西区姪浜駅南二丁目２０番１４号,,092-885-8628,ハローデイ姪浜店（株式会社　かじや水産）,飲食店営業,すし屋,福,西保衛,32020037,2026/9/30,2020/8/12,2002/9/19
風月フーズ株式会社,819-0002,福岡市西区姪の浜四丁目８番２号,,092-891-4221,Ｂａｋｅｒｙ＆Ｓｗｅｅｔｓ　Ｆ,飲食店営業,弁当屋,福,西保衛,32020040,2026/9/30,2020/8/12,2014/7/9
風月フーズ株式会社,819-0002,福岡市西区姪の浜四丁目８番２号,,092-891-4221,Ｂａｋｅｒｙ＆Ｓｗｅｅｔｓ　Ｆ,菓子製造業,一般,福,西保衛,32060004,2026/9/30,2020/8/12,2014/7/9
,812-0054,福岡市東区馬出二丁目２９番１-７号,,,松っちゃん,飲食店営業,一般食堂,福,東保衛,32010079,2026/9/30,2020/8/13,2020/8/13
株式会社　チャネルティ,812-0016,福岡市博多区博多駅南四丁目２番１０号,南近代ビル別館　Ｂ１Ｆ,,博多とりかわ大臣　駅南串房,飲食店営業,一般食堂,福,博保衛,32010197,2026/9/30,2020/8/13,2020/8/13
株式会社　リオグループ,810-0801,福岡市博多区中洲二丁目２番１０号,サンシービル　３階,092-261-2612,ＧＩＲＬ’Ｓ　ＢＡＲ　ＳＥＣＯＮＤ,飲食店営業,バー,福,博保衛,32020189,2026/9/30,2020/8/13,2014/7/16
株式会社　ロックストン商会,812-0016,福岡市博多区博多駅南二丁目８番１号,,092-432-5575,ファミリーマート博多東住吉店,飲食店営業,一般食堂,福,博保衛,32020188,2026/9/30,2020/8/13,2014/7/25
共弘　株式会社,812-0872,福岡市博多区春町二丁目４番１３号,,092-585-8031,おやさいや菜,飲食店営業,仕出し,福,博保衛,32010269,2026/9/30,2020/8/13,2020/8/13
共弘　株式会社,812-0872,福岡市博多区春町二丁目４番１３号,,092-585-8031,おやさいや菜,食肉販売業,一般,福,博保衛,32330068,2026/9/30,2020/8/13,2020/8/13
,810-0011,福岡市中央区高砂二丁目９番２１号,,092-531-2901,のんき屋,飲食店営業,一般食堂,福,中保衛,32020142,2026/9/30,2020/8/13,2002/9/26
,810-0024,福岡市中央区桜坂三丁目１番１号,エバーライフ桜坂１０１,092-515-9401,カルト　ポスタル,飲食店営業,レストラン,福,中保衛,32020143,2026/9/30,2020/8/13,2008/9/30
,810-0004,福岡市中央区渡辺通二丁目８番２５号,,092-716-3773,まっちゃん,飲食店営業,一般食堂,福,中保衛,32020144,2026/9/30,2020/8/13,2014/9/25
,810-0021,福岡市中央区今泉二丁目４番４号,ヴィラージュ天神１０６号,,ヤングチャンス,飲食店営業,一般食堂,福,中保衛,32010321,2026/9/30,2020/8/13,2020/8/13
株式会社Ｕ．Ｃ．Ｉ　Ｇｒｏｕｐ,810-0041,福岡市中央区大名二丁目１番５９号,大産西通りビル４Ｆ,092-721-6611,天神　炭焼き坊や,飲食店営業,一般食堂,福,中保衛,32010339,2026/9/30,2020/8/13,2020/8/13
,810-0003,福岡市中央区春吉二丁目７番７号,１階,092-739-7277,さるく,飲食店営業,一般食堂,福,中保衛,32010340,2026/9/30,2020/8/13,2020/8/13
合同会社ｍｅｔａｒｕｋａ,810-0041,福岡市中央区大名一丁目３番５号,ＡＲＫ　ＣＵＢＥⅡ１０３,,パーソナルフラワーデザイン＆バー　ｍｅｔａｒｕｋａ,飲食店営業,主として喫茶,福,中保衛,32010350,2026/9/30,2020/8/13,2020/8/13
株式会社ボールダーズ,810-0001,福岡市中央区天神二丁目２番４３号,ソラリアプラザ７階,092-401-0338,とんかつ光　ソラリア店,飲食店営業,一般食堂,福,中保衛,32010343,2026/9/30,2020/8/13,2020/8/13
,815-0071,福岡市南区平和二丁目２０番９号,,092-525-3440,ＣＡＦＥ　ＭＡＫＩ,飲食店営業,一般食堂,福,南保衛,32020053,2026/9/30,2020/8/13,2014/9/10
株式会社一蘭,815-0081,福岡市南区那の川二丁目２番１０号,,092-523-8606,発祥の店　一蘭那の川日赤通り店,飲食店営業,一般食堂,福,南保衛,32020054,2026/9/30,2020/8/13,2008/9/9
株式会社　高千,814-0131,福岡市城南区松山二丁目２０番８号,,092-864-7569,美津の家,飲食店営業,一般食堂,福,城保衛,32010021,2026/9/30,2020/8/13,2020/8/13
株式会社 ネクスト８４８,813-0017,福岡市東区香椎照葉四丁目２番７号,,092-663-5601,ファミリーマート福岡香椎照葉四丁目,飲食店営業,一般食堂,福,東保衛,32020049,2026/9/30,2020/8/14,2014/9/22
株式会社　楽坊,811-0204,福岡市東区奈多一丁目２番２号,,092-605-6711,グッドタイムホーム１・海の中道,飲食店営業,一般食堂,福,東保衛,32020048,2026/9/30,2020/8/14,2014/8/28
株式会社　ヒラノ,812-0894,福岡市博多区諸岡一丁目１６番２６号,,092-571-7146,はかた　新鮮市場,飲食店営業,そうざい,福,博保衛,32010198,2026/9/30,2020/8/14,2020/8/14
,814-0015,福岡市早良区室見一丁目２番５号,,092-851-9874,スナック　ら・み～み,飲食店営業,一般食堂,福,早保衛,32020064,2026/9/30,2020/8/14,2008/9/4
,813-0041,福岡市東区水谷一丁目１７番６号,川浪ビル１０２,092-672-7844,とり光,飲食店営業,一般食堂,福,東保衛,32020053,2026/9/30,2020/8/17,2008/8/26
,811-0204,福岡市東区奈多三丁目２番８号,,092-607-3631,地どりの盛正,飲食店営業,そうざい,福,東保衛,32020054,2026/9/30,2020/8/17,1983/9/10
,813-0014,福岡市東区香椎台一丁目１４番７号,,092-661-1190,Ｃａｆｅ　ぴこ,飲食店営業,一般食堂,福,東保衛,32020052,2026/9/30,2020/8/17,2014/8/27
,811-0204,福岡市東区奈多三丁目２番８号,,092-607-3631,地どりの盛正,食肉販売業,一般,福,東保衛,32340014,2026/9/30,2020/8/17,1983/9/10
有限会社　博多製麺,812-0897,福岡市博多区半道橋一丁目９番３３号,,092-482-0314,（有）博多製麺,めん類製造業,一般,福,博保衛,32560001,2026/9/30,2020/8/17,1996/8/23
,812-0017,福岡市博多区美野島三丁目１７番８号,,,やきとり　みのしま,飲食店営業,一般食堂,福,博保衛,32020190,2026/9/30,2020/8/17,2014/9/19
,812-0018,福岡市博多区住吉一丁目６番１４号,博多リバーサイドタワー　３Ｆ　３０１号室,,ａｍｉｇｏ,飲食店営業,バー,福,博保衛,32010268,2026/9/30,2020/8/17,2020/8/17
株式会社　マスターピース福岡,810-0801,福岡市博多区中洲三丁目４番１０号,中洲Ｕビル　４階,092-262-9994,クラブ　ピアノ,飲食店営業,バー,福,博保衛,32020191,2026/9/30,2020/8/17,2008/7/25
,810-0801,福岡市博多区中洲四丁目１番１９号,人形小路,092-262-5138,紀代まんま,飲食店営業,一般食堂,福,博保衛,32020194,2026/9/30,2020/8/17,2002/7/30
,810-0801,福岡市博多区中洲三丁目４番２号,多門通り内,092-281-0901,ワイン食堂　トレトレ,飲食店営業,一般食堂,福,博保衛,32020192,2026/9/30,2020/8/17,2014/8/14
極東ファディ株式会社,810-0001,福岡市中央区天神二丁目５番３５号,地下１Ｆ,092-721-1111,ファディアネックス岩田屋本店,飲食店営業,主として喫茶,福,中保衛,32020146,2026/9/30,2020/8/17,2014/10/1
,810-0001,福岡市中央区天神二丁目３番５号,ジャンティグリビル地下１階,092-712-4369,ハーツフィールド,飲食店営業,一般食堂,福,中保衛,32020145,2026/9/30,2020/8/17,1991/7/5
株式会社ＢＡＬＢＡＬ,810-0014,福岡市中央区平尾二丁目１９番３２号,トミケヒラオ２Ｆ,092-534-2225,ラッピーカフェ,飲食店営業,主として喫茶,福,中保衛,32010271,2026/9/30,2020/8/17,2020/8/17
,810-0043,福岡市中央区城内６番５号,,,待宵の路,飲食店営業,一般食堂,福,中保衛,32010351,2026/9/30,2020/8/17,2020/8/17
株式会社Ｌｉｆｅ　Ｂａｓｅ,810-0003,福岡市中央区春吉二丁目２番５号,エステートモア天神スタジオ１０５,092-406-2095,焼鳥　あたらよ,飲食店営業,一般食堂,福,中保衛,32010331,2026/9/30,2020/8/17,2020/8/17
有限会社ユーイ,815-0083,福岡市南区高宮五丁目３番１２号,ニシコーリビング高宮１Ｆ,092-521-7711,セブンイレブン福岡高宮５丁目店,飲食店営業,一般食堂,福,南保衛,32020055,2026/9/30,2020/8/17,2014/8/25
有限会社和コーポレーション,815-0033,福岡市南区大橋三丁目２番１号１Ｆ,,092-512-5551,かくれ家離れ,飲食店営業,一般食堂,福,南保衛,32020057,2026/9/30,2020/8/17,2008/7/16
株式会社なかなか家,815-0033,福岡市南区大橋一丁目４番６号,ＦＯＸ　ＢＬＤＧ　１Ｆ,092-512-8771,魚魚,飲食店営業,一般食堂,福,南保衛,32020056,2026/9/30,2020/8/17,2014/7/30
,814-0161,福岡市早良区飯倉二丁目７番３号,,092-821-9413,上田饅頭店,菓子製造業,一般,福,早保衛,32060002,2026/9/30,2020/8/17,1974/8/19
,814-0033,福岡市早良区有田六丁目２５番１５号,,092-864-0772,ゴクル　インディアン　レストラン,飲食店営業,一般食堂,福,早保衛,32010074,2026/9/30,2020/8/17,2020/8/17
有限会社シード・エンターテイメント,819-0022,福岡市西区福重三丁目３４番６号,,092-892-3024,自遊空間福岡福重店,飲食店営業,一般食堂,福,西保衛,32020041,2026/9/30,2020/8/17,2014/9/30
株式会社　ランプ,819-0006,福岡市西区姪浜駅南三丁目１６番１９号,,092-883-0123,セブンイレブン福岡姪浜インター店,飲食店営業,一般食堂,福,西保衛,32020042,2026/9/30,2020/8/17,2008/8/13
,819-0005,福岡市西区内浜一丁目１３番１号,,092-881-9551,まるちゃんごはん,飲食店営業,一般食堂,福,西保衛,32020043,2026/9/30,2020/8/17,2014/7/9
株式会社　鎌倉パスタ,812-0055,福岡市東区東浜一丁目１番１号,,092-645-1309,鎌倉パスタ　ゆめタウン博多店,飲食店営業,一般食堂,福,東保衛,32020051,2026/9/30,2020/8/18,2014/7/8
水研化学工業株式会社,812-0064,福岡市東区松田一丁目４番２３号,,092-611-4299,水研化学工業株式会社 福岡営業所,添加物製造業,なし,福,東保衛,32600003,2026/9/30,2020/8/18,1996/9/30
,811-0322,福岡市東区大岳一丁目１１番１号,,,ミニストップ 福岡大岳,飲食店営業,一般食堂,福,東保衛,32020056,2026/9/30,2020/8/18,2008/8/7
,812-0054,福岡市東区馬出二丁目１番６号,,092-645-0033,M’ｓバーガー,飲食店営業,一般食堂,福,東保衛,32020055,2026/9/30,2020/8/18,2014/7/8
株式会社　博多エクセルホテル東急,810-0801,福岡市博多区中洲四丁目６番７号,,092-262-0109,チャコールグリル　ケヤキ,菓子製造業,一般,福,博保衛,32060008,2026/9/30,2020/8/18,2008/8/19
株式会社　とり祥,810-0073,福岡市中央区舞鶴一丁目９番７号,,092-781-1394,（株）とり祥,飲食店営業,そうざい,福,中保衛,32020148,2026/9/30,2020/8/18,1980/9/22
株式会社ＳＯＳＯＧｏｏホールディングス,815-0033,福岡市南区大橋四丁目２２番９号,,,ＣＵＲＲＹ　ＭＡＦＩＡ,飲食店営業,一般食堂,福,南保衛,32010069,2026/9/30,2020/8/18,2020/8/18
草寿株式会社,811-1311,福岡市南区横手一丁目１４番１号,,092-501-3000,草寿（株）　南折立病院,飲食店営業,一般食堂,福,南保衛,32020058,2026/9/30,2020/8/18,2014/8/11
株式会社RISE,814-0101,福岡市城南区荒江一丁目１８番１０号,,092-822-6303,セブンイレブン福岡荒江１丁目店,飲食店営業,一般食堂,福,城保衛,32020017,2026/9/30,2020/8/18,2008/8/5
,814-0171,福岡市早良区野芥七丁目４６番５号,,092-801-4819,一九ラーメン,飲食店営業,一般食堂,福,早保衛,32020065,2026/9/30,2020/8/18,1984/7/16
,814-0011,福岡市早良区高取二丁目１７番４７号　２Ｆ,,092-844-4425,Ｃａｆｅ　明估,飲食店営業,一般食堂,福,早保衛,32020066,2026/9/30,2020/8/18,2008/9/22
株式会社八仙閣,819-0169,福岡市西区今宿西一丁目２３番５号,,092-805-8418,株式会社八仙閣今宿店,飲食店営業,中華店,福,西保衛,32020045,2026/9/30,2020/8/18,2014/7/2
濵地酒造株式会社,819-0385,福岡市西区元岡１４４２番地,,092-806-1186,濵地酒造株式会社,飲食店営業,一般食堂,福,西保衛,32020046,2026/9/30,2020/8/18,1996/7/23
アトム株式会社,813-0062,福岡市東区松島五丁目１７番２５号,,092-622-9144,アトム（株）,アイスクリーム類製造業,一般,福,東保衛,32280001,2026/9/30,2020/8/19,2002/7/12
東洋水産株式会社,812-0051,福岡市東区箱崎ふ頭六丁目１０番１５号,,092-641-5741,東洋水産（株）,魚介類販売業,一般,福,東保衛,32140011,2026/9/30,2020/8/19,1986/9/9
有限会社 生田食品,813-0062,福岡市東区松島三丁目１０番２２号,,092-626-0010,有限会社 生田食品,食肉販売業,一般,福,東保衛,32340017,2026/9/30,2020/8/19,2008/7/11
,811-0213,福岡市東区和白丘四丁目１６番５３号,,092-606-7238,スナック艶,飲食店営業,一般食堂,福,東保衛,32020057,2026/9/30,2020/8/19,2008/7/22
株式会社 マルキョウ,812-0064,福岡市東区松田三丁目１４番２２号,,092-612-3866,株式会社 マルキョウ 松田店,飲食店営業,弁当屋,福,東保衛,32020058,2026/9/30,2020/8/19,1996/8/2
株式会社 マルキョウ,812-0064,福岡市東区松田三丁目１４番２２号,,092-612-3866,株式会社 マルキョウ 松田店,魚介類販売業,一般,福,東保衛,32140010,2026/9/30,2020/8/19,1996/8/2
株式会社 マルキョウ,812-0064,福岡市東区松田三丁目１４番２２号,,092-612-3866,株式会社 マルキョウ 松田店,食肉販売業,一般,福,東保衛,32340016,2026/9/30,2020/8/19,1996/8/2
,812-0041,福岡市博多区吉塚七丁目１番２号,東福ビル　１Ｆ,092-611-2303,味道苑,飲食店営業,一般食堂,福,博保衛,32020200,2026/9/30,2020/8/19,1981/7/31
,810-0801,福岡市博多区中洲二丁目６番７号,ジョイフルヤマモト　７Ｆ　７０３号,092-271-6066,Ｍｅｒｃｙ　けいこ,飲食店営業,一般食堂,福,博保衛,32020198,2026/9/30,2020/8/19,1991/8/26
有限会社　ザ・スコッチモルトカンパニー,812-0013,福岡市博多区博多駅東二丁目２番２号,ハニービル　１Ｆ,092-482-3160,ヘンリープール,飲食店営業,一般食堂,福,博保衛,32020201,2026/9/30,2020/8/19,2008/9/12
,810-0801,福岡市博多区中洲四丁目６番５号,毛利ビル　２階,092-281-0026,博多なべ処中洲真屋,食肉販売業,一般,福,博保衛,32330069,2026/9/30,2020/8/19,2020/8/19
,810-0801,福岡市博多区中洲四丁目６番５号,毛利ビル　２階,092-281-0026,博多なべ処中洲真屋,魚介類販売業,一般,福,博保衛,32130015,2026/9/30,2020/8/19,2020/8/19
,810-0801,福岡市博多区中洲二丁目６番４号,第二スコッチ桂和ビル　３階,092-292-1110,Ｄｅｃａｄｅｎｃｅ　ＪＡＺＺ,飲食店営業,バー,福,博保衛,32010212,2026/9/30,2020/8/19,2020/8/19
,810-0801,福岡市博多区中洲四丁目５番９号,リバーサイドビル　２階　２－Ａ,,ｎｉｉｂａｒ,飲食店営業,バー,福,博保衛,32010249,2026/9/30,2020/8/19,2020/8/19
,810-0801,福岡市博多区中洲二丁目７番１２号,藤本ビル　１階,092-261-2177,ＣＲＡＺＹ　ＧＩＲＬ,飲食店営業,バー,福,博保衛,32010275,2026/9/30,2020/8/19,2020/8/19
有限会社　櫻ロワイヤル,810-0801,福岡市博多区中洲二丁目６番２６号,日港ビル　２階,092-263-6808,完全会員制　櫻ロワイヤル,飲食店営業,カフェー,福,博保衛,32010265,2026/9/30,2020/8/19,2020/8/19
有限会社　げんき家,812-0011,福岡市博多区博多駅前三丁目２６番１２号,,092-483-9333,げんき家,食肉販売業,一般,福,博保衛,32330070,2026/9/30,2020/8/19,2020/8/19
株式会社　フクシン,812-0883,福岡市博多区南本町一丁目３番１７号,１Ｆ　１０２号,,和田のカレーとからあげ,飲食店営業,一般食堂,福,博保衛,32010266,2026/9/30,2020/8/19,2020/8/19
,810-0801,福岡市博多区中洲二丁目６番１２号,中洲セントラル第５ラインビル　６階　１，２号室,,Ｓａｌｏｎ　かぐや,飲食店営業,カフェー,福,博保衛,32010256,2026/9/30,2020/8/19,2020/8/19
,810-0801,福岡市博多区中洲二丁目６番１２号,中洲セントラル第５ラインビル　７階　６号室,,ＣＯＮＮＥＣＴ,飲食店営業,バー,福,博保衛,32010278,2026/9/30,2020/8/19,2020/8/19
株式会社　マーキュリー,810-0801,福岡市博多区中洲二丁目５番１８号,第２０ラインビル　５階　１号室,092-283-6161,ｃｌｕｂ　ＲＩＳＥ,飲食店営業,カフェー,福,博保衛,32010255,2026/9/30,2020/8/19,2020/8/19
株式会社　ジェイアール西日本フードサービスネット,812-0012,福岡市博多区博多駅中央街１番１号,列車内（新幹線　博多～新大阪～博多）,092-482-3340,のぞみ　２２号～３３号～６４号～３号,飲食店営業,主として喫茶,福,博保衛,32020196,2026/9/30,2020/8/19,2014/8/26
株式会社　ジェイアール西日本フードサービスネット,812-0012,福岡市博多区博多駅中央街１番１号,列車内（新幹線　博多～新大阪～博多）,092-482-3340,のぞみ　２４号～３５号,飲食店営業,主として喫茶,福,博保衛,32020197,2026/9/30,2020/8/19,2014/8/26
大福株式会社,810-0004,福岡市中央区渡辺通二丁目１番８２号,電気ビル北館B1,092-771-7737,大福うどん電気ビル店,飲食店営業,一般食堂,福,中保衛,32020149,2026/9/30,2020/8/19,2008/7/17
,810-0003,福岡市中央区春吉三丁目１３番２１－２号,,092-751-1751,Ｂａｒ．　六花,飲食店営業,バー,福,中保衛,32020151,2026/9/30,2020/8/19,2002/8/23
株式会社Ｗｏｒｋ　ｉｎ　Ｐｒｏｇｒｅｓｓ,810-0041,福岡市中央区大名一丁目１１番２９号,コパビル１Ｆ,092-716-9810,Ｃａｒｈａｒｔｔ　ＷＩＰ　Ｓｔｏｒｅ　Ｆｕｋｕｏｋａ,喫茶店営業,一般,福,中保衛,32230006,2026/9/30,2020/8/19,2020/8/19
株式会社ジョイフル中九州,810-0001,福岡市中央区天神二丁目２番６６号,,092-731-8855,（株）ジョイフル　福岡警固公園前店,飲食店営業,一般食堂,福,中保衛,32020153,2026/9/30,2020/8/19,2008/8/26
絆フーズ株式会社,811-1364,福岡市南区中尾三丁目４３番２号,,,ディーフェスタ福岡南,飲食店営業,一般食堂,福,南保衛,32020061,2026/9/30,2020/8/19,2014/8/8
,814-0002,福岡市早良区西新四丁目４番５号,レジデンス西新　１Ｆ,092-822-5121,熊猫食堂,飲食店営業,一般食堂,福,早保衛,32020067,2026/9/30,2020/8/19,2008/9/24
株式会社マルキョウ,814-0175,福岡市早良区田村四丁目６番１号,,092-864-2828,株式会社　マルキョウ　田村店,飲食店営業,弁当屋,福,早保衛,32020069,2026/9/30,2020/8/19,2014/7/29
有限会社満月,814-0021,福岡市早良区荒江二丁目１４番２号,高木ビル　１Ｆ,092-843-2828,やきとり　満月,飲食店営業,一般食堂,福,早保衛,32020068,2026/9/30,2020/8/19,2008/7/24
株式会社ゆめマート熊本,819-0005,福岡市西区内浜一丁目７番１６号,ウエストコート姪浜内,092-881-1471,サニー姪浜,魚介類販売業,一般,福,西保衛,32140009,2026/9/30,2020/8/19,1996/7/17
,812-0895,福岡市博多区竹下四丁目３番１８号,,092-431-3615,にしざわ,飲食店営業,一般食堂,福,博保衛,32020202,2026/9/30,2020/8/20,1984/9/17
,812-0893,福岡市博多区那珂二丁目７番１９号,,092-775-8492,デリバリーのりとプリ,飲食店営業,仕出し,福,博保衛,32020203,2026/9/30,2020/8/20,2014/9/10
,810-0801,福岡市博多区中洲三丁目５番１０号,ジョイパックビル　１階,,ＲＵＤＡＮ,飲食店営業,カフェー,福,博保衛,32010259,2026/9/30,2020/8/20,2020/8/20
株式会社　ポジティブドリームパーソンズ,810-0801,福岡市博多区中洲五丁目３番８号,アクア博多　１階・２階,092-283-5272,ｏｎ　Ａ　ＴＡＢＬＥ,飲食店営業,一般食堂,福,博保衛,32020204,2026/9/30,2020/8/20,2014/9/26
,810-0072,福岡市中央区長浜一丁目３番２０号,,092-713-2110,らあめん坊主,飲食店営業,一般食堂,福,中保衛,32020154,2026/9/30,2020/8/20,2002/9/30
株式会社リステム,810-0041,福岡市中央区大名一丁目９番２７号,第一西部ビル１０７号,,珈琲工房　石ばし,喫茶店営業,一般,福,中保衛,32240010,2026/9/30,2020/8/20,2014/8/18
株式会社ケーアイプラン,810-0002,福岡市中央区西中洲４番９号,,092-713-1101,鳥善西中洲別館,飲食店営業,一般食堂,福,中保衛,32020155,2026/9/30,2020/8/20,2008/7/9
有限会社Ｒ．Ｃ．ＷＯＲＫＳ,810-0041,福岡市中央区大名一丁目１５番３５号,大名２４７ビル４Ｆ－Ｂ,092-716-3776,サンクスギビングデイ,菓子製造業,一般,福,中保衛,32050049,2026/9/30,2020/8/20,2020/8/20
有限会社Ｒ．Ｃ．ＷＯＲＫＳ,810-0041,福岡市中央区大名一丁目１５番３５号,大名２４７ビル４Ｆ－Ｂ,092-716-3776,サンクスギビングデイ,そうざい製造業,なし,福,中保衛,32570014,2026/9/30,2020/8/20,2020/8/20
,810-0012,福岡市中央区白金二丁目１５番４７号,,092-523-7728,巧房,飲食店営業,一般食堂,福,中保衛,32010361,2026/9/30,2020/8/20,2020/8/20
株式会社インフィニティ,815-0033,福岡市南区大橋一丁目２４番１３号,真子ビル１Ｆ,,笑う門,飲食店営業,一般食堂,福,南保衛,32010066,2026/9/30,2020/8/20,2020/8/20
株式会社ＲＡＩＮＢＯＷ,815-0033,福岡市南区大橋一丁目１２番１号地下１階,,092-555-7705,麻雀　双龍　大橋,飲食店営業,一般食堂,福,南保衛,32010042,2026/9/30,2020/8/20,2020/8/20
,814-0103,福岡市城南区鳥飼五丁目５番９号,,092-821-7723,ジルウェット,菓子製造業,パン,福,城保衛,32060003,2026/9/30,2020/8/20,2014/7/15
,811-1123,福岡市早良区内野二丁目５番６号,,092-804-2082,地鳥炭火焼　鳥花,飲食店営業,一般食堂,福,早保衛,32020071,2026/9/30,2020/8/20,2014/9/2
,811-1123,福岡市早良区内野二丁目５番６号,,092-804-2082,地鳥炭火焼　鳥花,食肉販売業,一般,福,早保衛,32340005,2026/9/30,2020/8/20,2014/9/2
,814-0031,福岡市早良区南庄六丁目２番３０号,,,Ｃａｆｅ　Ｐｉｐｐｉ,飲食店営業,一般食堂,福,早保衛,32010064,2026/9/30,2020/8/20,2020/8/20
株式会社サカセル,819-0055,福岡市西区生の松原一丁目１６番１０号,,092-894-1157,サカセル　生の松原事業所,菓子製造業,一般,福,西保衛,32060006,2026/9/30,2020/8/20,2014/8/12
株式会社ハーバーウエスト,819-0203,福岡市西区小田７９番地６,,092-809-2668,ＨＡＲＢＯＲ　ＨＯＵＳＥ,飲食店営業,一般食堂,福,西保衛,32020047,2026/9/30,2020/8/20,2014/7/18
有限会社 辰巳屋酒店,812-0053,福岡市東区箱崎一丁目２９番２７号,,092-651-3244,有限会社 辰巳屋酒店,飲食店営業,一般食堂,福,東保衛,32020061,2026/9/30,2020/8/21,1996/7/26
,813-0005,福岡市東区御島崎一丁目６番１号,,092-661-7201,若葉食堂,飲食店営業,一般食堂,福,東保衛,32020060,2026/9/30,2020/8/21,2014/9/18
,811-0203,福岡市東区塩浜一丁目３番３３号,,092-606-0600,焼肉の唐辛子,飲食店営業,一般食堂,福,東保衛,32020059,2026/9/30,2020/8/21,1996/9/25
株式会社　永和フーズ,812-0016,福岡市博多区博多駅南三丁目２番８号,博多スタービル　１F　１０１,092-483-3500,博多和月,飲食店営業,仕出し,福,博保衛,32020206,2026/9/30,2020/8/21,2014/7/25
有限会社　トライアングル,812-0894,福岡市博多区諸岡六丁目２番３６号,,092-584-2700,スナック　麗華,飲食店営業,一般食堂,福,博保衛,32020207,2026/9/30,2020/8/21,2002/9/3
株式会社　ベイサイドプレイス博多,812-0021,福岡市博多区築港本町１３番６号,ベイサイドプレイス博多　Ｂ棟　１Ｆ,092-292-7595,湾岸市場,喫茶店営業,一般,福,博保衛,32230023,2026/9/30,2020/8/21,2020/8/21
,812-0021,福岡市博多区築港本町３番１号,富永産業ビル　１Ｆ,,飯処　のぼせ,飲食店営業,一般食堂,福,博保衛,32010279,2026/9/30,2020/8/21,2020/8/21
有限会社　福ひろ,810-0074,福岡市中央区大手門三丁目１４番２２号,,092-781-0121,福ひろ,飲食店営業,弁当屋,福,中保衛,32020157,2026/9/30,2020/8/21,1977/9/13
有限会社冨士丸,810-0041,福岡市中央区大名二丁目３番２号,大名リバティビルディング１Ｆ,092-736-0300,廻転寿司　冨士丸,飲食店営業,すし屋,福,中保衛,32020158,2026/9/30,2020/8/21,2002/9/26
株式会社ほわいとりりぃ,810-0001,福岡市中央区天神三丁目８番１号,天神亜依ビル４階,092-724-5151,なーすかふぇ　ほわいとりりぃ,飲食店営業,一般食堂,福,中保衛,32010365,2026/9/30,2020/8/21,2020/8/21
株式会社ほわいとりりぃ,810-0001,福岡市中央区天神三丁目８番１号,天神亜依ビル５階,092-724-5151,Ｗｈｉｔｅ　Ｌｉｌｙ　メロディーステージ,飲食店営業,バー,福,中保衛,32010366,2026/9/30,2020/8/21,2020/8/21
株式会社ニューオータニ九州,810-0004,福岡市中央区渡辺通一丁目１番１号,サンセルコ商業・業務棟　４Ｆ,092-714-1111,ベーカリー,食品の冷凍又は冷蔵業,なし,福,中保衛,32190002,2026/9/30,2020/8/21,2020/8/21
,810-0073,福岡市中央区舞鶴一丁目１番１５号,天神ＫＰビル２０１,,マメヤ,飲食店営業,一般食堂,福,中保衛,32010353,2026/9/30,2020/8/21,2020/8/21
,810-0024,福岡市中央区桜坂一丁目１３番１２号,青谷荘１Ｆ,,旬菜　粋然,飲食店営業,一般食堂,福,中保衛,32010324,2026/9/30,2020/8/21,2020/8/21
KOBA株式会社,810-0074,福岡市中央区大手門二丁目１番３２号,フェニックスビル１Ｆ,092-734-3150,鮨一三,飲食店営業,すし屋,福,中保衛,32020159,2026/9/30,2020/8/21,2014/9/8
有限会社地球屋,815-0033,福岡市南区大橋一丁目１４番８号,カーサクアトロ１Ｆ－Ａ,092-408-3429,七輪焼肉ばかとあほ大橋店,飲食店営業,一般食堂,福,南保衛,32020062,2026/9/30,2020/8/21,2014/7/7
,814-0121,福岡市城南区神松寺三丁目２１番１０号,,,Ｂｏｕｌａｎｇｅｒｉｅ　Ｄｏｕｘ　Ｆｌｅｕｒｓ,菓子製造業,パン,福,城保衛,32050001,2026/9/30,2020/8/21,2020/8/21
,814-0121,福岡市城南区神松寺三丁目２１番１０号,,,Ｂｏｕｌａｎｇｅｒｉｅ　Ｄｏｕｘ　Ｆｌｅｕｒｓ,飲食店営業,弁当屋,福,城保衛,32010019,2026/9/30,2020/8/21,2020/8/21
,814-0151,福岡市城南区堤二丁目９番２７号,,092-874-5550,ファミリーマート福岡堤二丁目店,飲食店営業,一般食堂,福,城保衛,32020019,2026/9/30,2020/8/21,2014/7/22
ロイヤルフードサービス株式会社,814-0123,福岡市城南区長尾三丁目１５番１号,,092-552-3739,ロイヤルホスト長尾店,飲食店営業,レストラン,福,城保衛,32020020,2026/9/30,2020/8/21,1983/9/17
,819-0385,福岡市西区元岡１４２５番地,,092-806-5667,魚処もとおか,魚介類販売業,一般,福,西保衛,32140010,2026/9/30,2020/8/21,2002/9/24
株式会社　プライム福岡,819-0006,福岡市西区姪浜駅南二丁目１９番２８号,,092-892-8885,西新　初喜　姪浜駅南店,飲食店営業,一般食堂,福,西保衛,32020050,2026/9/30,2020/8/21,2008/9/18
,813-0044,福岡市東区千早五丁目４番２５号,,092-672-0285,ファミリーマート 千早５丁目店,飲食店営業,一般食堂,福,東保衛,32020063,2026/9/30,2020/8/24,2008/9/26
合資会社　TKR,,福岡市東区香椎駅前一丁目１５番９号,,092-673-3616,ローソン福岡香椎駅前店,飲食店営業,一般食堂,福,東保衛,32020062,2026/9/30,2020/8/24,2014/10/1
,812-0016,福岡市博多区博多駅南五丁目１１番２２号,,092-210-5522,士髙,飲食店営業,一般食堂,福,博保衛,32020213,2026/9/30,2020/8/24,2008/7/3
,812-0011,福岡市博多区博多駅前三丁目２３番１２号,博多光和ビル　Ｂ１Ｆ,092-474-0688,魚嵐土,飲食店営業,一般食堂,福,博保衛,32020212,2026/9/30,2020/8/24,2014/7/16
有限会社　第一玉家すし,812-0029,福岡市博多区古門戸町７番２０号,,092-291-0813,第一玉家すし,飲食店営業,仕出し,福,博保衛,32020208,2026/9/30,2020/8/24,2008/7/16
株式会社　Ｏ・Ｂ・Ｕ　Ｃｏｍｐａｎｙ,812-0878,福岡市博多区竹丘町一丁目５番３２号,,092-502-5500,竹丘町海晴れ,飲食店営業,一般食堂,福,博保衛,32020211,2026/9/30,2020/8/24,2008/7/10
,812-0879,福岡市博多区銀天町一丁目５番２２号,エクセルＨＡＮＯビル　１Ｆ,092-573-1436,サウンド・スナック・リリコ,飲食店営業,バー,福,博保衛,32020210,2026/9/30,2020/8/24,2014/9/9
株式会社ＵＰ,810-0001,福岡市中央区天神二丁目６番３２号,天神サザン通りパルスビル地下１階,092-731-7130,磯っこ商店　天神店,飲食店営業,一般食堂,福,中保衛,32020163,2026/9/30,2020/8/24,2014/8/21
(有)ケイ・アイビル,810-0005,福岡市中央区清川三丁目１６番５号,,,旬処　いしだ,飲食店営業,一般食堂,福,中保衛,32020161,2026/9/30,2020/8/24,2008/8/26
,810-0002,福岡市中央区西中洲２番１４号,第２フジクラビル２Ｆ,092-751-0610,たつかわ,飲食店営業,一般食堂,福,中保衛,32020162,2026/9/30,2020/8/24,2014/7/31
南海企画株式会社,810-0005,福岡市中央区清川三丁目２６番１４号,,092-533-3971,ファミリーマート福岡清川三丁目店,飲食店営業,一般食堂,福,中保衛,32020164,2026/9/30,2020/8/24,2014/8/18
,810-0022,福岡市中央区薬院三丁目１２番２２号,美山ビル１０２号室,,曉,飲食店営業,一般食堂,福,中保衛,32020166,2026/9/30,2020/8/24,2014/9/25
,810-0004,福岡市中央区渡辺通二丁目３番８号,渡辺通カステリア１Ｆ１０１,092-715-6767,Ｃｈｉｎｅｓｅ　Ｋｉｔｃｈｅｎ　真心,飲食店営業,一般食堂,福,中保衛,32020167,2026/9/30,2020/8/24,2014/8/20
株式会社アンドローカルズ,810-0051,福岡市中央区大濠公園１番９号,,092-401-0275,＆ＬＯＣＡＬＳ 大濠公園,飲食店営業,一般食堂,福,中保衛,32010325,2026/9/30,2020/8/24,2020/8/24
,810-0011,福岡市中央区高砂一丁目６番１６号,高砂友愛ビル１０１号,,タケリア／ミュルティプリエ,飲食店営業,一般食堂,福,中保衛,32010237,2026/9/30,2020/8/24,2020/8/24
味楽株式会社,810-0001,福岡市中央区天神三丁目３番１４号,ホテルアセント福岡１階,092-715-5050,老上海,飲食店営業,旅館,福,中保衛,32010344,2026/9/30,2020/8/24,2020/8/24
株式会社木村蒲鉾店,815-0032,福岡市南区塩原一丁目４番１号,,092-541-2329,株式会社木村蒲鉾店,魚肉ねり製品製造業,一般,福,南保衛,32180001,2026/9/30,2020/8/24,2008/7/31
,815-0081,福岡市南区那の川一丁目２２番２２－１０１号,,092-526-7535,バソキ屋,飲食店営業,一般食堂,福,南保衛,32020064,2026/9/30,2020/8/24,2002/9/17
,815-0033,福岡市南区大橋四丁目１番１１号２Ｆ,,092-555-4651,みらくる　ばきゅーん,飲食店営業,一般食堂,福,南保衛,32010073,2026/9/30,2020/8/24,2020/8/24
,815-0041,福岡市南区野間二丁目３番３号,井駒ハイツ１０１号,092-552-8439,たぬきと猫,飲食店営業,一般食堂,福,南保衛,32020063,2026/9/30,2020/8/24,1996/7/9
合同会社８８８,815-0033,福岡市南区大橋一丁目２１番１１号,サンシャイン５Ｆ,092-555-8986,ＨＩＧＨＢＡＬＬＢＡＲ　８８８,飲食店営業,一般食堂,福,南保衛,32010072,2026/9/30,2020/8/24,2020/8/24
合同会社　福慶,814-0104,福岡市城南区別府五丁目１３番３０号,中川店舗　３号,092-733-3567,中華パンの専門店　福慶,菓子製造業,一般,福,城保衛,32060004,2026/9/30,2020/8/24,2014/8/26
株式会社福岡給食,819-0013,福岡市西区愛宕浜三丁目２番２号,,,福岡女子高校食堂,飲食店営業,一般食堂,福,西保衛,32020051,2026/9/30,2020/8/24,2008/7/29
株式会社吉之水木,819-0379,福岡市西区北原一丁目２番１号,イオン福岡伊都３Ｆフードコート,092-836-7977,Ｑｕｉｃｋｔｅａ,飲食店営業,主として喫茶,福,西保衛,32010053,2026/9/30,2020/8/24,2020/8/24
株式会社長崎屋,819-0041,福岡市西区拾六町一丁目７番１号,,092-884-8011,ＭＥＧＡドン・キホーテ福重店（米飯作業室）,菓子製造業,一般,福,西保衛,32050008,2026/9/30,2020/8/24,2020/8/24
株式会社プレナス,819-0379,福岡市西区北原二丁目３番７号,,092-805-7277,ＭＫレストラン伊都店,食肉販売業,一般,福,西保衛,32330015,2026/9/30,2020/8/24,2020/8/24
株式会社 サンキョーフーズ,812-0053,福岡市東区箱崎一丁目２８番１４号,,092-641-5867,まちの肉．惣菜　あらい,飲食店営業,そうざい,福,東保衛,32020067,2026/9/30,2020/8/25,2008/7/28
株式会社 サンキョーフーズ,812-0053,福岡市東区箱崎一丁目２８番１４号,,092-641-5867,まちの肉．惣菜　あらい,食肉販売業,一般,福,東保衛,32340021,2026/9/30,2020/8/25,2008/7/28
綾杉醤油有限会社,813-0011,福岡市東区香椎四丁目１１番３４号,,092-681-1022,綾杉醤油有限会社,醤油製造業,なし,福,東保衛,32460001,2026/9/30,2020/8/25,1996/7/8
,811-0202,福岡市東区和白五丁目１０番８号,,092-607-5220,鉄板馳走家　貴,飲食店営業,一般食堂,福,東保衛,32060066,2026/9/30,2020/8/25,2014/9/8
,812-0054,福岡市東区馬出二丁目２０番３０号,ダイアパレス県庁前１０１号,,Ｂｌｏｗｉｎ’,飲食店営業,一般食堂,福,東保衛,32020065,2026/9/30,2020/8/25,2008/8/27
,812-0894,福岡市博多区諸岡一丁目２３番３２号,,092-582-6992,中屋ラーメン,飲食店営業,一般食堂,福,博保衛,32020216,2026/9/30,2020/8/25,1980/7/28
有限会社　なごみ,812-0041,福岡市博多区吉塚二丁目１６番４号,,092-292-0235,味市春香　なごみ,そうざい製造業,なし,福,博保衛,32580002,2026/9/30,2020/8/25,2014/8/25
株式会社　フォワードロッジ,812-0011,福岡市博多区博多駅前一丁目１６番６号,,092-437-1045,東横イン博多口駅前Ⅱ,飲食店営業,一般食堂,福,博保衛,32020219,2026/9/30,2020/8/25,2014/7/7
,812-0044,福岡市博多区千代四丁目７番２号,１Ｆ,,ＣＨＥＺ（点が付くＺ）－ＫＵＭＡ,飲食店営業,一般食堂,福,博保衛,32010276,2026/9/30,2020/8/25,2020/8/25
,810-0801,福岡市博多区中洲五丁目３番２１号,ｓｔｏｒｉａ　ｎａｋａｓｕ　２階,092-281-1515,トロンボーン・クラブ,飲食店営業,一般食堂,福,博保衛,32020222,2026/9/30,2020/8/25,2002/7/3
,810-0801,福岡市博多区中洲三丁目４番６号,多門ビル’８３　５階,092-263-3610,ＭＯＫＡ,飲食店営業,カフェー,福,博保衛,32020221,2026/9/30,2020/8/25,2014/9/19
株式会社　浪漫座,810-0801,福岡市博多区中洲二丁目５番１８号,第２０ラインビル　６階　３号室,,浪漫座　ＭＡＩＳＯＮ,飲食店営業,カフェー,福,博保衛,32020223,2026/9/30,2020/8/25,2014/9/29
,812-0029,福岡市博多区古門戸町７番１５号,Ｊ．Ｃビル　１Ｆ,092-281-5113,ジェイ．シー,飲食店営業,主として喫茶,福,博保衛,32020220,2026/9/30,2020/8/25,1988/8/16
,812-0018,福岡市博多区住吉四丁目１５番３号,,092-482-0666,ＯＶＥＲＡＬＬ,飲食店営業,一般食堂,福,博保衛,32020218,2026/9/30,2020/8/25,1996/7/17
九州旅客鉄道　株式会社,,列車内,（博多～由布院～大分～別府間）,,キハ７０－１（ゆふいんの森号）,飲食店営業,一般食堂,福,博保衛,32020215,2026/9/30,2020/8/25,1992/7/15
株式会社Ｃａｍｐｓ,812-0013,福岡市博多区博多駅東二丁目１４番１号,ＴＨＥ　ＢＡＳＩＣＳ　ＦＵＫＵＯＫＡ　１Ｆ,,Ｃａｍｐｓ,飲食店営業,仕出し,福,博保衛,32010134,2026/9/30,2020/8/25,2020/8/25
,810-0042,福岡市中央区赤坂三丁目８番２６号,赤坂エクセル１Ｆ,092-731-4388,林檎,飲食店営業,一般食堂,福,中保衛,32020170,2026/9/30,2020/8/25,1976/8/31
有限会社モンブラン,810-0041,福岡市中央区大名二丁目１番５８号,モンブランビル５階,092-732-3620,厳選洋食　Ｇｒｉｌｌ　Ｋａｊｉｎ,飲食店営業,レストラン,福,中保衛,32020169,2026/9/30,2020/8/25,2008/8/25
株式会社３９ダイニング,810-0023,福岡市中央区警固二丁目１５番２０号,円ビルＢ１号室,,玄米おむすび　けごむす,飲食店営業,一般食堂,福,中保衛,32010352,2026/9/30,2020/8/25,2020/8/25
,810-0042,福岡市中央区赤坂三丁目１３番３３号,プランドール赤坂１Ｆ,092-752-0073,タンテール富士,飲食店営業,一般食堂,福,中保衛,32010346,2026/9/30,2020/8/25,2020/8/25
,810-0041,福岡市中央区大名一丁目１１番８号,１Ｆ,092-724-5252,大名魚処けみほたる,飲食店営業,一般食堂,福,中保衛,32010360,2026/9/30,2020/8/25,2020/8/25
有限会社四番館,810-0001,福岡市中央区天神三丁目４番２８号,天神ブロードウェイビル　２F,092-731-2545,もつ鍋四番館,飲食店営業,一般食堂,福,中保衛,32020168,2026/9/30,2020/8/25,2008/9/30
株式会社哩榮,810-0021,福岡市中央区今泉一丁目１８番３８号,,092-752-5169,天神ホルモン　今泉店,飲食店営業,一般食堂,福,中保衛,32010364,2026/9/30,2020/8/25,2020/8/25
株式会社　西鉄ストア,810-0064,福岡市中央区地行二丁目３番１４号,,092-406-6704,レガネット地行,飲食店営業,そうざい,福,中保衛,32020171,2026/9/30,2020/8/25,2014/9/22
株式会社　西鉄ストア,810-0064,福岡市中央区地行二丁目３番１４号,,092-406-6704,レガネット地行,菓子製造業,一般,福,中保衛,32060011,2026/9/30,2020/8/25,2014/9/22
,811-1311,福岡市南区横手三丁目３２番２２号,,092-573-1017,セブンイレブン　福岡横手３丁目店,飲食店営業,一般食堂,福,南保衛,32020065,2026/9/30,2020/8/25,2014/8/19
株式会社プレナス,815-0041,福岡市南区野間二丁目２番８号,,092-552-2505,ＭＫレストラン野間店,食肉販売業,一般,福,南保衛,32330022,2026/9/30,2020/8/25,2020/8/25
,814-0171,福岡市早良区野芥三丁目２番２２号,,092-871-2458,総合リビングファッション　中村屋,喫茶店営業,一般,福,早保衛,32240008,2026/9/30,2020/8/25,2002/9/20
西鉄興業株式会社,814-0002,福岡市早良区西新二丁目１０番１号　３Ｆ,,092-841-2251,西新パレスボウル,飲食店営業,一般食堂,福,早保衛,32020073,2026/9/30,2020/8/25,2014/7/17
,814-0164,福岡市早良区賀茂四丁目１３番９号,,092-863-9063,炭火焼き居酒屋　鳥飼,飲食店営業,一般食堂,福,早保衛,32020074,2026/9/30,2020/8/25,2002/7/17
,814-0002,福岡市早良区西新五丁目４番１９号,メゾン・ド・西新　１Ｆ,092-844-1154,焼きとり炉端処　元気,飲食店営業,一般食堂,福,早保衛,32010078,2026/9/30,2020/8/25,2020/8/25
株式会社テムジン,814-0012,福岡市早良区昭代一丁目１７番１９号,,092-841-2582,テムジン工場,食品の冷凍又は冷蔵業,なし,福,早保衛,32190002,2026/9/30,2020/8/25,2020/8/25
株式会社ミナモ,814-0002,福岡市早良区西新四丁目４番７号,カワナミ福岡西新ビル　１Ｆ,092-707-7559,W　LOUNGE,飲食店営業,カフェー,福,早保衛,32010079,2026/9/30,2020/8/25,2020/8/25
昆倫株式会社,819-0168,福岡市西区今宿駅前一丁目９番５号,,092-805-5558,媽媽美食,飲食店営業,中華店,福,西保衛,32020055,2026/9/30,2020/8/25,2014/8/29
有限会社リゾート・イン・ピュア,819-0161,福岡市西区今宿東三丁目３９番６号,,092-807-6722,ホテル伊都,飲食店営業,旅館,福,西保衛,32020054,2026/9/30,2020/8/25,1992/7/9
株式会社 ケーアイプラン,813-0041,福岡市東区水谷二丁目５０番１号,,092-410-1717,黄金彩 千早店,飲食店営業,一般食堂,福,東保衛,32020069,2026/9/30,2020/8/26,2014/9/25
,813-0005,福岡市東区御島崎一丁目５番４号,,092-661-6061,なんばん亭,飲食店営業,弁当屋,福,東保衛,32020070,2026/9/30,2020/8/26,2014/9/2
合資会社 純一,813-0031,福岡市東区八田一丁目１１番１３号,,092-691-9774,博多とり料理 純一,飲食店営業,一般食堂,福,東保衛,32020068,2026/9/30,2020/8/26,2014/9/29
,810-0801,福岡市博多区中洲二丁目７番２号,レビュー中洲　４階　４０１号,092-292-4260,中洲　Ｆｉｒｓｔ　Ｃｌａｓｓ,飲食店営業,カフェー,福,博保衛,32010211,2026/9/30,2020/8/26,2020/8/26
有限会社　しらゆき,810-0801,福岡市博多区中洲二丁目８番２号,パインコート中洲　地下１階,092-273-1558,完全会員制　しらゆき,飲食店営業,カフェー,福,博保衛,32010280,2026/9/30,2020/8/26,2020/8/26
株式会社　ヤマシタ,810-0801,福岡市博多区中洲二丁目６番１２号,中洲セントラル第５ラインビル　５階　１４，１５，１６号室,092-291-7696,クラブ　うるわし,飲食店営業,カフェー,福,博保衛,32010246,2026/9/30,2020/8/26,2020/8/26
,810-0801,福岡市博多区中洲四丁目７番８号,ラ・パピヨンビル　３階　３１２号,092-281-6110,スナック　あかり,飲食店営業,一般食堂,福,博保衛,32020229,2026/9/30,2020/8/26,2002/7/2
,812-0041,福岡市博多区吉塚二丁目４番１号,,092-611-9115,兄弟寿司,飲食店営業,すし屋,福,博保衛,32020225,2026/9/30,2020/8/26,1996/9/2
アイ・ケイ・ケイ株式会社,812-0854,福岡市博多区東月隈三丁目２６番７０号,,092-587-0303,博多の森　迎賓館,飲食店営業,一般食堂,福,博保衛,32020226,2026/9/30,2020/8/26,2014/8/12
アイ・ケイ・ケイ株式会社,812-0854,福岡市博多区東月隈三丁目２６番７６号,,092-587-0303,ラ・ラ　シャンス博多の森　シェ・ラ・フォーレ,飲食店営業,一般食堂,福,博保衛,32020227,2026/9/30,2020/8/26,2002/9/13
アイ・ケイ・ケイ株式会社,812-0854,福岡市博多区東月隈三丁目２６番７０号,,092-587-0303,ラ・ラ　シャンス博多の森　ビィラ・フォーレ,飲食店営業,一般食堂,福,博保衛,32020228,2026/9/30,2020/8/26,2002/9/13
福岡国際空港　株式会社,812-0851,福岡市博多区大字青木７３９番地,福岡空港　国際線ターミナルビル　３Ｆ,092-414-0086,ラウンジＴＩＭＥインターナショナル,飲食店営業,一般食堂,福,博保衛,32020224,2026/9/30,2020/8/26,2014/8/21
魚家株式会社,810-0001,福岡市中央区天神三丁目５番７号,マイステイズ天神1F,092-762-2112,築地　すし鮮　天神店,飲食店営業,すし屋,福,中保衛,32020172,2026/9/30,2020/8/26,2008/9/16
有限会社　シモン,810-0075,福岡市中央区港二丁目１５番５号,,092-741-6175,シモン港町店,飲食店営業,一般食堂,福,中保衛,32020173,2026/9/30,2020/8/26,2002/9/24
有限会社　シモン,810-0075,福岡市中央区港二丁目１５番５号,,092-741-6175,シモン港町店,菓子製造業,一般,福,中保衛,32060012,2026/9/30,2020/8/26,2002/9/24
有限会社デザインピュア,810-0022,福岡市中央区薬院四丁目１８番９号,サンセーヌ浄水１Ｆ,092-524-9201,皮焼焼鳥　サンバ,飲食店営業,一般食堂,福,中保衛,32020175,2026/9/30,2020/8/26,2014/8/27
,810-0045,福岡市中央区草香江一丁目１番９号,,092-733-8588,晴華楼,飲食店営業,一般食堂,福,中保衛,32020174,2026/9/30,2020/8/26,2014/9/5
,810-0005,福岡市中央区清川一丁目１１番１５－２０３号,,,先輩,飲食店営業,バー,福,中保衛,32020177,2026/9/30,2020/8/26,2008/8/5
有限会社みなみの風,810-0001,福岡市中央区天神二丁目１番１号,福岡三越Ｂ２Ｆ,092-724-3111,みなみの風,飲食店営業,弁当屋,福,中保衛,32020176,2026/9/30,2020/8/26,2014/9/9
有限会社　青木堂,810-0041,福岡市中央区大名一丁目１１番２８号,,092-751-0144,一膳めし青木堂,飲食店営業,一般食堂,福,中保衛,32020180,2026/9/30,2020/8/26,1991/7/5
,810-0004,福岡市中央区渡辺通四丁目２番２５号,,092-731-4486,コテージ,飲食店営業,一般食堂,福,中保衛,32020178,2026/9/30,2020/8/26,1976/8/7
,810-0011,福岡市中央区高砂一丁目１８番８号,ビラージュ高砂１Ｆ,092-534-5001,麻の葉,飲食店営業,一般食堂,福,中保衛,32020179,2026/9/30,2020/8/26,2008/8/1
コウタカンパニー株式会社,810-0074,福岡市中央区大手門三丁目１２番５号,ＪＧＭ大手門１Ｆ,092-761-8911,コウタ　ファクトリー　大手門,そうざい製造業,なし,福,中保衛,32570015,2026/9/30,2020/8/26,2020/8/26
,810-0022,福岡市中央区薬院三丁目７番１５号,古夢荘Ｂ,,香味堂　かもしか,飲食店営業,一般食堂,福,中保衛,32010302,2026/9/30,2020/8/26,2020/8/26
ロイヤルフードサービス株式会社,815-0032,福岡市南区塩原二丁目１０番１７号,,092-541-9361,ロイヤルホスト塩原店,飲食店営業,レストラン,福,南保衛,32020066,2026/9/30,2020/8/26,1981/9/1
,814-0121,福岡市城南区神松寺二丁目３番９号,,092-861-7066,岩松谷,飲食店営業,一般食堂,福,城保衛,32020021,2026/9/30,2020/8/26,2008/9/10
有限会社サシヤマフーズ,814-0014,福岡市早良区弥生一丁目４番１号,,092-843-9329,ぎょうざ一番,飲食店営業,一般食堂,福,早保衛,32020076,2026/9/30,2020/8/26,2002/7/25
,819-0001,福岡市西区小戸四丁目２番３５号,,092-892-3113,ファミリーマート　福岡小戸四丁目店,飲食店営業,そうざい,福,西保衛,32020056,2026/9/30,2020/8/26,2014/8/22
,819-0165,福岡市西区今津１９３７番地１,,,あまおう,飲食店営業,主として喫茶,福,西保衛,32010050,2026/9/30,2020/8/26,2020/8/26
林海清貿易株式会社,819-0373,福岡市西区周船寺三丁目２１番３３号,,092-805-8886,福泉餃子,飲食店営業,一般食堂,福,西保衛,32010051,2026/9/30,2020/8/26,2020/8/26
,812-0053,福岡市東区箱崎一丁目３３番５号,,092-641-9466,八度邀,飲食店営業,そうざい,福,東保衛,32020072,2026/9/30,2020/8/27,2002/9/25
株式会社　クリヤ,812-0017,福岡市博多区美野島一丁目１７番１６号,,092-451-5048,炭火焼肉　悟牛,飲食店営業,一般食堂,福,博保衛,32020234,2026/9/30,2020/8/27,2014/9/10
,810-0801,福岡市博多区中洲二丁目６番２３号,コウフクビル　２階－２０８号室,,ＢＡＲ　Ｊ,飲食店営業,バー,福,博保衛,32010272,2026/9/30,2020/8/27,2020/8/27
有限会社　フローラ,810-0801,福岡市博多区中洲二丁目２番１３号,松島ビル　１階　１０３号室,092-281-8435,メンバーズ　銀の鈴,飲食店営業,カフェー,福,博保衛,32010284,2026/9/30,2020/8/27,2020/8/27
,810-0801,福岡市博多区中洲二丁目１番５号,陽光ビル　３階　３０２号室,,メンバーズ　ブルーメン,飲食店営業,バー,福,博保衛,32010184,2026/9/30,2020/8/27,2020/8/27
株式会社　フェリックス,812-0011,福岡市博多区博多駅前二丁目３番１４号,マルイト博多ビル　３Ｆ,092-473-7559,とめ手羽　博多駅前店,飲食店営業,一般食堂,福,博保衛,32020232,2026/9/30,2020/8/27,2008/7/28
,810-0801,福岡市博多区中洲三丁目６番７号,ギャラリー山本ビル　４階　５号室,,ＪＯＹ,飲食店営業,バー,福,博保衛,32010293,2026/9/30,2020/8/27,2020/8/27
,810-0801,福岡市博多区中洲二丁目１番１１号,プレイスポットしんばしビル　４階,092-261-2155,なんちって　ｃｏｙｏｔｅ,飲食店営業,バー,福,博保衛,32020230,2026/9/30,2020/8/27,2014/9/12
,810-0003,福岡市中央区春吉三丁目１１番１５号,,092-713-7836,旬　川辺,飲食店営業,一般食堂,福,中保衛,32020182,2026/9/30,2020/8/27,2008/9/17
株式会社　うちだ屋,810-0034,福岡市中央区笹丘一丁目４番１５号,,092-711-8397,株式会社うちだ屋笹丘店,飲食店営業,一般食堂,福,中保衛,32020181,2026/9/30,2020/8/27,1991/9/3
妙法寺,810-0063,福岡市中央区唐人町三丁目９番３号,,092-515-7992,寺カフェ　あわも,飲食店営業,主として喫茶,福,中保衛,32010367,2026/9/30,2020/8/27,2020/8/27
妙法寺,810-0063,福岡市中央区唐人町三丁目９番３号,,092-515-7992,寺カフェ　あわも,菓子製造業,一般,福,中保衛,32050051,2026/9/30,2020/8/27,2020/8/27
株式会社アペックス西日本,810-0022,福岡市中央区薬院三丁目１番２４号,,,パナソニックライフソリューションズ労働組合　３Ｆ,喫茶店営業,自動販売機,福,中保衛,32240012,2026/9/30,2020/8/27,1992/9/2
有限会社荒江酒店,815-0031,福岡市南区清水二丁目９番１９号,,092-542-5240,セブンイレブン清水２丁目店,飲食店営業,一般食堂,福,南保衛,32020067,2026/9/30,2020/8/27,2008/7/10
,811-1346,福岡市南区老司三丁目１２番２２号,Ｅ＆Ｅビル１Ｆ左,,やきとり．からあげバンザイ,飲食店営業,そうざい,福,南保衛,32010070,2026/9/30,2020/8/27,2020/8/27
株式会社幸健,811-1123,福岡市早良区内野五丁目４番１３号,,092-836-9244,有料老人ホーム　すばる内野,飲食店営業,仕出し,福,早保衛,32020079,2026/9/30,2020/8/27,2014/9/29
,814-0032,福岡市早良区小田部四丁目４番１４号,,092-215-1030,プチレストラン　早良川,飲食店営業,一般食堂,福,早保衛,32020077,2026/9/30,2020/8/27,2008/7/31
,814-0161,福岡市早良区飯倉五丁目２１番２４号,,092-863-9925,百千萬,飲食店営業,一般食堂,福,早保衛,32020080,2026/9/30,2020/8/27,1984/9/4
有限会社ベル・エキプ,814-0032,福岡市早良区小田部七丁目２０番９号,,092-832-5755,フランス菓子　ベル・エキプ,菓子製造業,一般,福,早保衛,32060004,2026/9/30,2020/8/27,2008/7/7
スマイルスイッチ株式会社,814-0002,福岡市早良区西新五丁目４番１４号,,092-836-8775,米とカレー,飲食店営業,一般食堂,福,早保衛,32010077,2026/9/30,2020/8/27,2020/8/27
,814-0022,福岡市早良区原四丁目１７番１号,,092-707-7901,えびす屋,そうざい製造業,なし,福,早保衛,32570005,2026/9/30,2020/8/27,2020/8/27
株式会社クックチャムプラスシー,814-0031,福岡市早良区南庄三丁目５番３５号,,092-843-8799,クック・チャム　南庄店,飲食店営業,そうざい,福,早保衛,32020078,2026/9/30,2020/8/27,2008/9/29
,819-0031,福岡市西区橋本一丁目７番５号,,,みどり,菓子製造業,一般,福,西保衛,32060007,2026/9/30,2020/8/27,2008/7/17
株式会社サングリン,819-0051,福岡市西区下山門団地４０番２号,,092-891-4305,サングリン,飲食店営業,弁当屋,福,西保衛,32020057,2026/9/30,2020/8/27,1996/9/5
,811-0325,福岡市東区大字勝馬２７８番地４,,092-603-2123,潮騒,飲食店営業,旅館,福,東保衛,32020073,2026/9/30,2020/8/28,1979/8/8
西日本パブリック株式会社,811-0321,福岡市東区大字西戸崎海の中道海浜公園内,,092-603-0445,プールエリア Ａ売店,飲食店営業,一般食堂,福,東保衛,32020074,2026/9/30,2020/8/28,1996/7/11
西日本パブリック株式会社,811-0321,福岡市東区大字西戸崎海の中道海浜公園内,,092-603-0445,プールエリア Ｂ売店,飲食店営業,一般食堂,福,東保衛,32020075,2026/9/30,2020/8/28,1996/7/11
西日本パブリック株式会社,811-0321,福岡市東区大字西戸崎海の中道海浜公園内,,092-603-0445,プールエリア Ｃ売店,飲食店営業,一般食堂,福,東保衛,32020076,2026/9/30,2020/8/28,1996/7/11
,811-0213,福岡市東区和白丘一丁目１６番６号,,092-963-3201,成,飲食店営業,一般食堂,福,東保衛,32010082,2026/9/30,2020/8/28,2020/8/28
株式会社　ダイショー,812-0064,福岡市東区松田一丁目１１番１７号,,092-611-9321,株式会社　ダイショー　福岡工場,添加物製造業,なし,福,東保衛,32600001,2026/9/30,2020/8/28,2014/8/1
株式会社　ダイショー,812-0064,福岡市東区松田一丁目９番３０号,,092-611-9321,株式会社　ダイショー　福岡第二工場,添加物製造業,なし,福,東保衛,32600002,2026/9/30,2020/8/28,2014/8/1
株式会社　ジーマックスフーズ,812-0894,福岡市博多区諸岡二丁目１０番２８号,,092-502-8880,らーめん　雷蔵,飲食店営業,一般食堂,福,博保衛,32020236,2026/9/30,2020/8/28,2008/9/18
株式会社　ラック,812-0017,福岡市博多区美野島一丁目１番１号,,092-472-1122,ＲＩＴＺ５,飲食店営業,料理店,福,博保衛,32020235,2026/9/30,2020/8/28,1991/9/9
,812-0883,福岡市博多区南本町二丁目４番１４号,ホワイトビル　１Ｆ,092-593-8211,らーめん屋　鳳凛,飲食店営業,一般食堂,福,博保衛,32010277,2026/9/30,2020/8/28,2020/8/28
,810-0801,福岡市博多区中洲四丁目７番８号,ラ・パピヨンビル　４階　４１６号,092-282-5432,ＳＮＡＣＫ　リリ,飲食店営業,一般食堂,福,博保衛,32020238,2026/9/30,2020/8/28,1996/9/4
合同会社　ＣＤＬ,812-0884,福岡市博多区寿町三丁目３番２２号,遊ｙｏｕ館　５階　５－Ｂ号室,,ガールズバーＱｕａｔｔｒｏ,飲食店営業,バー,福,博保衛,32010292,2026/9/30,2020/8/28,2020/8/28
ＮＩＳＳＡＹ株式会社,810-0042,福岡市中央区赤坂一丁目１５番３１号,,092-732-0900,Ｎ．Ｂａｒ,飲食店営業,レストラン,福,中保衛,32020186,2026/9/30,2020/8/28,2014/7/15
,810-0074,福岡市中央区大手門三丁目１番３３号,,092-751-5758,茂松,飲食店営業,料理店,福,中保衛,32020184,2026/9/30,2020/8/28,1976/7/20
株式会社　サカイ食品,810-0074,福岡市中央区大手門一丁目１番５号,ル・アンジェ教会１Ｆ,092-716-5617,ラ・ロシェル福岡,飲食店営業,レストラン,福,中保衛,32020185,2026/9/30,2020/8/28,2002/8/23
株式会社　サカイ食品,810-0074,福岡市中央区大手門一丁目１番５号,１Ｆ,092-716-5617,ラ・ロシェル福岡,菓子製造業,一般,福,中保衛,32060013,2026/9/30,2020/8/28,2008/9/1
株式会社　サカイ食品,810-0074,福岡市中央区大手門一丁目１番５号,１Ｆ,092-716-5617,ラ・ロシェル福岡,そうざい製造業,なし,福,中保衛,32580003,2026/9/30,2020/8/28,2008/9/1
,810-0001,福岡市中央区天神一丁目１５番１４号,,092-713-2051,月の花,飲食店営業,一般食堂,福,中保衛,32020190,2026/9/30,2020/8/28,2002/9/18
株式会社西菱産業,810-0011,福岡市中央区高砂二丁目１番２３号,ハーヴェスト高砂,092-521-3823,ハーヴェスト高砂,飲食店営業,一般食堂,福,中保衛,32020187,2026/9/30,2020/8/28,2014/8/12
株式会社ｈａｃｈｉｂｅｉ　ｃｒｅｗ,810-0001,福岡市中央区天神二丁目２番４３号,ソラリアプラザビル６Ｆ,092-733-7629,焼とりの八兵衛,飲食店営業,一般食堂,福,中保衛,32020188,2026/9/30,2020/8/28,2014/7/15
株式会社ｈａｒｕｙａｋｉ,810-0003,福岡市中央区春吉三丁目１３番２０号,中原ビルⅢ１０３,092-761-4461,春吉焼鳥,飲食店営業,一般食堂,福,中保衛,32010378,2026/9/30,2020/8/28,2020/8/28
,810-0021,福岡市中央区今泉二丁目４番３９号,ナリタビル３階,092-753-8283,粉つぶら,飲食店営業,一般食堂,福,中保衛,32010333,2026/9/30,2020/8/28,2020/8/28
株式会社丸福商店,810-0001,福岡市中央区天神二丁目５番３５号,岩田屋本店本館５Ｆ,092-739-1211,丸福珈琲店　ザ・パーラー　岩田屋本店,飲食店営業,一般食堂,福,中保衛,32010373,2026/9/30,2020/8/28,2020/8/28
株式会社西日本吉野家,810-0075,福岡市中央区港二丁目７番７号,１Ｆ,092-736-9191,吉野家港町店,飲食店営業,一般食堂,福,中保衛,32020183,2026/9/30,2020/8/28,2002/9/25
株式会社アエナリア,810-0021,福岡市中央区今泉一丁目２番８号,ＡＮＤＯＮ１Ｂ号室,092-713-5077,バール　ディ　ガエターノ,飲食店営業,一般食堂,福,中保衛,32020189,2026/9/30,2020/8/28,2014/9/8
株式会社響プランニング,819-0042,福岡市西区壱岐団地１０５番１号,,092-811-5310,博多からあげ響　野方店,飲食店営業,弁当屋,福,西保衛,32010052,2026/9/30,2020/8/28,2020/8/28
株式会社　ジーエスエフ,819-0162,福岡市西区今宿青木１０４０番１６４,１０４２番８８，９０，９１,,ＫＭ４３４７福岡,飲食店営業,一般食堂,福,西保衛,32010041,2026/9/30,2020/8/28,2020/8/28
コンパスグループ・ジャパン株式会社,819-0042,福岡市西区壱岐団地７５番１号,,092-811-3585,野方幼稚園,飲食店営業,一般食堂,福,西保衛,32020058,2026/9/30,2020/8/28,1991/9/24
株式会社　おひさま堂,813-0044,福岡市東区千早五丁目８番１号,地下１F,,おひさま堂,飲食店営業,一般食堂,福,東保衛,32020079,2026/9/30,2020/8/31,2014/9/4
,812-0066,福岡市東区二又瀬１２番２号,セントラルビル１F,092-623-7578,やきとり蛙,飲食店営業,一般食堂,福,東保衛,32020080,2026/9/30,2020/8/31,2014/9/2
,811-0213,福岡市東区和白丘三丁目５番１６号,,092-607-5750,La Boulangerie Auberge,菓子製造業,一般,福,東保衛,32060010,2026/9/30,2020/8/31,2014/8/1
,813-0013,福岡市東区香椎駅前一丁目２番１８号,,092-672-4374,ローソン 香椎駅前一丁目店,飲食店営業,一般食堂,福,東保衛,32020077,2026/9/30,2020/8/31,2008/7/14
,810-0801,福岡市博多区中洲一丁目５番１８号,２階左側,092-282-1151,骨付きカルビしゃぶり,飲食店営業,一般食堂,福,博保衛,32010296,2026/9/30,2020/8/31,2020/8/31
株式会社　ラウンドテーブル,812-0012,福岡市博多区博多駅中央街６番３号,博多中央街ビル　５Ｆ,092-474-4994,Ａｐｔ　Ｃａｆｅ,飲食店営業,一般食堂,福,博保衛,32020239,2026/9/30,2020/8/31,2008/9/4
,812-0011,福岡市博多区博多駅前四丁目４番２１号,グリーンビル　Ｂ１Ｆ,092-483-2341,うたごえスナック　恋歌,飲食店営業,一般食堂,福,博保衛,32020240,2026/9/30,2020/8/31,2008/7/18
,810-0042,福岡市中央区赤坂三丁目１番２７号,アヴェニール赤坂１Ｆ,,小粋,飲食店営業,一般食堂,福,中保衛,32020194,2026/9/30,2020/8/31,2014/7/9
,810-0041,福岡市中央区大名二丁目１番５０号,２０４号,092-771-7141,スナック染谷,飲食店営業,一般食堂,福,中保衛,32020191,2026/9/30,2020/8/31,2008/7/28
,810-0072,福岡市中央区長浜二丁目２番２２号,,092-724-8829,セブンイレブン　福岡長浜２丁目店,飲食店営業,一般食堂,福,中保衛,32020196,2026/9/30,2020/8/31,2014/7/3
,810-0003,福岡市中央区春吉三丁目２４番２８号,セシル晴好１Ｆ,092-231-2456,くれいじーグリル,飲食店営業,一般食堂,福,中保衛,32010362,2026/9/30,2020/8/31,2020/8/31
グルグルチキン株式会社,810-0001,福岡市中央区天神二丁目４番２０号,天神プラッサ１Ｆ,092-707-3202,天神グルメ　西通りパーラー　チュロスとフルーツティーとシーシャの店,飲食店営業,一般食堂,福,中保衛,32010370,2026/9/30,2020/8/31,2020/8/31
,810-0041,福岡市中央区大名一丁目３番５号,ＡＲＫＣＵＢＥ　１０１号,092-722-3982,リトルスタンド大名店,飲食店営業,一般食堂,福,中保衛,32020193,2026/9/30,2020/8/31,2014/7/23
株式会社祥栄,811-1347,福岡市南区野多目二丁目１６番２５号,,092-577-0100,ｃｏｃｏｇｅｌａｔｏ,アイスクリーム類製造業,一般,福,南保衛,32270001,2026/9/30,2020/8/31,2020/8/31
,815-0041,福岡市南区野間三丁目２番８号,サクセスステージ１０２,,ｔａｐｅｒｉａ　ｙ　ｃｈｕｒｒｅｒｉａ　ハセガワ,飲食店営業,一般食堂,福,南保衛,32010075,2026/9/30,2020/8/31,2020/8/31
株式会社信開工業,814-0133,福岡市城南区七隈六丁目８番１号,,092-836-9755,豊臣,飲食店営業,仕出し,福,城保衛,32010023,2026/9/30,2020/8/31,2020/8/31
株式会社Ｍ＆Ｔ,814-0123,福岡市城南区長尾一丁目４番４８号,,092-791-3155,手づくりパン工房フレ,菓子製造業,一般,福,城保衛,32050002,2026/9/30,2020/8/31,2020/8/31
株式会社Ｍ＆Ｔ,814-0123,福岡市城南区長尾一丁目４番４８号,,092-791-3155,手づくりパン工房フレ,飲食店営業,弁当屋,福,城保衛,32010024,2026/9/30,2020/8/31,2020/8/31
株式会社Ｍ＆Ｔ,814-0123,福岡市城南区長尾一丁目４番４８号,,092-791-3155,手づくりパン工房フレ,食品の冷凍又は冷蔵業,なし,福,城保衛,32190001,2026/9/30,2020/8/31,2020/8/31
,814-0002,福岡市早良区西新五丁目２番２５号,アミティエ西新　１Ｆ,092-822-5819,ＧＯ！ＹＡ,飲食店営業,一般食堂,福,早保衛,32020082,2026/9/30,2020/8/31,2014/7/3
,814-0003,福岡市早良区城西三丁目１８番２６号,,092-852-7331,ファミリーマート福岡城西三丁目店,飲食店営業,一般食堂,福,早保衛,32020084,2026/9/30,2020/8/31,2014/7/29
株式会社はっちゃん本舗,814-0022,福岡市早良区原六丁目１１番１５号,,092-844-5188,セブンイレブン福岡原６丁目店,飲食店営業,一般食堂,福,早保衛,32020086,2026/9/30,2020/8/31,2014/8/21
有限会社カワサキ,814-0161,福岡市早良区飯倉七丁目２８番２２号,中村ビル　１Ｆ,092-865-9850,唐木ストアー,飲食店営業,弁当屋,福,早保衛,32020085,2026/9/30,2020/8/31,2002/7/4
有限会社カワサキ,814-0161,福岡市早良区飯倉七丁目２８番２２号,中村ビル　１Ｆ,092-865-9850,唐木ストアー,食肉販売業,一般,福,早保衛,32340008,2026/9/30,2020/8/31,2002/7/4
株式会社さかなや,814-0002,福岡市早良区西新四丁目７番２１号,,,さかなや,魚介類販売業,一般,福,早保衛,32140007,2026/9/30,2020/8/31,2008/7/8
株式会社さかなや,814-0002,福岡市早良区西新四丁目７番２１号,,,さかなや,飲食店営業,弁当屋,福,早保衛,32020081,2026/9/30,2020/8/31,2008/7/8
,811-0202,福岡市東区和白二丁目１２番１号,,092-606-3569,赤のれん,飲食店営業,一般食堂,福,東保衛,32020082,2026/9/30,2020/9/1,1996/7/8
,811-0213,福岡市東区和白丘一丁目２３番２７－２０２号,,092-607-5494,Ｃａｆｅ Ｊａｍａｉｃａ,飲食店営業,一般食堂,福,東保衛,32020081,2026/9/30,2020/9/1,2008/7/24
サントリービバレッジソリューション株式会社,811-0212,福岡市東区美和台三丁目６番１号,,,西鉄三苫駅,喫茶店営業,自動販売機,福,東保衛,32240011,2026/9/30,2020/9/1,2008/9/26
日清医療食品株式会社,813-0035,福岡市東区松崎四丁目１７番１号,,092-663-5036,日清医療食品 フレンドピーチ事業所,飲食店営業,一般食堂,福,東保衛,32020083,2026/9/30,2020/9/1,2002/9/20
株式会社　ウエスト,812-0887,福岡市博多区三筑一丁目５番８号,,092-581-2133,（株）ウエスト麦野店　中華麺飯,飲食店営業,中華店,福,博保衛,32020241,2026/9/30,2020/9/1,2008/7/10
有限会社　アールツートラスト,810-0801,福岡市博多区中洲二丁目４番２０号,第２１ポールスタービル　３階　１Ａ室,092-282-4511,エスプリ,飲食店営業,カフェー,福,博保衛,32020243,2026/9/30,2020/9/1,2014/8/26
有限会社　カネオ醤油醸造元,812-0041,福岡市博多区吉塚七丁目２番１３号,,092-621-3813,有限会社　カネオ醤油醸造元,缶詰又は瓶詰食品製造業,なし,福,博保衛,32220002,2026/9/30,2020/9/1,1986/9/19
有限会社　カネオ醤油醸造元,812-0041,福岡市博多区吉塚七丁目２番１３号,,092-621-3813,有限会社　カネオ醤油醸造元,醤油製造業,なし,福,博保衛,32460001,2026/9/30,2020/9/1,1986/9/19
,812-0013,福岡市博多区博多駅東三丁目９番７号,日光ハイツアネックス　１Ｆ　１０３号,092-292-8038,るんるん,飲食店営業,バー,福,博保衛,32020242,2026/9/30,2020/9/1,2014/7/15
,812-0011,福岡市博多区博多駅前四丁目３３番１号,ＫＭビル　Ｂ１Ｆ,092-482-8098,スナック　ＲＵ・ＭＡＲＵ,飲食店営業,バー,福,博保衛,32010286,2026/9/30,2020/9/1,2020/9/1
,810-0044,福岡市中央区六本松四丁目１１番２６号,,092-741-5260,洋酒大学,飲食店営業,一般食堂,福,中保衛,32020199,2026/9/30,2020/9/1,1986/9/3
有限会社　フリーマンズライドファミリー,810-0041,福岡市中央区大名一丁目１３番１２号,,092-732-3331,ＣＥＹＬＯＮ,飲食店営業,一般食堂,福,中保衛,32020200,2026/9/30,2020/9/1,2002/8/27
,810-0041,福岡市中央区大名二丁目８番６号,松尾ビル２０２号,,作,飲食店営業,一般食堂,福,中保衛,32020198,2026/9/30,2020/9/1,2002/9/11
,810-0005,福岡市中央区清川一丁目１１番１９号,仲西ビル１－Ｃ,,元紀,飲食店営業,バー,福,中保衛,32020197,2026/9/30,2020/9/1,2014/9/3
,810-0014,福岡市中央区平尾三丁目１番６号,小河ビル１０２号,,ＢＥＬＬＯ,飲食店営業,一般食堂,福,中保衛,32020201,2026/9/30,2020/9/1,2014/8/29
,810-0044,福岡市中央区六本松一丁目７番８－１号,,,月白,飲食店営業,主として喫茶,福,中保衛,32010359,2026/9/30,2020/9/1,2020/9/1
,810-0004,福岡市中央区渡辺通五丁目２４番３７号,天神５レジデンス江崎１Ｆ１０５号,092-715-5157,博多拉担麺　まるたん　天神店,飲食店営業,一般食堂,福,中保衛,32010384,2026/9/30,2020/9/1,2020/9/1
成田屋合同会社,810-0022,福岡市中央区薬院二丁目４番３５号,エステートモアシャトー薬院１０１,,和とワイン　薬院　成田屋,飲食店営業,一般食堂,福,中保衛,32010332,2026/9/30,2020/9/1,2020/9/1
株式会社ｇａｍｂｌｅｒ,810-0003,福岡市中央区春吉二丁目２番１１号,王丸コーポ１０３号,092-731-0194,ジンギスカン　やなぎ,飲食店営業,一般食堂,福,中保衛,32010383,2026/9/30,2020/9/1,2020/9/1
メルティングポットハラペコラボ株式会社,815-0073,福岡市南区大池一丁目２６番７号,義道ハイム１Ｆ,092-710-1136,ハラペコラボ,菓子製造業,一般,福,南保衛,32050011,2026/9/30,2020/9/1,2020/9/1
メルティングポットハラペコラボ株式会社,815-0073,福岡市南区大池一丁目２６番７号,義道ハイム１Ｆ,092-710-1136,ハラペコラボ,飲食店営業,弁当屋,福,南保衛,32010071,2026/9/30,2020/9/1,2020/9/1
イズミ・フード・サービス株式会社,812-0055,福岡市東区東浜一丁目１番１号,,092-632-0531,サーティワンアイスクリーム ゆめタウン博多店,飲食店営業,一般食堂,福,東保衛,32020085,2026/9/30,2020/9/2,2002/7/16
,810-0801,福岡市博多区中洲四丁目５番１号,,092-291-0022,万徳,飲食店営業,料理店,福,博保衛,32020244,2026/9/30,2020/9/2,2008/9/10
株式会社　ＷＩＳＥ　ＣＯＲＰＯＲＡＴＩＯＮ,812-0893,福岡市博多区那珂六丁目２５番１０号,,092-502-9220,博多もつ鍋　星まつり,飲食店営業,一般食堂,福,博保衛,32020245,2026/9/30,2020/9/2,2014/9/1
有限会社　安部食産,810-0034,福岡市中央区笹丘一丁目３５番３号,,092-741-8146,（有）安部食産,食肉販売業,一般,福,中保衛,32340014,2026/9/30,2020/9/2,1986/8/15
,810-0073,福岡市中央区舞鶴一丁目９番６号,,092-761-6402,金　龍,飲食店営業,一般食堂,福,中保衛,32020203,2026/9/30,2020/9/2,1990/8/9
,810-0021,福岡市中央区今泉二丁目３番２８号,,092-714-1100,ちんぷんかんぷん薬院店,飲食店営業,一般食堂,福,中保衛,32020205,2026/9/30,2020/9/2,2008/7/4
株式会社ほわいとりりぃ,810-0001,福岡市中央区天神三丁目８番１号,天神亜依ビル２Ｆ,092-791-5195,Ｍｅｒｍａｉｄ’ｓ　Ｃｏｌｏｎｙ,飲食店営業,一般食堂,福,中保衛,32010388,2026/9/30,2020/9/2,2020/9/2
,810-0002,福岡市中央区西中洲５番１７号,ＡＥＲ西中洲５Ｆ－Ａ,092-739-7233,プリズム．,飲食店営業,バー,福,中保衛,32010326,2026/9/30,2020/9/2,2020/9/2
株式会社賦句珈琲,810-0031,福岡市中央区谷一丁目１４番２号,,,ＦｕｓｕｋｕＣｏｆｆｅｅ,飲食店営業,一般食堂,福,中保衛,32010310,2026/9/30,2020/9/2,2020/9/2
,815-0074,福岡市南区寺塚一丁目２３番３５号,,092-541-4977,浪花割烹一角すし,飲食店営業,すし屋,福,南保衛,32020070,2026/9/30,2020/9/2,1988/9/14
くら寿司株式会社,815-0082,福岡市南区大楠一丁目３４番２２号,,092-534-6610,くら寿司福岡日赤前店,飲食店営業,一般食堂,福,南保衛,32020068,2026/9/30,2020/9/2,2014/8/1
,815-0082,福岡市南区大楠三丁目２０番１号,宮崎ビル１０１号,092-231-2437,漆菓,菓子製造業,一般,福,南保衛,32050009,2026/9/30,2020/9/2,2020/9/2
,815-0033,福岡市南区大橋一丁目８番１号,大橋中央ビル２０６号,092-511-4241,ＨＥＲＯ,飲食店営業,一般食堂,福,南保衛,32020069,2026/9/30,2020/9/2,1991/7/20
有限会社サカザキ,814-0165,福岡市早良区次郎丸六丁目１２番２７号,,092-864-5565,セブン－イレブン福岡歯科大前店,飲食店営業,一般食堂,福,早保衛,32020087,2026/9/30,2020/9/2,2014/8/25
,812-0053,福岡市東区箱崎一丁目２９番２４号,ダイアパレスボンヌシャンス１０１号,092-231-2311,ＫＡＷＡＫＥＮ,飲食店営業,一般食堂,福,東保衛,32010078,2026/9/30,2020/9/3,2020/9/3
株式会社資さん,811-0213,福岡市東区和白丘二丁目３番３号,,092-405-0075,資さんうどん 和白店,飲食店営業,一般食堂,福,東保衛,32010084,2026/9/30,2020/9/3,2020/9/3
株式会社資さん,811-0213,福岡市東区和白丘二丁目３番３号,,092-405-0075,資さんうどん 和白店,菓子製造業,一般,福,東保衛,32050009,2026/9/30,2020/9/3,2020/9/3
,811-0202,福岡市東区和白三丁目９番２２号,みのるビル１Ｆ,,Secret 裸足,飲食店営業,一般食堂,福,東保衛,32020086,2026/9/30,2020/9/3,2014/7/29
株式会社 バグース,813-0002,福岡市東区下原四丁目２番１号,,092-674-0129,焼肉龍王館BRANCH福岡下原店,食肉販売業,一般,福,東保衛,32330022,2026/9/30,2020/9/3,2020/9/3
有限会社　ＧＯＬＤＥＮ－ＢＲＩＤＧＥ,812-0018,福岡市博多区住吉三丁目５番１３号,,092-292-6322,博多　おいしい　工場,飲食店営業,一般食堂,福,博保衛,32010244,2026/9/30,2020/9/3,2020/9/3
有限会社　ＧＯＬＤＥＮ－ＢＲＩＤＧＥ,812-0018,福岡市博多区住吉三丁目５番１３号,,092-292-6322,博多　おいしい　工場,菓子製造業,一般,福,博保衛,32050010,2026/9/30,2020/9/3,2020/9/3
株式会社　オリーブジャパン,812-0857,福岡市博多区西月隈五丁目１２番７号,,,オリーブ加工センター,食用油脂製造業,なし,福,博保衛,32400001,2026/9/30,2020/9/3,2014/9/30
,810-0801,福岡市博多区中洲四丁目１番１６号,セブンビル　３階,092-262-7778,菊月,飲食店営業,一般食堂,福,博保衛,32020247,2026/9/30,2020/9/3,2008/8/4
双日ロイヤルインフライトケイタリング　株式会社,812-0893,福岡市博多区那珂三丁目２８番５号,,092-471-2437,双日ロイヤルインフライトケイタリング株式会社,氷雪製造業,一般,福,博保衛,32640001,2026/9/30,2020/9/3,2014/8/14
合同会社　Ｃｅｒｏ,812-0884,福岡市博多区寿町三丁目２番１０号,ソシアルセンター　２階　２０１号室,,シーシャ＆バーｃｅｒｏ,飲食店営業,バー,福,博保衛,32010291,2026/9/30,2020/9/3,2020/9/3
,810-0004,福岡市中央区渡辺通二丁目１番８２号,電気ビル本館地下１階,092-731-4858,喫茶ルノアール,飲食店営業,一般食堂,福,中保衛,32020207,2026/9/30,2020/9/3,2008/9/22
有限会社　順,810-0072,福岡市中央区長浜三丁目１１番３号,,092-711-6300,(有)順　福魚食堂,飲食店営業,一般食堂,福,中保衛,32020210,2026/9/30,2020/9/3,2008/7/4
株式会社ＷＯＦ,810-0003,福岡市中央区春吉二丁目２番３６号,,092-406-8377,ちんぷんかんぷん春吉店,飲食店営業,一般食堂,福,中保衛,32020211,2026/9/30,2020/9/3,2014/9/10
,810-0004,福岡市中央区渡辺通五丁目１４番２４号,重岡ビル１Ｆ,092-982-1299,Ｃａｆｅ＆Ｂａｒ　新黒,飲食店営業,一般食堂,福,中保衛,32010375,2026/9/30,2020/9/3,2020/9/3
株式会社リオグループ,815-0033,福岡市南区大橋一丁目８番２１号,大橋西口ビル　１Ｆ,092-512-5120,ラウンジ　リオ大橋店,飲食店営業,バー,福,南保衛,32020072,2026/9/30,2020/9/3,2014/7/14
有限会社ウエキフーズ,814-0151,福岡市城南区堤二丁目５番１号,,092-862-3210,長浜御殿堤店,飲食店営業,一般食堂,福,城保衛,32020024,2026/9/30,2020/9/3,1987/8/24
株式会社 プレナス,813-0032,福岡市東区土井二丁目２７５番地１,,092-663-6930,ＭＫレストラン　土井店,食肉販売業,一般,福,東保衛,32330023,2026/9/30,2020/9/4,2020/9/4
,812-0013,福岡市博多区博多駅東三丁目９番３号,,092-474-2058,まごころ弁当　博多駅東店,飲食店営業,弁当屋,福,博保衛,32020253,2026/9/30,2020/9/4,2002/9/2
,812-0026,福岡市博多区上川端町４番２１４号,,092-282-3579,味処　井戸端,飲食店営業,一般食堂,福,博保衛,32020256,2026/9/30,2020/9/4,2002/7/18
ＡＢアコモ　株式会社,812-0039,福岡市博多区冷泉町８番２４号,,092-283-7060,ホテル・トリフィート博多祇園,飲食店営業,一般食堂,福,博保衛,32010289,2026/9/30,2020/9/4,2020/9/4
株式会社　ＳＡＫＵ,812-0033,福岡市博多区大博町７番１２号,ベルコモンズ大博　１Ｆ　１０２号,092-710-4343,ＰＯＮ　Ｑ　ＰＯＮ,飲食店営業,主として喫茶,福,博保衛,32010251,2026/9/30,2020/9/4,2020/9/4
有限会社　ジャンカラ九州,812-0013,福岡市博多区博多駅東一丁目１２番１２号,,092-481-3030,ジャンカラ　博多駅筑紫口店,飲食店営業,一般食堂,福,博保衛,32020254,2026/9/30,2020/9/4,2014/9/2
,812-0879,福岡市博多区銀天町一丁目６番９号,,092-572-0012,絹,飲食店営業,バー,福,博保衛,32020251,2026/9/30,2020/9/4,1981/9/17
株式会社　ブルーキャット,812-0020,福岡市博多区対馬小路２番１０号,,092-292-7663,馳走　なかむら,そうざい製造業,なし,福,博保衛,32570009,2026/9/30,2020/9/4,2020/9/4
,810-0044,福岡市中央区六本松二丁目１５番１号,グランドハイツ２Ｆ,092-771-0288,ＴＥＮ’Ｓ　ＢＡＲ,飲食店営業,バー,福,中保衛,32020212,2026/9/30,2020/9/4,2008/7/4
一灯合同会社,810-0003,福岡市中央区春吉一丁目１３番１２号,,092-715-7415,博多晴家,飲食店営業,一般食堂,福,中保衛,32020216,2026/9/30,2020/9/4,2014/7/22
,810-0034,福岡市中央区笹丘一丁目３５番１０号,,092-741-5396,グリル千,飲食店営業,一般食堂,福,中保衛,32020220,2026/9/30,2020/9/4,2002/9/25
,810-0002,福岡市中央区西中洲５番１５号,セントラルパークタワー２F,092-713-6629,とり乃屋,飲食店営業,一般食堂,福,中保衛,32020222,2026/9/30,2020/9/4,2008/9/5
,810-0005,福岡市中央区清川三丁目１２番１－１０６号,,092-522-8803,ＯＮＡＩＲ,飲食店営業,一般食堂,福,中保衛,32020221,2026/9/30,2020/9/4,2008/7/30
株式会社Ａｌｕｍａ,810-0041,福岡市中央区大名一丁目１２番３８号,岩戸屋ビル３階,,元気が出る居酒屋　よだれ屋,飲食店営業,一般食堂,福,中保衛,32010394,2026/9/30,2020/9/4,2020/9/4
有限会社ふくおか畜販,810-0003,福岡市中央区春吉三丁目２５番２７号,,092-761-4777,兆や,飲食店営業,一般食堂,福,中保衛,32020215,2026/9/30,2020/9/4,2008/9/25
有限会社どらごんフーズ,810-0003,福岡市中央区春吉三丁目２４番１６号,パステルビル１０　１Ｆ,092-741-6868,どらごん春吉店,飲食店営業,一般食堂,福,中保衛,32020214,2026/9/30,2020/9/4,2008/9/12
株式会社フーデリジェンス,814-0161,福岡市早良区飯倉四丁目８番４号,飯倉ハイヴィレッジ　１０６,092-834-3339,旬彩工房　二兎屋,飲食店営業,仕出し,福,早保衛,32010081,2026/9/30,2020/9/4,2020/9/4
ＪＲ九州フードサービス株式会社,819-0002,福岡市西区姪の浜四丁目８番２号,,092-881-6080,ゼッテリア　姪浜駅店,飲食店営業,一般食堂,福,西保衛,32020059,2026/9/30,2020/9/4,2014/7/9
有限会社 日健食,813-0005,福岡市東区御島崎一丁目５番９号,,092-671-7810,有限会社 日健食,飲食店営業,弁当屋,福,東保衛,32020088,2026/9/30,2020/9/8,1996/9/13
有限会社 日健食,813-0005,福岡市東区御島崎一丁目５番１１号,,092-671-7810,有限会社 日健食第２,飲食店営業,弁当屋,福,東保衛,32020089,2026/9/30,2020/9/8,1996/9/13
,,福岡市東区香椎駅前一丁目１７番２４号,,,ざいとん,飲食店営業,一般食堂,福,東保衛,32020087,2026/9/30,2020/9/8,2014/9/22
有限会社　マリーチ,810-0801,福岡市博多区中洲四丁目３番１号,中洲岡部ビル２号館　３階　３０２号室,092-282-6055,ＭＡＲＩＣＩ（マリーチ）,飲食店営業,カフェー,福,博保衛,32010301,2026/9/30,2020/9/8,2020/9/8
株式会社　Ｌｅａｄ,810-0801,福岡市博多区中洲二丁目７番３号,リトル中洲ビル　３階　Ａ号室,092-402-1755,［ｒｅ：］,飲食店営業,バー,福,博保衛,32010304,2026/9/30,2020/9/8,2020/9/8
,812-0046,福岡市博多区吉塚本町１０番２１号,,092-621-9960,ローソン吉塚本町店,飲食店営業,一般食堂,福,博保衛,32020259,2026/9/30,2020/9/8,2014/7/30
有限会社　ワンアンドナイン,812-0016,福岡市博多区博多駅南六丁目８番１号,,092-483-0853,１８ラーメン,飲食店営業,一般食堂,福,博保衛,32020261,2026/9/30,2020/9/8,2002/7/23
,810-0801,福岡市博多区中洲二丁目３番５号,中洲会館　８Ｆ　８０２号,092-262-6928,メンバーズ　洋洋,飲食店営業,一般食堂,福,博保衛,32020263,2026/9/30,2020/9/8,1991/9/18
,812-0863,福岡市博多区金の隈一丁目２５番１９号,,092-504-6658,セブンイレブン　福岡南バイパス店,飲食店営業,一般食堂,福,博保衛,32020260,2026/9/30,2020/9/8,2014/7/18
シダックスフードサービス株式会社,812-0894,福岡市博多区諸岡一丁目２４番２５号,,050-3792-8293,高齢者向け住宅　想美,飲食店営業,一般食堂,福,博保衛,32020258,2026/9/30,2020/9/8,2014/7/24
,810-0022,福岡市中央区薬院三丁目７番１６号,ライオンズマンション薬院１０３,092-526-3133,味処　むとう,飲食店営業,一般食堂,福,中保衛,32020224,2026/9/30,2020/9/8,1991/7/29
南国フルーツ株式会社,810-8544,福岡市中央区天神二丁目１番１号,福岡三越店Ｂ１Ｆ,092-713-0878,キャンベル・アーリーラシック福岡天神店,飲食店営業,主として喫茶,福,中保衛,32020225,2026/9/30,2020/9/8,2014/8/29
,810-0024,福岡市中央区桜坂三丁目８番４５号,桜坂ＹＳビル１Ｆ,092-741-3577,チレーディオ・フィレンツェ,飲食店営業,一般食堂,福,中保衛,32020229,2026/9/30,2020/9/8,2002/9/9
,810-0003,福岡市中央区春吉三丁目１２番１６号,,092-714-6712,もつ鍋　なかむら,飲食店営業,一般食堂,福,中保衛,32020228,2026/9/30,2020/9/8,1982/8/4
,810-0021,福岡市中央区今泉一丁目２３番４号,新天神ビル２Ｆ　２０２号,092-771-2930,メンバーズ　スナック　咲,飲食店営業,一般食堂,福,中保衛,32020226,2026/9/30,2020/9/8,2002/9/4
,810-0021,福岡市中央区今泉一丁目２番８号,ＡＮＤＯＮ２C,092-716-4595,穴井,飲食店営業,一般食堂,福,中保衛,32020230,2026/9/30,2020/9/8,2014/8/20
株式会社一成,810-0011,福岡市中央区高砂一丁目１９番３号,,092-531-9100,相撲茶屋大塚,飲食店営業,料理店,福,中保衛,32020232,2026/9/30,2020/9/8,2008/8/1
,810-0014,福岡市中央区平尾三丁目５番７号,白石ビル１Ｆ,092-521-0610,伊酒屋　くれあとーれ,飲食店営業,一般食堂,福,中保衛,32020233,2026/9/30,2020/9/8,2008/8/29
,810-0005,福岡市中央区清川二丁目１７番９号,タワーズ清川１０１,092-791-5807,ウィルスターズ,飲食店営業,一般食堂,福,中保衛,32020235,2026/9/30,2020/9/8,2014/8/25
,810-0005,福岡市中央区清川二丁目１７番９号,タワーズ清川１０１,092-791-5807,ウィルスターズ,菓子製造業,一般,福,中保衛,32060015,2026/9/30,2020/9/8,2014/8/25
,810-0003,福岡市中央区春吉一丁目７番１８号,瓜生ビル１Ｆ,092-776-7712,麦衛門,飲食店営業,うどん屋,福,中保衛,32020234,2026/9/30,2020/9/8,2014/7/3
株式会社マルキョウ,815-0031,福岡市南区清水二丁目２０番４３号,,092-557-1250,株式会社　マルキョウ清水店,飲食店営業,弁当屋,福,南保衛,32010067,2026/9/30,2020/9/8,2020/9/8
,811-1352,福岡市南区鶴田二丁目２２番１７号,,092-566-7230,けぼけぼ,飲食店営業,一般食堂,福,南保衛,32020073,2026/9/30,2020/9/8,2002/9/9
,811-1302,福岡市南区井尻四丁目２番１号,,092-572-5103,ケロムレスト,飲食店営業,一般食堂,福,南保衛,32020074,2026/9/30,2020/9/8,2014/8/11
,814-0002,福岡市早良区西新一丁目８番２号,,092-831-6697,アイヤラー,飲食店営業,一般食堂,福,早保衛,32020088,2026/9/30,2020/9/8,2014/7/2
有限会社フードマン,814-0165,福岡市早良区次郎丸一丁目１１番２５号,,092-407-4221,ハチハチ次郎丸店,食肉販売業,一般,福,早保衛,32330013,2026/9/30,2020/9/8,2020/9/8
ＪＲ九州ファーストフーズ株式会社,814-0005,福岡市早良区祖原１番１号,,092-834-5810,ピザハット　福岡西新店,飲食店営業,一般食堂,福,早保衛,32010075,2026/9/30,2020/9/8,2020/9/8
ＪＲ九州ファーストフーズ株式会社,814-0005,福岡市早良区祖原１番１号,,092-844-7188,ケンタッキーフライドチキン　西新店,飲食店営業,一般食堂,福,早保衛,32010076,2026/9/30,2020/9/8,2020/9/8
,813-0003,福岡市東区香住ヶ丘六丁目４番６号,,092-683-3879,西村の鮨,飲食店営業,一般食堂,福,東保衛,32020090,2026/9/30,2020/9/9,1996/7/2
,813-0013,福岡市東区香椎駅前二丁目１５番３号,,092-672-8418,博多もつ鍋　炉端焼　坂,飲食店営業,一般食堂,福,東保衛,32020091,2026/9/30,2020/9/9,2014/7/28
株式会社　ｍａｄｏｋａ　ｐｌｕｓ,812-0026,福岡市博多区上川端町１０番５号,,092-402-1847,大阪屋台居酒屋　満マル　中洲川端店,飲食店営業,一般食堂,福,博保衛,32010271,2026/9/30,2020/9/9,2020/9/9
,812-0024,福岡市博多区綱場町３番１１号,大生館　１Ｆ　１０１号,092-282-7021,くぼや,飲食店営業,一般食堂,福,博保衛,32020274,2026/9/30,2020/9/9,2002/8/27
,812-0018,福岡市博多区住吉二丁目１６番１１号,友愛荘　２Ｆ,,柚月,飲食店営業,一般食堂,福,博保衛,32020266,2026/9/30,2020/9/9,2014/9/3
有限会社　エー・ケー工房,812-0892,福岡市博多区東那珂一丁目１０番３２号,,092-473-3671,Ａ・Ｋ・工房,食肉販売業,一般,福,博保衛,32340021,2026/9/30,2020/9/9,2014/8/26
株式会社　ネウパネ,812-0018,福岡市博多区住吉五丁目９番２１号,,092-474-2144,ナマステ・スミヨシ,飲食店営業,一般食堂,福,博保衛,32020271,2026/9/30,2020/9/9,2014/8/4
,810-0801,福岡市博多区中洲四丁目７番８号,ラ・パピヨンビル　３Ｆ,,ＶＯＩＣＥ　ヴォイス,飲食店営業,バー,福,博保衛,32020264,2026/9/30,2020/9/9,2014/7/8
,812-0011,福岡市博多区博多駅前二丁目９番２８号,福岡商工会議所　Ｂ１Ｆ,092-441-9733,松風,飲食店営業,一般食堂,福,博保衛,32020269,2026/9/30,2020/9/9,1996/8/26
,812-0018,福岡市博多区住吉四丁目１５番３号,,092-260-9544,ＳＵＮＮＹ,飲食店営業,バー,福,博保衛,32020272,2026/9/30,2020/9/9,2014/9/3
有限会社　桃園,810-0801,福岡市博多区中洲三丁目４番５号,多門ビル　１Ｆ,092-291-7921,中華料理　桃園,飲食店営業,一般食堂,福,博保衛,32020270,2026/9/30,2020/9/9,1981/8/17
,810-0801,福岡市博多区中洲四丁目１番２６号,中洲人形町ビル　２Ｆ,092-281-7953,ＹＯＵ由布,飲食店営業,一般食堂,福,博保衛,32020268,2026/9/30,2020/9/9,1987/8/26
,810-0023,福岡市中央区警固二丁目１３番７号,オークビルⅡ１０３,092-729-4337,酒膳屋　かじさん,飲食店営業,一般食堂,福,中保衛,32020236,2026/9/30,2020/9/9,2014/7/25
,810-0001,福岡市中央区天神三丁目１４番２号,公建ビル　３０２号,092-732-7480,メンバーズスナック　クロスバンカー,飲食店営業,一般食堂,福,中保衛,32020238,2026/9/30,2020/9/9,1991/8/13
,810-0044,福岡市中央区六本松四丁目９番１０号,六本松センタービル１０６号,092-716-7115,Ｐｒｉｍｏ　Ｐｉａｔｔｏ,飲食店営業,一般食堂,福,中保衛,32020239,2026/9/30,2020/9/9,1996/8/9
,810-0041,福岡市中央区大名二丁目２番４８号,プロスペリタ大名Ⅰ２Ｆ,092-751-4044,とり乃屋,飲食店営業,一般食堂,福,中保衛,32020237,2026/9/30,2020/9/9,2014/9/9
,810-0002,福岡市中央区西中洲２番９号,ライオンビル高山館１０５号,092-712-1880,香（ｋｏｕ）,飲食店営業,一般食堂,福,中保衛,32020240,2026/9/30,2020/9/9,2014/9/2
株式会社オルレアン,810-0003,福岡市中央区春吉三丁目１５番３号,テソロ天神１Ｆ－Ｂ,092-715-9032,雲レ日,飲食店営業,バー,福,中保衛,32020241,2026/9/30,2020/9/9,2008/8/28
株式会社融広,810-0014,福岡市中央区平尾五丁目５番３８号,,092-531-5216,ほっともっと　平尾店,飲食店営業,弁当屋,福,中保衛,32010393,2026/9/30,2020/9/9,2020/9/9
,811-1351,福岡市南区屋形原三丁目１６番２１号,,092-566-0332,ローバの休日,菓子製造業,一般,福,南保衛,32060005,2026/9/30,2020/9/9,2014/8/14
株式会社ココスジャパン,815-0032,福岡市南区塩原四丁目１３番２７号,,092-557-3306,ココス大橋店,飲食店営業,レストラン,福,南保衛,32020075,2026/9/30,2020/9/9,1981/8/6
,815-0075,福岡市南区長丘三丁目１番２８号,ありの実ハイツ１Ｆ,092-542-2577,凪翔,飲食店営業,一般食堂,福,南保衛,32020076,2026/9/30,2020/9/9,2014/7/4
,811-1314,福岡市南区的場二丁目１０番１０号,,092-405-5654,焼肉　晴,飲食店営業,一般食堂,福,南保衛,32020077,2026/9/30,2020/9/9,2008/7/28
,814-0022,福岡市早良区原二丁目４番７号,Ｋマート,092-707-6366,肉の博翔,食肉販売業,一般,福,早保衛,32330011,2026/9/30,2020/9/9,2020/9/9
株式会社 ＳＪコーポレーション,812-0051,福岡市東区箱崎ふ頭一丁目１番９号,,092-260-7716,伍巧,食品の冷凍又は冷蔵業,なし,福,東保衛,32190004,2026/9/30,2020/9/10,2020/9/10
,812-0018,福岡市博多区住吉四丁目１５番３号,,092-474-8880,ＭＵＧＥＮ,飲食店営業,バー,福,博保衛,32020276,2026/9/30,2020/9/10,2014/8/27
ザッカ商事　有限会社,812-0894,福岡市博多区諸岡三丁目２２番３７号,,092-589-3688,ファミリーマート博多諸岡三丁目店,飲食店営業,一般食堂,福,博保衛,32020282,2026/9/30,2020/9/10,2014/9/10
,812-0041,福岡市博多区吉塚一丁目１４番１１号,,092-611-0673,平和蒲鉾店,飲食店営業,そうざい,福,博保衛,32020279,2026/9/30,2020/9/10,2008/9/9
,812-0041,福岡市博多区吉塚一丁目１４番１１号,,092-611-0673,平和蒲鉾店,魚肉ねり製品製造業,簡易,福,博保衛,32180001,2026/9/30,2020/9/10,1966/9/22
,810-0801,福岡市博多区中洲二丁目５番１８号,第２０ラインビル　３Ｆ,092-282-0808,Ｂ－ｃｌｕｂ,飲食店営業,一般食堂,福,博保衛,32020275,2026/9/30,2020/9/10,2002/9/30
株式会社　ｓｔｕｄｉｏ０９２,812-0027,福岡市博多区下川端町１０番５号,１Ｆ,092-272-0920,とり田　博多本店,飲食店営業,一般食堂,福,博保衛,32020278,2026/9/30,2020/9/10,2014/8/25
株式会社　リオグループ,810-0801,福岡市博多区中洲二丁目７番２１号,ジオテラス　２Ｆ,092-273-1888,Ｌｏｕｎｇｅ　Ｒｉｏ,飲食店営業,カフェー,福,博保衛,32020284,2026/9/30,2020/9/10,2014/9/19
,812-0017,福岡市博多区美野島三丁目１５番１３号,エステートモア博多ＡＰＥＸ　１Ｆ,092-413-7390,居酒屋　ふなちゃん,飲食店営業,一般食堂,福,博保衛,32020285,2026/9/30,2020/9/10,1996/8/5
,810-0801,福岡市博多区中洲三丁目６番７号,ギャラリーヤマモトビル　６階　１号室,,ＧＡＬＬＳ　ｆｕｋｕｏｋａ,飲食店営業,バー,福,博保衛,32010297,2026/9/30,2020/9/10,2020/9/10
株式会社　ロイヤルボックス,810-0801,福岡市博多区中洲三丁目２番１２号,第３ラインビル　１階,092-261-6776,Ｂａｒ　Ｒ．Ｂ,飲食店営業,バー,福,博保衛,32020281,2026/9/30,2020/9/10,2014/9/2
,810-0801,福岡市博多区中洲三丁目６番７号,ギャラリーヤマモトビル　５階,092-473-7686,シャングリ・ラ,飲食店営業,バー,福,博保衛,32020288,2026/9/30,2020/9/10,2014/8/4
,812-0884,福岡市博多区寿町三丁目３番２１号,サンパークマンション　１Ｆ,092-573-5987,うるみ,飲食店営業,一般食堂,福,博保衛,32020280,2026/9/30,2020/9/10,1984/7/3
学校法人　中村学園,812-0887,福岡市博多区三筑一丁目７番１１号,,092-571-3900,中村学園事業部　２５５５０,飲食店営業,一般食堂,福,博保衛,32020283,2026/9/30,2020/9/10,2008/8/29
有限会社共和,810-0034,福岡市中央区笹丘二丁目１７番３３号,,092-522-5325,晩酌亭第一工場,食肉販売業,一般,福,中保衛,32340018,2026/9/30,2020/9/10,2014/7/18
ウオクニ株式会社,810-0062,福岡市中央区荒戸二丁目１番９号,ＦＫビル５Ｆ,092-715-3480,福岡クラブ,飲食店営業,一般食堂,福,中保衛,32020243,2026/9/30,2020/9/10,2014/7/17
,810-0074,福岡市中央区大手門三丁目１２番３号,,092-713-4328,居酒屋　駄駄,飲食店営業,一般食堂,福,中保衛,32020245,2026/9/30,2020/9/10,1996/9/17
株式会社タガタメ,810-0003,福岡市中央区春吉三丁目１６番１７号,エステートモア天神アトリエ１０１,092-406-7450,Ｓｕｐｅｒまりお,飲食店営業,一般食堂,福,中保衛,32010397,2026/9/30,2020/9/10,2020/9/10
株式会社ジェニーモーク,810-0001,福岡市中央区天神五丁目３番１２号,コンプレート天神ビル１階,,（株）ジェニーモーク,飲食店営業,一般食堂,福,中保衛,32010395,2026/9/30,2020/9/10,2020/9/10
株式会社ジェニーモーク,810-0071,福岡市中央区那の津一丁目７番４号,マルハチ１階,092-753-8304,ハイボール酒場　ビリケン,飲食店営業,一般食堂,福,中保衛,32010396,2026/9/30,2020/9/10,2020/9/10
,810-0014,福岡市中央区平尾三丁目２０番２号,セシルコート平尾１Ｆ,,ｆｕｕ　ｃｏｆｆｅｅ,飲食店営業,主として喫茶,福,中保衛,32010330,2026/9/30,2020/9/10,2020/9/10
有限会社松勝水産,810-0072,福岡市中央区長浜三丁目１４番２号,,092-711-6640,勝,魚介類販売業,一般,福,中保衛,32140013,2026/9/30,2020/9/10,2014/9/29
,810-0022,福岡市中央区薬院一丁目６番５号,ホワイティ薬院１Ｆ,092-751-0989,活魚料理　魚籠,飲食店営業,一般食堂,福,中保衛,32020244,2026/9/30,2020/9/10,2002/8/29
,815-0033,福岡市南区大橋一丁目１２番１０号,サンセール大橋１Ｆ,092-557-1633,テシマ　デリアンドスクール,飲食店営業,レストラン,福,南保衛,32020079,2026/9/30,2020/9/10,2008/10/1
株式会社ワイエムフーズ,811-1302,福岡市南区井尻一丁目１７番１号,,092-571-7551,あっとほーむ井尻,飲食店営業,一般食堂,福,南保衛,32020081,2026/9/30,2020/9/10,2008/9/9
株式会社　フルラッキーコーポレーション,814-0133,福岡市城南区七隈五丁目２１番８号,,092-864-1355,焼肉　飛牛,飲食店営業,一般食堂,福,城保衛,32020027,2026/9/30,2020/9/10,2008/9/11
,814-0123,福岡市城南区長尾一丁目１番１４号,,092-865-2323,手打そば千力,飲食店営業,一般食堂,福,城保衛,32020028,2026/9/30,2020/9/10,1986/7/15
,814-0113,福岡市城南区田島五丁目１番１号,,092-863-5517,セブンイレブン福岡田島５丁目店,飲食店営業,一般食堂,福,城保衛,32020029,2026/9/30,2020/9/10,2014/7/9
学校法人　中村学園,814-0155,福岡市城南区大字東油山４９９番地１６号,,092-846-0491,中村学園事業部２５５２０,飲食店営業,一般食堂,福,城保衛,32020026,2026/9/30,2020/9/10,2008/7/16
株式会社ＨＡＪＩＭＥカンパニー,819-0373,福岡市西区周船寺三丁目１８番３５号,,092-983-7817,元祖糸島ラーメン銅鑼周船寺店,飲食店営業,一般食堂,福,西保衛,32010055,2026/9/30,2020/9/10,2020/9/10
株式会社喰道楽,813-0044,福岡市東区千早五丁目１１番５号,,,博多とよ唐亭　香椎参道店,飲食店営業,そうざい,福,東保衛,32010086,2026/9/30,2020/9/11,2020/9/11
株式会社 西日本食研,813-0002,福岡市東区下原二丁目１５番３２号,,092-672-0961,あっとほーむ香椎下原,飲食店営業,一般食堂,福,東保衛,32010085,2026/9/30,2020/9/11,2020/9/11
株式会社　九動,810-0801,福岡市博多区中洲二丁目３番５号,中洲会館　９階　９０３号室,,ｍｏｖｅ,飲食店営業,バー,福,博保衛,32010315,2026/9/30,2020/9/11,2020/9/11
,810-0801,福岡市博多区中洲二丁目６番４号,第２スコッチ館　４Ｆ　Ｂ,092-262-6900,ファンキースター,飲食店営業,一般食堂,福,博保衛,32020297,2026/9/30,2020/9/11,1991/7/23
,810-0801,福岡市博多区中洲二丁目３番５号,中洲会館　７Ｆ　７０２,092-262-3188,５　ｃｉｎｑ,飲食店営業,バー,福,博保衛,32020293,2026/9/30,2020/9/11,2014/8/11
ハイマウンテン興産　株式会社,812-0041,福岡市博多区吉塚八丁目４番５４号,,092-781-0100,ホテル　クリスマス,飲食店営業,旅館,福,博保衛,32020299,2026/9/30,2020/9/11,1981/9/24
,812-0041,福岡市博多区吉塚二丁目１番７号,,092-621-3501,河内食品,豆腐製造業,なし,福,博保衛,32520001,2026/9/30,2020/9/11,1996/7/18
,812-0044,福岡市博多区千代一丁目１９番２号,,092-641-5654,イキのいい奴,飲食店営業,一般食堂,福,博保衛,32020295,2026/9/30,2020/9/11,1988/7/6
,812-0894,福岡市博多区諸岡一丁目３番１３号,,092-592-7225,博多カラオケ　弓田,飲食店営業,一般食堂,福,博保衛,32020290,2026/9/30,2020/9/11,2014/8/26
,812-0034,福岡市博多区下呉服町５番３３号,,092-282-3635,居酒屋　とし,飲食店営業,一般食堂,福,博保衛,32020289,2026/9/30,2020/9/11,1996/9/11
有限会社　ワイ・アンド・アイ,812-0016,福岡市博多区博多駅南六丁目８番３０号,トピレック博多　１Ｆ　１０３号,092-431-1700,あげてん家,飲食店営業,一般食堂,福,博保衛,32020298,2026/9/30,2020/9/11,1996/7/4
,810-0801,福岡市博多区中洲二丁目７番３号,リトル中洲ビル　３Ｆ　３０２号,092-272-0071,おだんとこ,飲食店営業,一般食堂,福,博保衛,32020291,2026/9/30,2020/9/11,1986/7/4
株式会社　正の屋,812-0879,福岡市博多区銀天町二丁目１番３３号,,092-571-2118,株式会社　正の屋,飲食店営業,一般食堂,福,博保衛,32020296,2026/9/30,2020/9/11,2008/8/11
株式会社　正の屋,812-0879,福岡市博多区銀天町二丁目１番３３号,,092-571-2118,株式会社　正の屋,食肉販売業,一般,福,博保衛,32340023,2026/9/30,2020/9/11,2008/8/11
,810-0801,福岡市博多区中洲三丁目７番１０号,若松ビル　地下１階,092-262-8523,まんぼう,飲食店営業,一般食堂,福,博保衛,32020292,2026/9/30,2020/9/11,2008/7/4
株式会社　一優亭,812-0038,福岡市博多区祇園町４番６５号,,092-291-5636,祇園　炉端　三郎,飲食店営業,一般食堂,福,博保衛,32010267,2026/9/30,2020/9/11,2020/9/11
株式会社　ギャラクシー,810-0801,福岡市博多区中洲二丁目７番２９号,ＩＮＦＯＳＴＡＲビル　４Ｆ,092-283-6022,ＰＯＳＥＩＤＯＮ,飲食店営業,カフェー,福,博保衛,32020294,2026/9/30,2020/9/11,2014/7/16
有限会社ロンブラージュ,810-0064,福岡市中央区地行二丁目３番１０号,,,ロンブラージュ・ビガレ西新店,菓子製造業,一般,福,中保衛,32060016,2026/9/30,2020/9/11,2014/9/9
有限会社ロンブラージュ,810-0064,福岡市中央区地行二丁目３番１０号,,,ロンブラージュ・ビガレ西新店,飲食店営業,弁当屋,福,中保衛,32020246,2026/9/30,2020/9/11,2014/9/9
株式会社フィーノホテルズ,810-0003,福岡市中央区春吉三丁目１３番１９号,,092-718-7700,ベストウエスタンプラス福岡天神南　レストランフィーノ,飲食店営業,一般食堂,福,中保衛,32010401,2026/9/30,2020/9/11,2020/9/11
株式会社カイタックホールディングス,810-0023,福岡市中央区警固一丁目１５番３８号,,,カイタックスクエアガーデン　ポケットショップ②,飲食店営業,一般食堂,福,中保衛,32010402,2026/9/30,2020/9/11,2020/9/11
株式会社ＪＳＨ,810-0001,福岡市中央区天神二丁目１１番３号,ソラリアステージＢ１Ｆ,,ｓａｎｃｈｏｎ　ｓｔｙｌｅ,飲食店営業,弁当屋,福,中保衛,32010406,2026/9/30,2020/9/11,2020/9/11
株式会社ダイキョープラザ,811-1347,福岡市南区野多目三丁目２番１号,レークヒルズ野多目１番館Ａ１Ｆ,092-557-8622,ダイキョーバリュー野多目店,飲食店営業,そうざい,福,南保衛,32010076,2026/9/30,2020/9/11,2020/9/11
株式会社ダイキョープラザ,811-1347,福岡市南区野多目三丁目２番１号,レークヒルズ野多目１番館Ａ１Ｆ,092-557-8622,ダイキョーバリュー野多目店,そうざい製造業,なし,福,南保衛,32570005,2026/9/30,2020/9/11,2020/9/11
,815-0033,福岡市南区大橋一丁目２１番１１号,サンシャインビル２０３号,,ＡＳ,飲食店営業,一般食堂,福,南保衛,32010078,2026/9/30,2020/9/11,2020/9/11
,814-0133,福岡市城南区七隈四丁目４番２号,アイシンコーポ１階,,シャンティ　クレープ,飲食店営業,一般食堂,福,城保衛,32010027,2026/9/30,2020/9/11,2020/9/11
,814-0101,福岡市城南区荒江一丁目１６番３号,サンシティー荒江,092-821-7061,みやこんじょ,飲食店営業,一般食堂,福,城保衛,32020030,2026/9/30,2020/9/11,2002/9/30
株式会社　アペックス西日本,814-0133,福岡市城南区七隈七丁目４５番１号,,,福岡大学　第１食堂,喫茶店営業,自動販売機,福,城保衛,32240006,2026/9/30,2020/9/11,2014/9/4
,813-0032,福岡市東区土井一丁目７番１号,,,唐将,飲食店営業,弁当屋,福,東保衛,32010087,2026/9/30,2020/9/14,2020/9/14
株式会社　亀山魚中,812-0041,福岡市博多区吉塚五丁目１３番１５号,,092-611-8338,株式会社　亀山魚中,飲食店営業,弁当屋,福,博保衛,32020302,2026/9/30,2020/9/14,2014/9/1
株式会社　亀山魚中,812-0041,福岡市博多区吉塚五丁目１３番１５号,,092-611-8338,株式会社　亀山魚中,魚介類販売業,一般,福,博保衛,32140023,2026/9/30,2020/9/14,2014/9/1
株式会社　シンセイ商事鳥土本舗,812-0041,福岡市博多区吉塚一丁目３０番１５号,,092-621-9552,株式会社　シンセイ商事鳥土本舗,菓子製造業,一般,福,博保衛,32060010,2026/9/30,2020/9/14,2008/8/4
株式会社　ラブ,812-0017,福岡市博多区美野島二丁目２０番１８－１０３号,,092-477-3676,博多もつ鍋おおやま通販配送センター,食肉販売業,一般,福,博保衛,32330073,2026/9/30,2020/9/14,2020/9/14
株式会社　ラブ,812-0017,福岡市博多区美野島二丁目２０番１８－１０３号,,092-477-3676,博多もつ鍋おおやま通販配送センター,食品の冷凍又は冷蔵業,なし,福,博保衛,32190005,2026/9/30,2020/9/14,2020/9/14
株式会社　ラブ,812-0017,福岡市博多区美野島二丁目２０番１８－１０３号,,092-477-3676,博多もつ鍋おおやま通販配送センター,食用油脂製造業,なし,福,博保衛,32390001,2026/9/30,2020/9/14,2020/9/14
,810-0801,福岡市博多区中洲四丁目３番１０号,丸源４３　１階　１１０号,092-291-3969,メンバーズ　光永,飲食店営業,一般食堂,福,博保衛,32020300,2026/9/30,2020/9/14,2002/7/12
株式会社　ティーケーピー,812-0011,福岡市博多区博多駅前三丁目１９番５号,博多石川ビル　１Ｆ,092-432-1160,ＴＫＰカンファレンスシティ博多,飲食店営業,一般食堂,福,博保衛,32020310,2026/9/30,2020/9/14,2014/7/30
株式会社　ティーケーピー,812-0011,福岡市博多区博多駅前三丁目２番１号,日本生命博多駅前ビル　８Ｆ,092-433-2833,ＴＫＰ博多駅前シティセンター,飲食店営業,一般食堂,福,博保衛,32020311,2026/9/30,2020/9/14,2014/7/31
,812-0018,福岡市博多区住吉二丁目８番３号,丸吉ビル　１Ｆ,092-263-4450,須恵三洋軒　博多店,飲食店営業,一般食堂,福,博保衛,32020303,2026/9/30,2020/9/14,2014/9/8
,812-0026,福岡市博多区上川端町１０番２５１号,,092-262-5430,満腹亭,飲食店営業,一般食堂,福,博保衛,32020301,2026/9/30,2020/9/14,2008/9/16
,812-0018,福岡市博多区住吉四丁目２番１５号,住四ビル　１Ｆ　１０５号,092-409-5344,ｇｌａｃｉｅｒ　ＡＬＩＣＥ,食品の冷凍又は冷蔵業,なし,福,博保衛,32200004,2026/9/30,2020/9/14,2014/7/31
,812-0018,福岡市博多区住吉四丁目２番１５号,住四ビル　１Ｆ　１０５号,092-409-5344,ｇｌａｃｉｅｒ　ＡＬＩＣＥ,菓子製造業,一般,福,博保衛,32060009,2026/9/30,2020/9/14,2014/7/31
株式会社　ハローグッバイ,810-0801,福岡市博多区中洲四丁目１番１３号,第１きよたけビル　地下１階　Ｂ・Ａ号室,092-282-0920,９ｓＷｏｎｄｅｒ×ｊａｍｐ,飲食店営業,バー,福,博保衛,32010300,2026/9/30,2020/9/14,2020/9/14
株式会社ウエスト,812-0887,福岡市博多区三筑一丁目５番８号,,092-581-2133,(株)ウエスト麦野店　カフェ,飲食店営業,一般食堂,福,博保衛,32020309,2026/9/30,2020/9/14,2008/9/9
,810-0002,福岡市中央区西中洲５番２０号,ＭＫホテル西中洲１Ｆ,,インターナショナルバー,飲食店営業,バー,福,中保衛,32010374,2026/9/30,2020/9/14,2020/9/14
山崎製パン株式会社,810-0041,福岡市中央区大名一丁目７番１０号,,092-712-6270,デイリーヤマザキ福岡大名１丁目,飲食店営業,一般食堂,福,中保衛,32010386,2026/9/30,2020/9/14,2020/9/14
山崎製パン株式会社,810-0041,福岡市中央区大名一丁目７番１０号,,092-712-6270,デイリーヤマザキ福岡大名１丁目,菓子製造業,パン,福,中保衛,32050054,2026/9/30,2020/9/14,2020/9/14
,811-1311,福岡市南区横手三丁目３７番２０号,,092-588-7577,和　とどろき,飲食店営業,一般食堂,福,南保衛,32020082,2026/9/30,2020/9/14,2014/9/1
,811-1356,福岡市南区花畑一丁目４５番３７号,,092-552-0196,小料理一代,飲食店営業,一般食堂,福,南保衛,32020085,2026/9/30,2020/9/14,1981/9/25
,811-1302,福岡市南区井尻一丁目３６番８号,,092-574-2882,プリベ,飲食店営業,一般食堂,福,南保衛,32020084,2026/9/30,2020/9/14,2002/8/7
,811-1323,福岡市南区弥永一丁目２５番３号,,,いなか料理　けご村,飲食店営業,一般食堂,福,南保衛,32020083,2026/9/30,2020/9/14,2014/7/1
,815-0082,福岡市南区大楠二丁目１７番３号,井谷ビル２０８号,092-753-8685,じゃらん食堂,飲食店営業,一般食堂,福,南保衛,32020086,2026/9/30,2020/9/14,2014/9/25
株式会社風美庵,811-1313,福岡市南区曰佐三丁目１４番１５号,,092-586-9807,Ｆ－１コンフェクショナリー,食品の冷凍又は冷蔵業,なし,福,南保衛,32190005,2026/9/30,2020/9/14,2020/9/14
,815-0033,福岡市南区大橋一丁目４番２０号,ロワールマンション大橋Ⅲ１０５,092-562-6150,とりのや大橋店,飲食店営業,そうざい,福,南保衛,32020087,2026/9/30,2020/9/14,2014/8/20
,814-0022,福岡市早良区原三丁目１７番４４号,,092-823-1757,とん平　原店,飲食店営業,一般食堂,福,早保衛,32010087,2026/9/30,2020/9/14,2020/9/14
有限会社　ブロードウェイホールディングス,812-0021,福岡市博多区築港本町１３番６号,Ｃ棟　１Ｆ,092-735-1800,Ｂｒｏａｄｗａｙ　Ｃａｆｅ,飲食店営業,一般食堂,福,博保衛,32010308,2026/9/30,2020/9/15,2020/9/15
,810-0801,福岡市博多区中洲二丁目７番２９号,インフォスタービル　３階,092-262-6077,Ｌ’ｓｔｙｌｅ　ＤＯＵＢＬＥ,飲食店営業,一般食堂,福,博保衛,32020315,2026/9/30,2020/9/15,2008/8/27
,812-0013,福岡市博多区博多駅東二丁目１０番１２号,,,さつま香,飲食店営業,一般食堂,福,博保衛,32010229,2026/9/30,2020/9/15,2020/9/15
,812-0026,福岡市博多区上川端町４番２３－６号,武内ビル　４Ｆ,092-291-1014,スナック　ドン・レオ・あべ,飲食店営業,一般食堂,福,博保衛,32020316,2026/9/30,2020/9/15,1973/7/20
株式会社　宮本食鳥,812-0018,福岡市博多区住吉四丁目１２番１０号,,092-411-2331,（株）宮本食鳥,食肉処理業,食鳥肉処理,福,博保衛,32320001,2026/9/30,2020/9/15,1970/7/27
株式会社　エル三和,812-0863,福岡市博多区金の隈二丁目２０番６１号,,092-583-3213,株式会社　エル三和,食肉販売業,一般,福,博保衛,32340025,2026/9/30,2020/9/15,1996/7/25
,810-0801,福岡市博多区中洲四丁目５番５号,エーデル中洲　４階,092-262-9207,蒼唯,飲食店営業,一般食堂,福,博保衛,32020317,2026/9/30,2020/9/15,2008/9/3
石蔵酒造　株式会社,812-0043,福岡市博多区堅粕一丁目３０番１号,,092-633-5100,博多百年蔵,飲食店営業,一般食堂,福,博保衛,32020313,2026/9/30,2020/9/15,2008/9/1
株式会社　大庄,810-0801,福岡市博多区中洲三丁目７番１８号,,092-291-1711,日本海庄や,飲食店営業,一般食堂,福,博保衛,32020312,2026/9/30,2020/9/15,2002/7/5
株式会社　スタンス,812-0033,福岡市博多区大博町３番２８号,１階,,ＢＵＴＴＥＲ　ＵＰ,飲食店営業,主として喫茶,福,博保衛,32010236,2026/9/30,2020/9/15,2020/9/15
株式会社カイタックホールディングス,810-0023,福岡市中央区警固一丁目１５番３８号,,,カイタックスクエアガーデン　ポケットショップ③,飲食店営業,一般食堂,福,中保衛,32010403,2026/9/30,2020/9/15,2020/9/15
ＭＩＩＭＳＴＹ　ＬＵＣＫ株式会社,815-0031,福岡市南区清水三丁目２０番１５号,添田ビル２０１号,092-562-3655,３６５ＷＡＦＦＬＥ,菓子製造業,一般,福,南保衛,32060007,2026/9/30,2020/9/15,2014/7/8
,815-0032,福岡市南区塩原二丁目２番２－１０１号,,092-561-8011,焼鳥松高,飲食店営業,一般食堂,福,南保衛,32020090,2026/9/30,2020/9/15,2002/7/12
富士産業株式会社,814-0175,福岡市早良区田村二丁目１５番１号,,092-863-3978,福岡歯科大学　医科歯科総合病院,飲食店営業,一般食堂,福,早保衛,32010083,2026/9/30,2020/9/15,2020/9/15
株式会社ＭＫカフェ,819-0022,福岡市西区福重一丁目１３番５号,,,町家かふぇ　かまくら,菓子製造業,一般,福,西保衛,32060008,2026/9/30,2020/9/15,2014/9/12
株式会社　パワフルライフ,819-0015,福岡市西区愛宕四丁目２４番２４号,,092-882-5566,（株）パワフルライフ　ヘルスケアさわら店,飲食店営業,一般食堂,福,西保衛,32010059,2026/9/30,2020/9/15,2020/9/15
,810-0073,福岡市中央区舞鶴一丁目８番２６号,グランパーク天神　１０７号,092-791-5189,バー・キッチン,飲食店営業,バー,福,中保衛,32020247,2026/9/30,2020/9/16,2014/9/29
株式会社Ｋａｍｙｕ,810-0012,福岡市中央区白金一丁目９番８号,ブルク白金１Ｆ－Ｂ,,ＳＰＩＮＧ　ＣＡＦＥ,飲食店営業,一般食堂,福,中保衛,32010399,2026/9/30,2020/9/16,2020/9/16
株式会社川乃字,815-0031,福岡市南区清水四丁目６番５号,２Ｆ,092-562-9233,川乃字,食用油脂製造業,なし,福,南保衛,32390001,2026/9/30,2020/9/16,2020/9/16
,814-0143,福岡市城南区南片江三丁目１２番３９号,,092-873-4171,カフェレスト　みらいばこ,飲食店営業,一般食堂,福,城保衛,32020031,2026/9/30,2020/9/16,2008/7/30
,814-0151,福岡市城南区堤一丁目１０番２５号,,092-871-3890,Ｄｉｎｉｎｇ祥,飲食店営業,一般食堂,福,城保衛,32020032,2026/9/30,2020/9/16,2014/8/4
,814-0104,福岡市城南区別府五丁目７番６５号,弓の馬場ビル１８,092-841-6060,喫茶南風,飲食店営業,一般食堂,福,城保衛,32020033,2026/9/30,2020/9/16,1996/7/17
株式会社東京インテリア家具,819-0022,福岡市西区福重二丁目７番２８号,東京インテリア家具２階,092-777-1111,ＭＯＡｃａｆｅ,飲食店営業,一般食堂,福,西保衛,32010054,2026/9/30,2020/9/16,2020/9/16
株式会社　レーサム,812-0025,福岡市博多区店屋町５番９号,,092-292-2322,ＷｅＢａｓｅ　博多,飲食店営業,一般食堂,福,博保衛,32010258,2026/9/30,2020/9/17,2020/9/17
,812-0013,福岡市博多区博多駅東三丁目５番８号,サンエイビル　１Ｆ　１０２号,092-474-1991,とんやどんや博多駅東店,飲食店営業,一般食堂,福,博保衛,32010302,2026/9/30,2020/9/17,2020/9/17
,810-0801,福岡市博多区中洲三丁目７番２４号,ゲイツビル　８階,092-282-7255,ＵＮＤＥＲ　ＳＰＩＮ,飲食店営業,一般食堂,福,博保衛,32010314,2026/9/30,2020/9/17,2020/9/17
,810-0044,福岡市中央区六本松三丁目１番５８号,リード桜坂１Ｆ,092-717-7325,桜坂茶寮　かめ田,飲食店営業,一般食堂,福,中保衛,32020248,2026/9/30,2020/9/17,2014/7/29
,810-0003,福岡市中央区春吉二丁目６番１０号,第１小財ビル１Ｆ,092-712-0388,藁焼　みかん,飲食店営業,一般食堂,福,中保衛,32020251,2026/9/30,2020/9/17,2014/9/22
,810-0003,福岡市中央区春吉二丁目７番２２号,,092-731-2392,みそ汁若尾,飲食店営業,一般食堂,福,中保衛,32020250,2026/9/30,2020/9/17,2008/9/12
ザッカ商事有限会社,810-0062,福岡市中央区荒戸二丁目４番１７号,,092-738-0933,ファミリーマート荒戸二丁目店,飲食店営業,一般食堂,福,中保衛,32020249,2026/9/30,2020/9/17,2014/9/29
サントリービバレッジソリューション株式会社,810-0001,福岡市中央区天神二丁目１１番２号,,,西鉄福岡駅　３番ホーム　Ａコーナー,喫茶店営業,自動販売機,福,中保衛,32240013,2026/9/30,2020/9/17,1990/9/20
サントリービバレッジソリューション株式会社,810-0001,福岡市中央区天神二丁目１１番２号,,092-751-0194,西鉄天神福岡駅３番乗場Ｆコーナー,喫茶店営業,自動販売機,福,中保衛,32240015,2026/9/30,2020/9/17,2008/9/1
サントリービバレッジソリューション株式会社,810-0004,福岡市中央区渡辺通四丁目８番２８号,４Ｆ,092-734-9202,トヨタファイナンス（株）九州支店４Ｆ休憩所,喫茶店営業,自動販売機,福,中保衛,32240017,2026/9/30,2020/9/17,2008/8/1
サントリービバレッジソリューション株式会社,810-0014,福岡市中央区平尾二丁目２３５－６,,092-531-9131,西鉄平尾駅下り,喫茶店営業,自動販売機,福,中保衛,32240014,2026/9/30,2020/9/17,2008/8/1
サントリービバレッジソリューション株式会社,810-0001,福岡市中央区天神二丁目１３番７号,４Ｆ,092-771-9111,沖電気工業（株）九州支社事務所内,喫茶店営業,自動販売機,福,中保衛,32240016,2026/9/30,2020/9/17,2008/8/1
,814-0121,福岡市城南区神松寺一丁目２２番２０号,,092-874-5733,やきとり屋まる神,飲食店営業,一般食堂,福,城保衛,32020034,2026/9/30,2020/9/17,2002/9/3
有限会社カネトミ,814-0104,福岡市城南区別府二丁目１０番２４号,,092-821-4156,寿司割烹　江戸銀,飲食店営業,すし屋,福,城保衛,32020036,2026/9/30,2020/9/17,1986/8/4
,814-0104,福岡市城南区別府一丁目１番４号,,,カフェバー　セカンドガール,飲食店営業,一般食堂,福,城保衛,32020035,2026/9/30,2020/9/17,2014/9/1
,812-0024,福岡市博多区綱場町１番１号,,092-262-8332,セブンイレブン　博多綱場町店,飲食店営業,一般食堂,福,博保衛,32010294,2026/9/30,2020/9/18,2020/9/18
,812-0011,福岡市博多区博多駅前三丁目７番５号,山村ビル　１Ｆ,092-473-5330,噂のこの串かつあのおでん　博多駅前倶楽部,飲食店営業,一般食堂,福,博保衛,32010317,2026/9/30,2020/9/18,2020/9/18
,810-0801,福岡市博多区中洲三丁目６番７号,ギャラリーヤマモトビル　５階,092-262-5125,ＶＩＰ　金百合,飲食店営業,カフェー,福,博保衛,32020319,2026/9/30,2020/9/18,2014/9/12
株式会社警固ヤキトン,810-0023,福岡市中央区警固二丁目１４番５号,,092-731-4518,警固ヤキトン,飲食店営業,一般食堂,福,中保衛,32020254,2026/9/30,2020/9/18,2008/9/24
株式会社リブマックスフーズ,810-0041,福岡市中央区大名二丁目１１番２３号,ホテルリブマックス福岡天神ＷＥＳＴ　１Ｆ,092-717-2272,マックスカフェ福岡天神ＷＥＳＴ,飲食店営業,一般食堂,福,中保衛,32010434,2026/9/30,2020/9/18,2020/9/18
,810-0022,福岡市中央区薬院一丁目１１番１３号,正山ビル２階,,博多　ｏｋａｔｔｅ　ふじコ,飲食店営業,一般食堂,福,中保衛,32010368,2026/9/30,2020/9/18,2020/9/18
,810-0012,福岡市中央区白金二丁目１５番１３号,ロイヤル白金１００号,092-524-7221,Ｐｉａｔｔｏ　Ｍｉｔｓｕ,飲食店営業,一般食堂,福,中保衛,32010400,2026/9/30,2020/9/18,2020/9/18
株式会社戦国焼鳥家康,810-0001,福岡市中央区天神三丁目２番２６号,原田ビル１階南,092-821-5147,戦国焼鳥家康,飲食店営業,一般食堂,福,中保衛,32020253,2026/9/30,2020/9/18,1976/9/13
,810-0073,福岡市中央区舞鶴一丁目８番３０号,プリズモ２１－１階,092-713-1923,ＳＰＩＣＥ＆ＣＬＡＳＨ＆ＲＯＣＫ’Ｎ’ＲＯＬＬ　ｆｅａｔ．博多男前焼鳥　闇よだれ,飲食店営業,一般食堂,福,中保衛,32020255,2026/9/30,2020/9/18,2014/7/17
,814-0002,福岡市早良区西新一丁目７番１０号,,092-821-1154,逆いちょう,飲食店営業,一般食堂,福,早保衛,32020090,2026/9/30,2020/9/18,1996/9/2
有限会社エス・ロフト,814-0002,福岡市早良区西新五丁目１番１２号,,092-822-6770,炙りダイニング　奏宴,飲食店営業,一般食堂,福,早保衛,32020091,2026/9/30,2020/9/18,2008/9/22
株式会社 レパスト,811-0202,福岡市東区和白二丁目１６番３号,,,介護付有料老人ホームサンケア和白,飲食店営業,一般食堂,福,東保衛,32010080,2026/9/30,2020/9/23,2020/9/23
株式会社　Ｓｍａｌｌ　Ｆｌｏｃｋ,810-0801,福岡市博多区中洲三丁目６番７号,ギャラリーヤマモトビル　３階,,ＢＡＲ　ＪＯＫＥＲ,飲食店営業,バー,福,博保衛,32010270,2026/9/30,2020/9/23,2020/9/23
,812-0885,福岡市博多区相生町三丁目２番２４号,湖畔荘　１階　１０１号室,,スナック　ＥＭＥＲＡＬＤ,飲食店営業,バー,福,博保衛,32010319,2026/9/30,2020/9/23,2020/9/23
,812-0879,福岡市博多区銀天町一丁目５番２２号,エクセルＨＡＮＯビル　１階,092-582-0005,スナック　カレン,飲食店営業,バー,福,博保衛,32010332,2026/9/30,2020/9/23,2020/9/23
,812-0879,福岡市博多区銀天町一丁目５番２２号,エクセルＨＡＮＯビル　２Ｆ,092-582-7391,木の実,飲食店営業,バー,福,博保衛,32020320,2026/9/30,2020/9/23,2014/7/7
株式会社　マッシュアップクリエイト,812-0018,福岡市博多区住吉四丁目４番２５号,ＮａｇａｓｕＢＬＤ　２０２号,092-710-5815,ＭＡＳＨ　ＵＰ,飲食店営業,バー,福,博保衛,32010290,2026/9/30,2020/9/23,2020/9/23
カルチュア・コンビニエンス・クラブ　株式会社,812-0003,福岡市博多区下臼井７６７番１号,福岡空港国内線ターミナルビル　３Ｆ,092-627-1611,ＴＳＵＴＡＹＡ　ＢＯＯＫＳＴＯＲＥ　福岡空港,飲食店営業,一般食堂,福,博保衛,32010306,2026/9/30,2020/9/23,2020/9/23
Ｂｌａｎｃ.ｓｃ.株式会社,810-0028,福岡市中央区浄水通５番１０号　２Ｆ,,,Ｂｌａｎｃ.ｓｃ.株式会社,菓子製造業,一般,福,中保衛,32060017,2026/9/30,2020/9/23,2014/9/8
Ｂｌａｎｃ.ｓｃ.株式会社,810-0028,福岡市中央区浄水通５番１０号　２Ｆ,,,Ｂｌａｎｃ.ｓｃ.株式会社,アイスクリーム類製造業,一般,福,中保衛,32280003,2026/9/30,2020/9/23,2014/9/8
,810-0061,福岡市中央区西公園６番２２号,,092-713-2271,餃子居酒屋　紫おん,飲食店営業,一般食堂,福,中保衛,32010435,2026/9/30,2020/9/23,2020/9/23
株式会社ＳＯＬ　ＦＡＭＩＬＩＡ,810-0041,福岡市中央区大名一丁目１１番１５号,小谷ビル１－Ａ,092-734-1050,Ｗｅ　ＡＲＥ　ＲＥＡＤＹ,飲食店営業,一般食堂,福,中保衛,32010433,2026/9/30,2020/9/23,2020/9/23
株式会社エアティアラ,810-0073,福岡市中央区舞鶴三丁目２番２７号,サン舞鶴１０１,092-406-6718,すし良志,飲食店営業,すし屋,福,中保衛,32010363,2026/9/30,2020/9/23,2020/9/23
スターバックスコーヒージャパン株式会社,810-0001,福岡市中央区天神二丁目１１番３号,ソラリアステージビル１Ｆ,092-739-5631,スターバックスコーヒー天神ソラリアステージ店,飲食店営業,一般食堂,福,中保衛,32020256,2026/9/30,2020/9/23,2014/9/11
,815-0033,福岡市南区大橋一丁目２５番１４号,セレス大橋１－Ｃ号,092-542-2131,晴や,飲食店営業,そば屋,福,南保衛,32020093,2026/9/30,2020/9/23,2014/7/24
株式会社物語コーポレーション,819-0169,福岡市西区今宿西一丁目２５番５号,,092-834-9929,焼肉きんぐ福岡伊都店,飲食店営業,一般食堂,福,西保衛,32020061,2026/9/30,2020/9/23,2014/9/5
,812-0053,福岡市東区箱崎三丁目９番３３号,,092-631-0622,しろや本舗,菓子製造業,一般,福,東保衛,32050012,2026/9/30,2020/9/24,2020/9/24
,812-0053,福岡市東区箱崎三丁目８番４号,,,ｔｅ ｔｏ ｔｅ,飲食店営業,一般食堂,福,東保衛,32010095,2026/9/30,2020/9/24,2020/9/24
,812-0053,福岡市東区箱崎三丁目８番４号,,,ｔｅ ｔｏ ｔｅ,菓子製造業,一般,福,東保衛,32050011,2026/9/30,2020/9/24,2020/9/24
,812-0044,福岡市博多区千代三丁目１８番２－１０３号,市営新博多住宅　９棟　１４４号,,あっぷる,飲食店営業,一般食堂,福,博保衛,32010337,2026/9/30,2020/9/24,2020/9/24
合同会社　Ａｔｅｌｉｅｒ　Ｃｈｏｕ　Ｓｕｃｒｅｅ,812-0021,福岡市博多区築港本町１３番６号,ベイサイドプレイス　Ｃ棟　１Ｆ,092-292-8383,シュウシュクレ,菓子製造業,パン,福,博保衛,32050012,2026/9/30,2020/9/24,2020/9/24
合同会社　Ａｔｅｌｉｅｒ　Ｃｈｏｕ　Ｓｕｃｒｅｅ,812-0021,福岡市博多区築港本町１３番６号,ベイサイドプレイス　Ｃ棟　１Ｆ,092-292-8383,シュウシュクレ,飲食店営業,一般食堂,福,博保衛,32010320,2026/9/30,2020/9/24,2020/9/24
,810-0801,福岡市博多区中洲二丁目６番１２号,中洲セントラル第５ラインビル　７階　５号室,092-271-5060,ＭＳ．ＹＵＫＯ,飲食店営業,バー,福,博保衛,32010329,2026/9/30,2020/9/24,2020/9/24
株式会社　トゥルーワン,812-0018,福岡市博多区住吉一丁目２番２２号,キャナルシティ博多　５Ｆ　ラーメンスタジアム,092-263-6171,拉麺　久留米　本田商店,飲食店営業,一般食堂,福,博保衛,32010326,2026/9/30,2020/9/24,2020/9/24
有限会社　フードマン,812-0013,福岡市博多区博多駅東三丁目１２番２０号,駅東川上パーキング　１Ｆ,092-414-8815,七輪焼肉８８,飲食店営業,一般食堂,福,博保衛,32020321,2026/9/30,2020/9/24,2008/9/12
株式会社　Ｊａｒｄｉｎ,810-0801,福岡市博多区中洲二丁目６番１２号,中洲セントラル第５ラインビル　２階　１７，１８号室,092-262-8588,Ｃｌｕｂ　Ｋ,飲食店営業,カフェー,福,博保衛,32010335,2026/9/30,2020/9/24,2020/9/24
株式会社　炭寅コーポレーション,812-0012,福岡市博多区博多駅中央街４番２３号,オリエンタルホテル　Ｂ１Ｆ,092-292-1432,炭寅はなれ,食肉販売業,一般,福,博保衛,32330074,2026/9/30,2020/9/24,2020/9/24
株式会社カイタックトレーディング,810-0023,福岡市中央区警固一丁目１５番３４号,警固セントラルビル３０５,,ラゴーラ,飲食店営業,弁当屋,福,中保衛,32010412,2026/9/30,2020/9/24,2020/9/24
,810-0004,福岡市中央区渡辺通三丁目１番１号,ＴＫビル２Ｆ,092-406-8588,やきにく寿々,飲食店営業,一般食堂,福,中保衛,32010426,2026/9/30,2020/9/24,2020/9/24
株式会社ＩＷＣ,810-0022,福岡市中央区薬院三丁目３番８号,嘉村ビル２０２,092-791-2118,カフェデルタ,飲食店営業,一般食堂,福,中保衛,32010442,2026/9/30,2020/9/24,2020/9/24
株式会社たけちゃん,810-0075,福岡市中央区港二丁目７番１６号,レスペデザ大濠１Ｆ,,馬刺し専門店　たけちゃん,食肉販売業,一般,福,中保衛,32330074,2026/9/30,2020/9/24,2020/9/24
,810-0023,福岡市中央区警固一丁目１５番３１号,ウィンザー１０１号,,ＪＡＮＥ,飲食店営業,主として喫茶,福,中保衛,32010414,2026/9/30,2020/9/24,2020/9/24
株式会社札幌かに本家,815-0081,福岡市南区那の川二丁目１番１号,,092-534-0505,札幌かに本家福岡那の川店,魚介類販売業,一般,福,南保衛,32130008,2026/9/30,2020/9/24,2020/9/24
株式会社フルラッキーコーポレーション,814-0133,福岡市城南区七隈五丁目２１番８号,,092-864-1355,やきにく飛牛,食肉販売業,一般,福,城保衛,32330011,2026/9/30,2020/9/24,2020/9/24
合同会社Ａｔｅｌｉｅｒ　Ｃｈｏｕ　Ｓｕｃｒｅｅ,814-0133,福岡市城南区七隈四丁目９番１号,ムゲンビル１階,092-836-8855,唐しょう,飲食店営業,一般食堂,福,城保衛,32010028,2026/9/30,2020/9/24,2020/9/24
,814-0165,福岡市早良区次郎丸六丁目２番６６号,,092-871-8033,楽宴　０２６,飲食店営業,一般食堂,福,早保衛,32020092,2026/9/30,2020/9/24,2008/9/5
,814-0005,福岡市早良区祖原４番３号,みやびコーポ　１Ｆ,092-707-5724,ピッツェリア　チェント,飲食店営業,一般食堂,福,早保衛,32010070,2026/9/30,2020/9/24,2020/9/24
,814-0005,福岡市早良区祖原４番３号,みやびコーポ　１Ｆ,092-707-5724,ピッツェリア　チェント,菓子製造業,一般,福,早保衛,32050011,2026/9/30,2020/9/24,2020/9/24
株式会社ヒガシエイト,814-0005,福岡市早良区祖原１番１号,西新テングッドシティ　Ｂ１－５,092-707-5693,魚丼　西新店,飲食店営業,一般食堂,福,早保衛,32010088,2026/9/30,2020/9/24,2020/9/24
株式会社ヒガシエイト,814-0005,福岡市早良区祖原１番１号,西新テングッドシティ　Ｂ１－５,092-707-5693,魚丼　西新店,魚介類販売業,一般,福,早保衛,32130010,2026/9/30,2020/9/24,2020/9/24
,819-0015,福岡市西区愛宕一丁目１５番１８号,,,串ｃａｆｅたまねぎ,そうざい製造業,なし,福,西保衛,32570006,2026/9/30,2020/9/24,2020/9/24
,819-0015,福岡市西区愛宕一丁目１５番１８号,,,串ｃａｆｅたまねぎ,食肉販売業,一般,福,西保衛,32330016,2026/9/30,2020/9/24,2020/9/24
株式会社ヴィサージュ,819-0002,福岡市西区姪の浜四丁目１３番２１号,,,酔灯屋　姪浜店,飲食店営業,一般食堂,福,西保衛,32010066,2026/9/30,2020/9/24,2020/9/24
株式会社　峰松本家,812-0862,福岡市博多区立花寺一丁目９番３４号,,092-503-3687,峰松本家,食肉販売業,一般,福,博保衛,32330077,2026/9/30,2020/9/25,2020/9/25
,810-0033,福岡市中央区小笹一丁目４番２９号,,092-531-2405,小笹寿司,飲食店営業,すし屋,福,中保衛,32020258,2026/9/30,2020/9/25,1980/7/8
株式会社ＡＵＲＵＭ,810-0003,福岡市中央区春吉二丁目２番１１号,王丸コーポ１０１,092-791-5357,お姉さんの食堂,飲食店営業,一般食堂,福,中保衛,32010341,2026/9/30,2020/9/25,2020/9/25
,810-0001,福岡市中央区天神三丁目４番１５号,天神バッカス館３Ｆ,092-722-2755,ＦＯＸＹ’Ｓ,飲食店営業,一般食堂,福,中保衛,32010438,2026/9/30,2020/9/25,2020/9/25
株式会社イー・ティー・エス,811-1362,福岡市南区長住三丁目１番３号,ＫＳ長住ビル２Ｆ,092-553-5688,フレッシュネスバーガー長住店,飲食店営業,一般食堂,福,南保衛,32010083,2026/9/30,2020/9/25,2020/9/25
,814-0123,福岡市城南区長尾四丁目６番６号,,092-861-4869,とんかつ翁,飲食店営業,一般食堂,福,城保衛,32020039,2026/9/30,2020/9/25,1996/8/13
,814-0033,福岡市早良区有田三丁目８番１７号,,092-872-6238,ほっともっと福岡有田店,飲食店営業,弁当屋,福,早保衛,32010089,2026/9/30,2020/9/25,2020/9/25
ＪＲ九州ファーストフーズ株式会社,819-0002,福岡市西区姪の浜四丁目８番２号,,092-836-7075,シアトルズベストコーヒー姪浜店,飲食店営業,一般食堂,福,西保衛,32020063,2026/9/30,2020/9/25,2014/7/9
,819-0001,福岡市西区小戸三丁目４０番８号,,092-882-8822,アリワ,飲食店営業,一般食堂,福,西保衛,32020064,2026/9/30,2020/9/25,2002/9/10
有限会社Ｒｏｕｎｄ　Ｋｉｔｃｈｅｎ,819-0373,福岡市西区周船寺三丁目１２番２号,,092-807-0732,ダーツアンドガールズバー　スローライフ,飲食店営業,バー,福,西保衛,32010057,2026/9/30,2020/9/25,2020/9/25
株式会社ソニックスポーツ,819-0385,福岡市西区元岡７４４番地　伊都キャンパス,九州大学椎木講堂２Ｆ,092-807-0270,イトリー・イト,飲食店営業,レストラン,福,西保衛,32010058,2026/9/30,2020/9/25,2020/9/25
有限会社Ｒｏｕｎｄ　Ｋｉｔｃｈｅｎ,819-0167,福岡市西区今宿三丁目２３番３号,,092-807-0286,居酒屋もっこり,飲食店営業,一般食堂,福,西保衛,32010056,2026/9/30,2020/9/25,2020/9/25
株式会社Ａｔｏｍｉｃ　Ｈｅａｒｔ,813-0013,福岡市東区香椎駅前一丁目１２番６号,,092-609-9263,やまと,飲食店営業,一般食堂,福,東保衛,32010091,2026/9/30,2020/9/28,2020/9/28
有限会社　三森,810-0801,福岡市博多区中洲二丁目５番５号,中洲第一ビル　８階　８０３号室,092-262-8531,カレン,飲食店営業,カフェー,福,博保衛,32010316,2026/9/30,2020/9/28,2020/9/28
合同会社　ゴージャス,810-0801,福岡市博多区中洲三丁目６番１５号,会楽園ビル　１階　Ｂ号室,092-292-7497,Ｃｌｕｂ　Ｃｌｏｖｅｒ,飲食店営業,カフェー,福,博保衛,32010203,2026/9/30,2020/9/28,2020/9/28
,812-0011,福岡市博多区博多駅前二丁目６番１５号,オクターブ博多駅前ビル　Ｂ１Ｆ,092-482-5651,華彩,飲食店営業,一般食堂,福,博保衛,32010288,2026/9/30,2020/9/28,2020/9/28
,810-0801,福岡市博多区中洲三丁目２番１２号,第３ラインビル　地下１階,092-281-5422,きっちんらうんじ　酔壱ない,飲食店営業,一般食堂,福,博保衛,32020322,2026/9/30,2020/9/28,2014/8/20
株式会社ＵＰＲＯＡＤ　ＤＩＮＩＮＧ,810-0022,福岡市中央区薬院三丁目１番１４号,レガリータ薬院１Ｆ,092-406-8960,ももや精肉堂　薬院本店,飲食店営業,一般食堂,福,中保衛,32010436,2026/9/30,2020/9/28,2020/9/28
,810-0041,福岡市中央区大名一丁目９番１５－１号,井原共同ビル２Ｆ,092-231-2544,魚番星,飲食店営業,一般食堂,福,中保衛,32010454,2026/9/30,2020/9/28,2020/9/28
,810-0002,福岡市中央区西中洲５番２０号,ＭＫホテルズ２０２号,,自然派ワインバル　花,飲食店営業,バー,福,中保衛,32010371,2026/9/30,2020/9/28,2020/9/28
,810-0022,福岡市中央区薬院二丁目６番８号,プラム薬院Ⅱ　３０２号室,,ｒｉｎａ’ｓ　ｇｌｕｔｅｎ－ｆｒｅｅ　ｓａｌｏｎ,菓子製造業,一般,福,中保衛,32050057,2026/9/30,2020/9/28,2020/9/28
株式会社プラスワン,810-0004,福岡市中央区渡辺通三丁目５番１１号,,092-791-1231,ｒｅｊｏｙｃｅ,飲食店営業,一般食堂,福,中保衛,32010425,2026/9/30,2020/9/28,2020/9/28
株式会社ミチツクル,810-0041,福岡市中央区大名二丁目３番５号,,092-739-8050,ワイン食堂根　大名店,飲食店営業,一般食堂,福,中保衛,32020261,2026/9/30,2020/9/28,2014/9/12
株式会社喰道楽,811-1344,福岡市南区三宅二丁目１番５号,,,博多とよ唐亭　三宅店,飲食店営業,弁当屋,福,南保衛,32010082,2026/9/30,2020/9/28,2020/9/28
ウオクニ株式会社,811-1352,福岡市南区鶴田一丁目２番５７号,,092-565-3446,山本設備工業（株）やよい坂寮,飲食店営業,一般食堂,福,南保衛,32020094,2026/9/30,2020/9/28,1991/8/3
,814-0153,福岡市城南区樋井川三丁目６番１－１０８号,,,明治館,飲食店営業,一般食堂,福,城保衛,32020040,2026/9/30,2020/9/28,2014/8/21
一冨士フードサービス株式会社,814-0175,福岡市早良区田村二丁目１５番１号,,092-864-2569,４６８１事業所,飲食店営業,一般食堂,福,早保衛,32010084,2026/9/30,2020/9/28,2020/9/28
株式会社ＴＯＲＡＩＳＭ,819-0022,福岡市西区福重五丁目３番６号,,092-231-2530,西のトラノヤ,飲食店営業,一般食堂,福,西保衛,32010060,2026/9/30,2020/9/28,2020/9/28
,810-0801,福岡市博多区中洲三丁目３番１０号,第２多門ビル　３階,092-261-5116,ラグーン,飲食店営業,一般食堂,福,博保衛,32020323,2026/9/30,2020/9/29,2008/7/30
,812-0026,福岡市博多区上川端町４番２３６号,武内ビル　３Ｆ,,SOLARIS,飲食店営業,バー,福,博保衛,32010342,2026/9/30,2020/9/29,2020/9/29
,810-0073,福岡市中央区舞鶴二丁目７番１５号,ＡＲＩＫＡＷＡビル１Ｆ,092-732-3347,焼鳥　八朔,飲食店営業,一般食堂,福,中保衛,32010445,2026/9/30,2020/9/29,2020/9/29
株式会社ワイエムティー,810-0075,福岡市中央区港三丁目１番５０号,,092-791-8583,玄界灘漁師会,飲食店営業,弁当屋,福,中保衛,32010444,2026/9/30,2020/9/29,2020/9/29
,810-0001,福岡市中央区天神三丁目４番１７号,天神ウイング１　Ｂ１Ｆ,092-707-2900,ホライゾン,飲食店営業,バー,福,中保衛,32010452,2026/9/30,2020/9/29,2020/9/29
Ｐｕｐｉｌ株式会社,810-0041,福岡市中央区大名一丁目４番２８号,,092-739-9105,台所ようは,飲食店営業,一般食堂,福,中保衛,32010456,2026/9/30,2020/9/29,2020/9/29
合同会社セカンドライフ,811-1302,福岡市南区井尻四丁目２番４０号,,092-707-9866,タメル　バザール,飲食店営業,一般食堂,福,南保衛,32010086,2026/9/30,2020/9/29,2020/9/29
,814-0171,福岡市早良区野芥四丁目４８番１７号,,,伍福,飲食店営業,一般食堂,福,早保衛,32010090,2026/9/30,2020/9/29,2020/9/29
株式会社ＴＡＳＨＩＲＯ,819-0374,福岡市西区千里４１８番地１,ハローパーク周船寺店内,,めい泉,飲食店営業,一般食堂,福,西保衛,32010067,2026/9/30,2020/9/29,2020/9/29
有限会社葛正,819-0002,福岡市西区姪の浜二丁目６番３号,,092-891-3002,ほっともっと姪浜店,飲食店営業,弁当屋,福,西保衛,32010064,2026/9/30,2020/9/29,2020/9/29
株式会社ＳＴＣ,819-0001,福岡市西区小戸二丁目１２番３０号,マリノアシティ福岡マリナサイド北棟１階,092-407-8706,北海道うまいもの館,飲食店営業,一般食堂,福,西保衛,32010065,2026/9/30,2020/9/29,2020/9/29
,812-0053,福岡市東区箱崎二丁目３９番９号,,,Ｌｅｔ’ｓ　Ｓｉｎｇ　ｈｏｕｓｅ　Ｊａｆｙ’ｓ,飲食店営業,一般食堂,福,東保衛,32020094,2026/9/30,2020/9/30,2014/7/24
株式会社　福ふく,812-0881,福岡市博多区井相田一丁目１０番４号,スピリッツ井相田Ⅱ,092-591-3499,福ふく　井相田店,飲食店営業,弁当屋,福,博保衛,32010333,2026/9/30,2020/9/30,2020/9/30
株式会社　福ふく,812-0881,福岡市博多区井相田一丁目１０番４号,スピリッツ井相田Ⅱ,092-591-3499,福ふく　井相田店,そうざい製造業,なし,福,博保衛,32570011,2026/9/30,2020/9/30,2020/9/30
有限会社　ぢどり屋,812-0045,福岡市博多区東公園２番２８号,,092-651-5066,ぢどり屋　吉塚駅前店,食肉販売業,一般,福,博保衛,32330080,2026/9/30,2020/9/30,2020/9/30
株式会社　ベイクルーズ,812-0011,福岡市博多区博多駅前二丁目２０番１号,大博多ビル　１Ｆ,092-432-1580,ＢＯＵＬ’ＡＮＧＥ,菓子製造業,一般,福,博保衛,32050013,2026/9/30,2020/9/30,2020/9/30
株式会社　ベイクルーズ,812-0011,福岡市博多区博多駅前二丁目２０番１号,大博多ビル　１Ｆ,092-432-1580,ＢＯＵＬ’ＡＮＧＥ,飲食店営業,主として喫茶,福,博保衛,32010325,2026/9/30,2020/9/30,2020/9/30
九州旅客鉄道　株式会社,,列車内（博多～鹿児島中央～宮崎～大分～博多～長崎）,,,３６ぷらす３,飲食店営業,一般食堂,福,博保衛,32010349,2026/9/30,2020/9/30,2020/9/30
合資会社ＣＩＥＬＯ,810-0002,福岡市中央区西中洲１番１４号,プロスペリタ西中洲３Ｆ,092-751-8533,博多空とぶ豚,飲食店営業,一般食堂,福,中保衛,32020262,2026/9/30,2020/9/30,2014/8/8
,810-0021,福岡市中央区今泉一丁目３番２３号,セルクル今泉２０４号,050-5806-9796,パーラー三芳,飲食店営業,一般食堂,福,中保衛,32020263,2026/9/30,2020/9/30,2014/9/19
ホテルモントレ株式会社,810-0004,福岡市中央区渡辺通三丁目４番１３号,ホテルモントレ福岡３Ｆ,092-734-7111,ホテルモントレ福岡宴会場,そうざい製造業,なし,福,中保衛,32570019,2026/9/30,2020/9/30,2020/9/30
長崎インターナショナルホテル株式会社,810-0004,福岡市中央区渡辺通五丁目１４番５号,カンデオホテルズ福岡天神１階,092-781-3355,コメダ珈琲店　福岡渡辺通り５丁目店,飲食店営業,一般食堂,福,中保衛,32010439,2026/9/30,2020/9/30,2020/9/30
株式会社フィールドサービス,810-0001,福岡市中央区天神一丁目１０番１３号,,,ゆーまーと　天神店,飲食店営業,一般食堂,福,中保衛,32010451,2026/9/30,2020/9/30,2020/9/30
,810-0044,福岡市中央区六本松二丁目２番１０号,,,鮨　安東,飲食店営業,すし屋,福,中保衛,32010405,2026/9/30,2020/9/30,2020/9/30
,811-1362,福岡市南区長住三丁目１番１号,ブレス金子１０２号,092-555-2666,くまのや,飲食店営業,一般食堂,福,南保衛,32020096,2026/9/30,2020/9/30,2014/9/4
合同会社ホワイトグローブ,815-0031,福岡市南区清水一丁目２４番３０号,,,ハカタバインミーマーケット,飲食店営業,弁当屋,福,南保衛,32010085,2026/9/30,2020/9/30,2020/9/30
,811-1313,福岡市南区曰佐二丁目２７番２７号,松尾ビル１０５号,092-572-6603,ＣＲＡＹＯＮ,飲食店営業,一般食堂,福,南保衛,32020095,2026/9/30,2020/9/30,2014/7/14
,813-0042,福岡市東区舞松原二丁目１２番１２号,,092-681-5855,みのる,飲食店営業,一般食堂,福,東保衛,32010093,2026/9/30,2020/10/1,2020/10/1
株式会社　はやと,812-0011,福岡市博多区博多駅前三丁目１０番２６号,スコーレ博多　１Ｆ　１０１号,092-287-4309,焼肉　はやと,飲食店営業,一般食堂,福,博保衛,32010347,2026/9/30,2020/10/1,2020/10/1
,810-0011,福岡市中央区高砂二丁目１２番３１号,原田ビル１Ｆ,092-522-9249,焼肉はやと,飲食店営業,一般食堂,福,中保衛,32010458,2026/9/30,2020/10/1,2020/10/1
,814-0011,福岡市早良区高取一丁目１番５号,濱崎ビル　２Ｆ,,てるｓｕｎ,飲食店営業,一般食堂,福,早保衛,32010093,2026/9/30,2020/10/1,2020/10/1
株式会社トライアルカンパニー,819-0167,福岡市西区今宿三丁目４番３６号,,092-805-3199,ＴＲＩＡＬｓｍａｒｔ今宿店,飲食店営業,そうざい,福,西保衛,32010062,2026/9/30,2020/10/1,2020/10/1
株式会社トライアルカンパニー,819-0167,福岡市西区今宿三丁目４番３６号,,092-805-3199,ＴＲＩＡＬｓｍａｒｔ今宿店,飲食店営業,すし屋,福,西保衛,32010063,2026/12/31,2020/10/1,2020/10/1
株式会社トライアルカンパニー,819-0167,福岡市西区今宿三丁目４番３６号,,092-805-3199,ＴＲＩＡＬｓｍａｒｔ今宿店,魚介類販売業,一般,福,西保衛,32130011,2026/9/30,2020/10/1,2020/10/1
株式会社トライアルカンパニー,819-0167,福岡市西区今宿三丁目４番３６号,,092-805-3199,ＴＲＩＡＬｓｍａｒｔ今宿店,食肉販売業,一般,福,西保衛,32330017,2026/9/30,2020/10/1,2020/10/1
,812-0054,福岡市東区馬出四丁目９番１号,,092-651-7300,ミニストップ福岡馬出４丁目店,飲食店営業,一般食堂,福,東保衛,32010096,2026/12/31,2020/10/2,2020/10/2
,810-0801,福岡市博多区中洲二丁目１番１１号,プレイスポットしんばしビル　５階　５０８号室,,アイラ,飲食店営業,バー,福,博保衛,32010242,2026/12/31,2020/10/2,2020/10/2
,810-0801,福岡市博多区中洲三丁目６番７号,ギャラリーヤマモトビル　３階　６号室,,ｂａｒ　ｓｉｘ,飲食店営業,バー,福,博保衛,32010356,2026/12/31,2020/10/2,2020/10/2
,812-0011,福岡市博多区博多駅前四丁目１０番１号,博多エサキビル　２Ｆ,,ダメヤ,飲食店営業,一般食堂,福,博保衛,32010345,2026/12/31,2020/10/2,2020/10/2
,812-0011,福岡市博多区博多駅前四丁目１０番１号,博多エサキビル　２Ｆ,,ダメヤ,食品の冷凍又は冷蔵業,なし,福,博保衛,32190007,2026/12/31,2020/10/2,2020/10/2
株式会社　サンリブ,812-0044,福岡市博多区千代三丁目３番２８号,,,１１１　マルショク千代町店,飲食店営業,弁当屋,福,博保衛,32010334,2026/12/31,2020/10/2,2020/10/2
株式会社　サンリブ,812-0044,福岡市博多区千代三丁目３番２８号,,,１１１　マルショク千代町店,魚介類販売業,一般,福,博保衛,32130021,2026/12/31,2020/10/2,2020/10/2
有限会社とどろき酒店,810-0012,福岡市中央区白金一丁目１６番４号,コレンテいのくちビル１Ｆ,092-753-8311,とどろき酒店　薬院ｓｔａｎｄ！,飲食店営業,一般食堂,福,中保衛,32010455,2026/12/31,2020/10/2,2020/10/2
株式会社Ｄ．Ｔ．Ｌ．Ａ,810-0026,福岡市中央区古小烏町８１番３号,シャンボール桜坂１０２号,,カフェナイン,菓子製造業,一般,福,中保衛,32050061,2026/12/31,2020/10/2,2020/10/2
,810-0004,福岡市中央区渡辺通四丁目２番２２号,渡辺通店舗２Ｆ,,ＳＵＧＡＲ　ＳＰＯＴ,飲食店営業,一般食堂,福,中保衛,32010446,2026/12/31,2020/10/2,2020/10/2
,814-0002,福岡市早良区西新一丁目１２番２３号,,,母の味　小料理　さとみ,飲食店営業,一般食堂,福,早保衛,32010092,2026/12/31,2020/10/2,2020/10/2
株式会社　オフィス英國屋,810-0801,福岡市博多区中洲四丁目１番３５号,第２タワービル　３階,092-272-1855,メンバーズ　英國屋,飲食店営業,カフェー,福,博保衛,32010362,2026/12/31,2020/10/5,2020/10/5
,810-0801,福岡市博多区中洲三丁目７番１０号,若松ビル　４階　Ｅ号室,,ｔｈｅ　ＢＡＲ,飲食店営業,バー,福,博保衛,32010338,2026/12/31,2020/10/5,2020/10/5
,812-0011,福岡市博多区博多駅前一丁目７番５－１号,,,博多焼肉　結,飲食店営業,一般食堂,福,博保衛,32010355,2026/12/31,2020/10/5,2020/10/5
株式会社まつや,810-0042,福岡市中央区赤坂一丁目１１番１７号,赤坂ウイングアネックスＢ１Ｆ,092-791-7747,檸檬,飲食店営業,一般食堂,福,中保衛,32010457,2026/12/31,2020/10/5,2020/10/5
,815-0042,福岡市南区若久六丁目３６番１２号,,092-531-0005,ａｂｅｋｉ,菓子製造業,一般,福,南保衛,32050016,2026/12/31,2020/10/5,2020/10/5
,814-0151,福岡市城南区堤一丁目１３番３６号,プラモール８８　１０３,,ブランジェリー　アンジュ,菓子製造業,パン,福,城保衛,32050003,2026/12/31,2020/10/5,2020/10/5
,811-0213,福岡市東区和白丘四丁目１番２号,,,贅沢生食パン工房 鎌倉屋,飲食店営業,弁当屋,福,東保衛,32010076,2026/12/31,2020/10/6,2020/10/6
,811-0213,福岡市東区和白丘四丁目１番２号,,,贅沢生食パン工房 鎌倉屋,菓子製造業,パン,福,東保衛,32050007,2026/12/31,2020/10/6,2020/10/6
株式会社 ドミノ・ピザジャパン,813-0016,福岡市東区香椎浜三丁目１２番１号,,092-663-7222,ドミノ・ピザ　イオンモール香椎浜店,飲食店営業,仕出し,福,東保衛,32010102,2026/12/31,2020/10/6,2020/10/6
栄信ホールディングス　株式会社,810-0801,福岡市博多区中洲二丁目３番５号,中洲会館　５階　５０５号室,,クエスチョン,飲食店営業,バー,福,博保衛,32010363,2026/12/31,2020/10/6,2020/10/6
株式会社　ヒューバンク,812-0018,福岡市博多区住吉五丁目５番１５号,住吉パークサイドビル　３Ｆ,092-402-0543,住吉ワイン倶楽部,飲食店営業,一般食堂,福,博保衛,32010343,2026/12/31,2020/10/6,2020/10/6
,810-0801,福岡市博多区中洲二丁目５番１３号,第２ラインビル　２階　１号室,092-283-1260,ＣＬＵＢ　ＭＩＲＡＧＥ,飲食店営業,カフェー,福,博保衛,32010354,2026/12/31,2020/10/6,2020/10/6
,812-0883,福岡市博多区南本町一丁目３番１１号,松隈ビル　２Ｆ　２０４号室,092-558-6226,Ｎｉｇｈｔ　Ｌｉｆｅ,飲食店営業,バー,福,博保衛,32010358,2026/12/31,2020/10/6,2020/10/6
株式会社　アイティスグランデ,810-0801,福岡市博多区中洲二丁目５番５号,中洲第一ビル　３階　３０１号室,092-710-5959,バーアイティス,飲食店営業,カフェー,福,博保衛,32010350,2026/12/31,2020/10/6,2020/10/6
,813-0003,福岡市東区香住ケ丘六丁目３９番２２号,,,天使の拍手,飲食店営業,一般食堂,福,東保衛,32010052,2026/12/31,2020/10/7,2020/10/7
ハーモナイズ・エンターテイメントサービス　株式会社,810-0801,福岡市博多区中洲四丁目２番１４号,グラン中洲ビル　５階　５０５，５０６号室,,艶やかに華やかに,飲食店営業,カフェー,福,博保衛,32010262,2026/12/31,2020/10/7,2020/10/7
株式会社　彩和,810-0801,福岡市博多区中洲四丁目１番３３号,第一タワービル　３階　Ｂ号室,,スナック　珠花,飲食店営業,バー,福,博保衛,32010364,2026/12/31,2020/10/7,2020/10/7
,810-0801,福岡市博多区中洲二丁目６番７号,ジョイフルヤマモトビル　６階　１号室,092-409-2320,Ｓｏｕｔｈ．,飲食店営業,バー,福,博保衛,32010282,2026/12/31,2020/10/7,2020/10/7
ＳＯＬ　ＬＥＡＧＵＥ株式会社,810-0004,福岡市中央区渡辺通二丁目３番３２号,三角市場内,,博多酒場　ソルリバ,飲食店営業,一般食堂,福,中保衛,32010480,2026/12/31,2020/10/7,2020/10/7
株式会社ＩｎｆｉｎｉｔｅＰ,810-0003,福岡市中央区春吉三丁目５番４号,キューブ春吉アクア３Ｆ－Ｂ,092-753-7998,灯火,飲食店営業,一般食堂,福,中保衛,32010477,2026/12/31,2020/10/7,2020/10/7
,810-0801,福岡市博多区中洲二丁目７番１６号,あづまビル　４階　Ａ号室,,Ｂａｒ　Ｍ’ｓ＆ｐｈｉｌｉｐｐｉｎｅ　Ｒｅｓｔａｕｒａｎｔ,飲食店営業,バー,福,博保衛,32010340,2026/12/31,2020/10/8,2020/10/8
ヴィレッジエンターテイメント合同会社,810-0073,福岡市中央区舞鶴一丁目８番４０号,ビーンズビル２Ｆ,,ＱＵＥＥＮ　ＨＥＡＲＴＳ,飲食店営業,バー,福,中保衛,32010482,2026/12/31,2020/10/8,2020/10/8
株式会社親互,810-0001,福岡市中央区天神二丁目１１番１号,福岡ＰＡＲＣＯ地下１階,,小浜ちゃんぽん　鉄蔵,飲食店営業,一般食堂,福,中保衛,32010481,2026/12/31,2020/10/8,2020/10/8
,810-0011,福岡市中央区高砂二丁目１３番６号,１Ｆ,092-791-8844,ｍａｍａ　ｃｕｒｒｙ,飲食店営業,一般食堂,福,中保衛,32010473,2026/12/31,2020/10/8,2020/10/8
,811-1356,福岡市南区花畑一丁目４５番３７号,,,居酒屋　小太郎,飲食店営業,一般食堂,福,南保衛,32010087,2026/12/31,2020/10/8,2020/10/8
丸石株式会社,814-0002,福岡市早良区西新四丁目９番１４号,あっぱれビル　１Ｆ（西側）,092-851-0017,ｎａｎａｃｈａ　西新店,飲食店営業,一般食堂,福,早保衛,32010091,2026/12/31,2020/10/8,2020/10/8
,812-0016,福岡市博多区博多駅南四丁目１２番２７号,駅南久栄コーポ　１Ｆ,092-474-6932,ベトナム料理　南十字星,飲食店営業,一般食堂,福,博保衛,32010360,2026/12/31,2020/10/9,2020/10/9
株式会社フォーチュンレストランツ,810-0023,福岡市中央区警固二丁目１５番３号,キャナリー警固本通り２Ｆ,092-707-1619,炭と鉄板　悠Ｋｉｔｃｈｅｎ,飲食店営業,一般食堂,福,中保衛,32010443,2026/12/31,2020/10/9,2020/10/9
,810-0042,福岡市中央区赤坂二丁目３番２８号,,092-712-0745,カンティーナ赤坂,飲食店営業,一般食堂,福,中保衛,32010471,2026/12/31,2020/10/9,2020/10/9
有限会社エフケイケイ,810-0071,福岡市中央区那の津一丁目７番５号,３Ｆ,092-741-1281,売店３,飲食店営業,一般食堂,福,中保衛,32010476,2026/12/31,2020/10/9,2020/10/9
株式会社ディスタンス,815-0032,福岡市南区塩原三丁目１５番１１号,岡ビル１Ｆ,092-555-2930,あうる,飲食店営業,一般食堂,福,南保衛,32010090,2026/12/31,2020/10/9,2020/10/9
株式会社ＯＤＯＮ,815-0082,福岡市南区大楠三丁目２１番５号,高宮東ビル１Ｆ,092-525-0055,おどん,飲食店営業,一般食堂,福,南保衛,32010021,2026/12/31,2020/10/9,2020/10/9
,814-0142,福岡市城南区片江五丁目１０番６号,,,かっぱ食堂,飲食店営業,一般食堂,福,城保衛,32010030,2026/12/31,2020/10/9,2020/10/9
株式会社ベンナーズ,813-0018,福岡市東区香椎浜ふ頭二丁目３番１号,,092-692-2033,株式会社ベンナーズ,食品の冷凍又は冷蔵業,なし,福,東保衛,32190006,2026/12/31,2020/10/12,2020/10/12
株式会社ベンナーズ,813-0018,福岡市東区香椎浜ふ頭二丁目３番１号,,092-692-2033,株式会社ベンナーズ,魚介類販売業,一般,福,東保衛,32130010,2026/12/31,2020/10/12,2020/10/12
株式会社　一家,812-0018,福岡市博多区住吉三丁目１８番１８号,,092-282-8808,セブン－イレブン博多住吉橋店,飲食店営業,一般食堂,福,博保衛,32010377,2026/12/31,2020/10/12,2020/10/12
,812-0017,福岡市博多区美野島二丁目１８番３号,,092-415-1581,ストライプス,飲食店営業,主として喫茶,福,博保衛,32010248,2026/12/31,2020/10/12,2020/10/12
,812-0017,福岡市博多区美野島二丁目１８番３号,,092-415-1581,ストライプス,菓子製造業,一般,福,博保衛,32050011,2026/12/31,2020/10/12,2020/10/12
Ｃｉｐｈｅｒ　Ｔｈａｗｒａ　株式会社,810-0801,福岡市博多区中洲五丁目２番１号,Ｊパーク中洲ビル　３階,050-2018-1941,膳屋／マシェール,飲食店営業,一般食堂,福,博保衛,32010374,2026/12/31,2020/10/12,2020/10/12
株式会社キュリアス・マインズ,810-0073,福岡市中央区舞鶴一丁目９番９号,ラシュールイン天神１階,092-791-8233,株式会社キュリアス・マインズ舞鶴店,飲食店営業,弁当屋,福,中保衛,32010461,2026/12/31,2020/10/12,2020/10/12
,810-0041,福岡市中央区大名一丁目１２番５２号,ＣＥＰＡビル１０２,,こだわり酒場　とみ〇,飲食店営業,一般食堂,福,中保衛,32010478,2026/12/31,2020/10/12,2020/10/12
株式会社一家,810-0042,福岡市中央区赤坂一丁目９番２２号,,092-715-2574,セブンイレブン　赤坂１丁目店,飲食店営業,一般食堂,福,中保衛,32010492,2026/12/31,2020/10/12,2020/10/12
栄信ホールディングス株式会社,810-0002,福岡市中央区西中洲５番２０号,２Ｆ,092-711-7969,西中洲　暮緒,飲食店営業,一般食堂,福,中保衛,32010460,2026/12/31,2020/10/12,2020/10/12
,810-0801,福岡市博多区中洲二丁目６番２３号,コウフクビル　１階,092-409-1551,さんかくしかく,飲食店営業,一般食堂,福,博保衛,32010370,2026/12/31,2020/10/13,2020/10/13
,812-0026,福岡市博多区上川端町４番２３５号,１Ｆ,092-271-6680,味処　いづみ,飲食店営業,一般食堂,福,博保衛,32010339,2026/12/31,2020/10/13,2020/10/13
株式会社　力の源カンパニー,812-0015,福岡市博多区山王二丁目２番７号,,092-436-3311,株式会社力の源カンパニー　福岡工場　製麺工場,食品の冷凍又は冷蔵業,なし,福,博保衛,32190009,2026/12/31,2020/10/13,2020/10/13
有限会社アツキ,810-0004,福岡市中央区渡辺通五丁目２４番３７号,天神第５レジデンス江崎２Ｆ,092-406-5334,やきとり　安兵衛　天神店,飲食店営業,一般食堂,福,中保衛,32010437,2026/12/31,2020/10/13,2020/10/13
株式会社ｗａｋｕｗａｋｕ　ｍａｎｉａ,810-0002,福岡市中央区西中洲５番１７号,ＡＥＲ西中洲２Ｆ,,Ｗ,飲食店営業,一般食堂,福,中保衛,32010491,2026/12/31,2020/10/13,2020/10/13
株式会社パノラマ,810-0041,福岡市中央区大名二丁目１番５０号,大名Ｏ．Ｎ．Ｏ．ビル２Ｆ,092-751-2189,酒場のシャトル,魚介類販売業,一般,福,中保衛,32130036,2026/12/31,2020/10/13,2020/10/13
株式会社マーケティングアプリケーションズ,810-0041,福岡市中央区大名二丁目２番４８号,１階,092-406-5847,ｏｔｏｎａｒｉ屋,飲食店営業,一般食堂,福,中保衛,32010474,2026/12/31,2020/10/13,2020/10/13
S.H.N株式会社,810-0001,福岡市中央区天神二丁目７番６号,ＤＡＤＡビルＢ１Ｆ,050-2018-8001,トロ壱　天神店,飲食店営業,一般食堂,福,中保衛,32010489,2026/12/31,2020/10/13,2020/10/13
あらいフードサービス株式会社,813-0011,福岡市東区香椎六丁目１番３３号,,,博多一番どりテイクアウトあらい香椎神宮前店,飲食店営業,弁当屋,福,東保衛,32010103,2026/12/31,2020/10/14,2020/10/14
,810-0801,福岡市博多区中洲三丁目５番１０号,ジョイパックビル　地下１階,,蜜,飲食店営業,カフェー,福,博保衛,32010357,2026/12/31,2020/10/14,2020/10/14
,810-0801,福岡市博多区中洲二丁目３番１号,中洲Ｆビル　５階　５０５，５０６号室,,ＡＬ－ｍａｕｊ　ｃｌｕｂ　水沢,飲食店営業,カフェー,福,博保衛,32010299,2026/12/31,2020/10/14,2020/10/14
,810-0042,福岡市中央区赤坂二丁目３番２８号,シャンブル赤坂２Ｆ,092-519-1517,ｖｉｎｏ　ｅ　ｃｉｂｏ　ＮＡＢＵＲＡ,飲食店営業,一般食堂,福,中保衛,32010497,2026/12/31,2020/10/14,2020/10/14
,815-0082,福岡市南区大楠二丁目１５番１５号,コーポアイリス１階,092-231-0438,喫茶　薔薇とイワシ,飲食店営業,一般食堂,福,南保衛,32010089,2026/12/31,2020/10/14,2020/10/14
,814-0101,福岡市城南区荒江一丁目２４番１４号,,092-847-8228,Ama's　Kitchen,飲食店営業,一般食堂,福,城保衛,32010020,2026/12/31,2020/10/14,2020/10/14
株式会社松幸,814-0012,福岡市早良区昭代一丁目２番１５号,,092-400-0240,是魚日,飲食店営業,一般食堂,福,早保衛,32010097,2026/12/31,2020/10/14,2020/10/14
株式会社第一食品,814-0011,福岡市早良区高取一丁目１番４９号,,,（株）第一食品　ココファン福岡西新事業所,飲食店営業,一般食堂,福,早保衛,32010098,2026/12/31,2020/10/14,2020/10/14
株式会社すかいらーくレストランツ,814-0022,福岡市早良区原二丁目１４番１２号,,092-852-1061,しゃぶ葉　原店,食肉販売業,一般,福,早保衛,32330015,2026/12/31,2020/10/14,2020/10/14
有限会社ヴァルハラ,813-0043,福岡市東区名島三丁目２７番３号,,092-710-8558,餃子の武蔵　名島店,飲食店営業,一般食堂,福,東保衛,32010109,2026/12/31,2020/10/15,2020/10/15
ＭＡＴＡＮＩＣＡ合同会社,813-0044,福岡市東区千早四丁目１２番３６号,村上ビル１Ｆ１０１,,ＣＨＩＨＡＹＡ　ＬＡＮＤ,菓子製造業,一般,福,東保衛,32050010,2026/12/31,2020/10/15,2020/10/15
ＭＡＴＡＮＩＣＡ合同会社,813-0044,福岡市東区千早四丁目１２番３６号,村上ビル１Ｆ１０１,,ＣＨＩＨＡＹＡ　ＬＡＮＤ,食品の冷凍又は冷蔵業,なし,福,東保衛,32190005,2026/12/31,2020/10/15,2020/10/15
,810-0801,福岡市博多区中洲二丁目２番１３号,松島ビル　４階,092-272-2789,禮華,飲食店営業,バー,福,博保衛,32010384,2026/12/31,2020/10/15,2020/10/15
株式会社　すかいらーくレストランツ,812-0016,福岡市博多区博多駅南六丁目７番３６号,,092-477-3852,しゃぶ葉　博多駅南店,食肉販売業,一般,福,博保衛,32330082,2026/12/31,2020/10/15,2020/10/15
,810-0011,福岡市中央区高砂一丁目２２番７号,ノウブル桜木１Ｆ,092-525-1077,鶏おでんと出汁割り日本酒　ふぁるこ,飲食店営業,一般食堂,福,中保衛,32010496,2026/12/31,2020/10/15,2020/10/15
株式会社　肉最強伝説,812-0896,福岡市博多区東光寺町二丁目６番４０号,コマーシャルモール博多　１Ｆ,092-475-2929,肉最強伝説,飲食店営業,一般食堂,福,博保衛,32010380,2026/12/31,2020/10/16,2020/10/16
株式会社　肉最強伝説,812-0896,福岡市博多区東光寺町二丁目６番４０号,コマーシャルモール博多　１Ｆ,092-475-2929,肉最強伝説,食肉販売業,一般,福,博保衛,32330085,2026/12/31,2020/10/16,2020/10/16
,812-0018,福岡市博多区住吉五丁目２０番３号,,,つどい,飲食店営業,一般食堂,福,博保衛,32010375,2026/12/31,2020/10/16,2020/10/16
,812-0018,福岡市博多区住吉五丁目２１番７号,１Ｆ,050-5363-9134,Ｅｒｉｋａ　Ｆｌｏｗｅｒ　ｃａｆｅ＆ｂａｒ,飲食店営業,バー,福,博保衛,32010307,2026/12/31,2020/10/16,2020/10/16
株式会社パーラーコマツ,810-0001,福岡市中央区天神二丁目２番４３号,ソラリアプラザＢ２Ｆ,,ナチュラルボロネーゼスタンド,飲食店営業,一般食堂,福,中保衛,32010490,2026/12/31,2020/10/16,2020/10/16
ゴディバジャパン株式会社,810-0065,福岡市中央区地行浜二丁目２番２号,ＰａｙＰａｙドーム内,,ゴディバ　ＰａｙＰａｙドーム店,飲食店営業,主として喫茶,福,中保衛,32010488,2026/12/31,2020/10/16,2020/10/16
,810-0073,福岡市中央区舞鶴一丁目８番３８号,第１９ラインビル３０６,,ミュージックバーＪＡＭ,飲食店営業,バー,福,中保衛,32010498,2026/12/31,2020/10/16,2020/10/16
株式会社ヴァンベール,815-0075,福岡市南区長丘一丁目２０番８号,,092-554-5557,能古の旬,飲食店営業,一般食堂,福,南保衛,32020097,2026/12/31,2020/10/16,2014/10/15
イオン九州株式会社,814-0132,福岡市城南区干隈二丁目４２番１号,,092-871-2882,マックスバリュエクスプレス干隈店,食肉販売業,一般,福,城保衛,32330012,2026/12/31,2020/10/16,2020/10/16
イオン九州株式会社,814-0132,福岡市城南区干隈二丁目４２番１号,,092-871-2882,マックスバリュエクスプレス干隈店,飲食店営業,そうざい,福,城保衛,32010031,2026/12/31,2020/10/16,2020/10/16
株式会社ポールスター,819-0167,福岡市西区今宿三丁目４１番３６号,,092-805-1755,ケンタッキーフライドチキン福岡今宿店,飲食店営業,一般食堂,福,西保衛,32010061,2026/12/31,2020/10/16,2020/10/16
,812-0037,福岡市博多区御供所町１２番２号,,,ｔｓｕｍｕｇｉ,飲食店営業,バー,福,博保衛,32010298,2026/12/31,2020/10/19,2020/10/19
イオン九州株式会社,811-1346,福岡市南区老司二丁目７番４３号,,092-564-5588,マックスバリュエクスプレス老司店,食肉販売業,一般,福,南保衛,32330024,2026/12/31,2020/10/19,2020/10/19
イオン九州株式会社,811-1346,福岡市南区老司二丁目７番４３号,,092-564-5588,マックスバリュエクスプレス老司店,飲食店営業,そうざい,福,南保衛,32010093,2026/12/31,2020/10/19,2020/10/19
,814-0002,福岡市早良区西新五丁目１番１１－１号,,092-980-4495,Ｆａｍｂｉｌｙ,飲食店営業,一般食堂,福,早保衛,32010105,2026/12/31,2020/10/19,2020/10/19
,810-0004,福岡市中央区渡辺通三丁目１１番１０号,,092-712-5338,吉むら,飲食店営業,一般食堂,福,中保衛,32010356,2026/12/31,2020/10/20,2020/10/20
,810-0041,福岡市中央区大名二丁目１番５１号,マウンテン５　５Ｆ,092-761-5050,Ｉｖｙ,飲食店営業,バー,福,中保衛,32010507,2026/12/31,2020/10/20,2020/10/20
株式会社ＭＡＤＡＮＧＳＯＥ　ＪＡＰＡＮ,810-0011,福岡市中央区高砂一丁目２番２１号,,092-753-6260,ＭＡＤＡＮＧＳＯＥ　ＪＡＰＡＮ,食肉販売業,一般,福,中保衛,32330088,2026/12/31,2020/10/20,2020/10/20
,814-0153,福岡市城南区樋井川二丁目２番５号,第一吉浦ビル４０５号室,,ｂｏｎａｙａ,菓子製造業,一般,福,城保衛,32050004,2026/12/31,2020/10/20,2020/10/20
,814-0011,福岡市早良区高取一丁目２９番１７号　２Ｆ,,092-986-0062,世羅美,飲食店営業,バー,福,早保衛,32010099,2026/12/31,2020/10/20,2020/10/20
株式会社　カマタテクナス,812-0887,福岡市博多区三筑一丁目１番２５号,,092-571-2398,鎌田製作所,菓子製造業,一般,福,博保衛,32050016,2026/12/31,2020/10/21,2020/10/21
株式会社　カマタテクナス,812-0887,福岡市博多区三筑一丁目１番２５号,,092-571-2398,鎌田製作所,食品の冷凍又は冷蔵業,なし,福,博保衛,32190010,2026/12/31,2020/10/21,2020/10/21
株式会社　カマタテクナス,812-0887,福岡市博多区三筑一丁目１番２５号,,092-571-2398,鎌田製作所,ソース類製造業,なし,福,博保衛,32470001,2026/12/31,2020/10/21,2020/10/21
株式会社　カマタテクナス,812-0887,福岡市博多区三筑一丁目１番２５号,,092-571-2398,鎌田製作所,そうざい製造業,なし,福,博保衛,32570012,2026/12/31,2020/10/21,2020/10/21
,810-0801,福岡市博多区中洲三丁目６番７号,ギャラリーヤマモトビル　５階　４号室,,Ｄａｒｔｓ　ｂａｒ　Ａ（Ａの上に’（点）を付ける）ｍｂａｒ,飲食店営業,バー,福,博保衛,32010376,2026/12/31,2020/10/21,2020/10/21
株式会社　ナカイ,812-0879,福岡市博多区銀天町二丁目３番３号,牛昌ビル　４階　４０３号室,,Ｏｒａｎｇｅ,飲食店営業,カフェー,福,博保衛,32010391,2026/12/31,2020/10/21,2020/10/21
,810-0014,福岡市中央区平尾二丁目２０番２号,カーサフェリーチェ平尾１０２,092-707-2931,クレイジーミート,食肉販売業,一般,福,中保衛,32330087,2026/12/31,2020/10/21,2020/10/21
,810-0014,福岡市中央区平尾二丁目２０番２号,カーサフェリーチェ平尾１０２,092-707-2931,クレイジーミート,飲食店営業,そうざい,福,中保衛,32010493,2026/12/31,2020/10/21,2020/10/21
,814-0155,福岡市城南区大字東油山５１５番地の１４,２Ｆ,,Ｆｒｅｅ　Ｂａｒ　ＴＳＵＩＢＯ本店,飲食店営業,一般食堂,福,城保衛,32010032,2026/12/31,2020/10/21,2020/10/21
,811-1122,福岡市早良区早良一丁目１４番４７号,,092-836-5543,佐賀がばい唐揚げ,菓子製造業,一般,福,早保衛,32050015,2026/12/31,2020/10/21,2020/10/21
,811-1122,福岡市早良区早良一丁目１４番４７号,,092-836-5543,佐賀がばい唐揚げ,飲食店営業,そうざい,福,早保衛,32010101,2026/12/31,2020/10/21,2020/10/21
,810-0801,福岡市博多区中洲三丁目１番２号,川丈ビル　地下１階　Ａ号室,092-271-3604,ひら田,飲食店営業,バー,福,博保衛,32010365,2026/12/31,2020/10/22,2020/10/22
,812-0016,福岡市博多区博多駅南四丁目９番２７号,内村ビル　１Ｆ,092-292-1659,居酒屋ばぶる,飲食店営業,一般食堂,福,博保衛,32020326,2026/12/31,2020/10/22,2014/10/24
イオン九州　株式会社,812-0016,福岡市博多区博多駅南六丁目９番７号,,092-452-7887,マックスバリュエクスプレス博多駅南店,食肉販売業,一般,福,博保衛,32330084,2026/12/31,2020/10/22,2020/10/22
イオン九州　株式会社,812-0016,福岡市博多区博多駅南六丁目９番７号,,092-452-7887,マックスバリュエクスプレス博多駅南店,飲食店営業,弁当屋,福,博保衛,32010378,2026/12/31,2020/10/22,2020/10/22
Ｌｏｃａｌ　Ｍａｎａｇｅｍｅｎｔ株式会社,810-0004,福岡市中央区渡辺通一丁目１番１号,サンセルコ地下３７号,,万咲,飲食店営業,一般食堂,福,中保衛,32010512,2026/12/31,2020/10/22,2020/10/22
株式会社サプラミュー,810-0041,福岡市中央区大名一丁目１２番３９号,大名バルコニー５階,092-406-6637,スターリスト,飲食店営業,一般食堂,福,中保衛,32010516,2026/12/31,2020/10/22,2020/10/22
,811-0322,福岡市東区大岳一丁目２４８番２６号,,,ゴールドスタンプ,飲食店営業,弁当屋,福,東保衛,32010113,2026/12/31,2020/10/23,2020/10/23
,810-0801,福岡市博多区中洲三丁目３番１号,ＴＭセレスビル　１階　１０４号室,092-291-0160,Ｋｉｔｃｈｅｎ　ひーろー,飲食店営業,一般食堂,福,博保衛,32010382,2026/12/31,2020/10/23,2020/10/23
株式会社Ｍｅｒｃｕｒｙ,810-0065,福岡市中央区地行浜二丁目２番６号,Ｅ・ＺＯ　ＦＵＫＵＯＫＡ　１Ｆ,092-707-4844,ＨＫＴ４８劇場,飲食店営業,バー,福,中保衛,32010500,2026/12/31,2020/10/23,2020/10/23
株式会社トーラスＭ,810-0001,福岡市中央区天神三丁目１番１６号,橋口ビル１Ｆ,092-732-3132,はま唐亭　天神北店,飲食店営業,一般食堂,福,中保衛,32010462,2026/12/31,2020/10/23,2020/10/23
株式会社　稚加榮,810-0041,福岡市中央区大名二丁目２番１９号,,092-771-4487,嘉栄,食品の冷凍又は冷蔵業,なし,福,中保衛,32190003,2026/12/31,2020/10/23,2020/10/23
株式会社　稚加榮,810-0041,福岡市中央区大名二丁目２番１９号,,092-771-4487,嘉栄,魚介類販売業,一般,福,中保衛,32130032,2026/12/31,2020/10/23,2020/10/23
株式会社　稚加榮,810-0041,福岡市中央区大名二丁目２番１９号,,092-771-4487,嘉栄,そうざい製造業,なし,福,中保衛,32570016,2026/12/31,2020/10/23,2020/10/23
,810-0002,福岡市中央区西中洲２番９号,ライオンビル高山館１０７号,,ＣＨＯＣＯ　ＢＯＸ,飲食店営業,バー,福,中保衛,32010479,2026/12/31,2020/10/23,2020/10/23
,810-0041,福岡市中央区大名一丁目１２番３９号,大名バルコニー７Ｆ,,Ｂａｒ　００３．ＦＵＫＵＯＫＡ,飲食店営業,バー,福,中保衛,32010523,2026/12/31,2020/10/23,2020/10/23
,814-0131,福岡市城南区松山二丁目３３番１３号,,092-801-7717,威風堂々,飲食店営業,一般食堂,福,城保衛,32010034,2026/12/31,2020/10/23,2020/10/23
ＭＩＴ合同会社,813-0043,福岡市東区名島四丁目１５番１号,,,奶灶手作厨房,飲食店営業,一般食堂,福,東保衛,32010115,2026/12/31,2020/10/26,2020/10/26
,812-0026,福岡市博多区上川端町３番１４号,,,二左衛門,飲食店営業,一般食堂,福,博保衛,32010385,2026/12/31,2020/10/26,2020/10/26
株式会社　Ｎｏ．１０,812-0018,福岡市博多区住吉二丁目１７番１号,,092-408-7327,ヤキトリ合戦　秀吉,飲食店営業,一般食堂,福,博保衛,32010393,2026/12/31,2020/10/26,2020/10/26
,810-0801,福岡市博多区中洲二丁目６番１２号,中洲セントラル第５ラインビル　６階　１８号室,092-710-5987,Ｍｅｍｂｅｒｓ　きたおか,飲食店営業,バー,福,博保衛,32010386,2026/12/31,2020/10/26,2020/10/26
ＢＯＣ　Ｊａｐａｎ　合同会社,812-0018,福岡市博多区住吉一丁目２番２２号,キャナルシティオーパ　Ｂ１Ｆ,092-6009-488,台楽タンガオ,飲食店営業,主として喫茶,福,博保衛,32010318,2026/12/31,2020/10/26,2020/10/26
株式会社CGN,810-0801,福岡市博多区中洲五丁目５番９号,サンゴールデンビル　３階　全室,,福岡ーＣｉｎｄｅｒｅｌｌａ　Ｐｒｉｎｃｅー,飲食店営業,カフェー,福,博保衛,32010305,2026/12/31,2020/10/26,2020/10/26
株式会社Ｐｉａ,810-0022,福岡市中央区薬院四丁目１８番３５号,浄水プレイス２Ｆ,,ＣＯＳＴ,飲食店営業,主として喫茶,福,中保衛,32010494,2026/12/31,2020/10/26,2020/10/26
,810-0034,福岡市中央区笹丘一丁目３５番１９号,,092-577-6768,ゆきちゃん,飲食店営業,そうざい,福,中保衛,32010527,2026/12/31,2020/10/26,2020/10/26
株式会社ＤＩＭ,810-0028,福岡市中央区浄水通３番３号,浄水フラッツ１０１,092-791-2666,浄水通　果実大福　華菱,菓子製造業,一般,福,中保衛,32050056,2026/12/31,2020/10/26,2020/10/26
株式会社ぶどうの木,814-0155,福岡市城南区東油山二丁目１０番２８号,,092-873-1120,じゆうのうえん,飲食店営業,一般食堂,福,城保衛,32010037,2026/12/31,2020/10/26,2020/10/26
ＭＩＴ合同会社,813-0043,福岡市東区名島四丁目１５番１号,,,奶灶手作厨房,菓子製造業,一般,福,東保衛,32050013,2026/12/31,2020/10/27,2020/10/27
株式会社　わらび野,812-0018,福岡市博多区住吉四丁目２８番１号,トリアアステリア　１Ｆ　１－Ｂ,,山水珈琲焙煎所,飲食店営業,主として喫茶,福,博保衛,32010369,2026/12/31,2020/10/27,2020/10/27
,810-0801,福岡市博多区中洲三丁目３番１号,ＴＭセレスビル　５０６号室,,ＢＡＲ　Ｊ－ＳＯＵＬ,飲食店営業,バー,福,博保衛,32010352,2026/12/31,2020/10/27,2020/10/27
,810-0801,福岡市博多区中洲三丁目２番１２号,第３ラインビル　６階　６号室,,滝川別邸,飲食店営業,カフェー,福,博保衛,32010383,2026/12/31,2020/10/27,2020/10/27
,810-0801,福岡市博多区中洲四丁目２番５号,中洲岡部ビル３号館　６階　６０１号,,ｃｌｕｂ　Ｏｎｅ,飲食店営業,カフェー,福,博保衛,32010392,2026/12/31,2020/10/27,2020/10/27
,810-0073,福岡市中央区舞鶴一丁目８番３０号,ＰＲＩＺＭＯ２１　４－Ｃ,,ＦＲＵＳＭＯ　ｆｒｕｉｔｓｃａｆｅ＆ｓｈｉｓｈａｂａｒ,飲食店営業,一般食堂,福,中保衛,32010530,2026/12/31,2020/10/27,2020/10/27
,810-0041,福岡市中央区大名一丁目１０番１６号,ラガッツア大名１階,092-406-2719,Ｌｕｃｅ　ｆｉｏｒｅ,飲食店営業,一般食堂,福,中保衛,32010469,2026/12/31,2020/10/27,2020/10/27
,810-0041,福岡市中央区大名一丁目１０番１６号,ラガッツア大名１階,092-406-2719,Ｌｕｃｅ　ｆｉｏｒｅ,菓子製造業,一般,福,中保衛,32050064,2026/12/31,2020/10/27,2020/10/27
株式会社Ｌａｕｇｆｕｌｌ,811-1302,福岡市南区井尻五丁目８番２４号,,092-558-7782,旅人ＢＡＲ革命前夜,飲食店営業,一般食堂,福,南保衛,32010094,2026/12/31,2020/10/27,2020/10/27
,811-1362,福岡市南区長住五丁目９番２７号,,092-551-2300,いけす・洋風茶屋　いまむら,飲食店営業,一般食堂,福,南保衛,32010095,2026/12/31,2020/10/27,2020/10/27
,810-0801,福岡市博多区中洲二丁目１番１１号,プレイスポットしんばし　３階　３１３号室,092-281-3880,ｓｎａｃｋ　ｂａｒ　ＰＡＲＡＤＩＳＥ,飲食店営業,カフェー,福,博保衛,32010371,2026/12/31,2020/10/28,2020/10/28
,812-0014,福岡市博多区比恵町１番１８号,東カン福岡第二ビル　Ｂ１Ｆ　Ｂ１０３－２,,Ｂａｒ　ＬＩＴ,飲食店営業,バー,福,博保衛,32010396,2026/12/31,2020/10/28,2020/10/28
株式会社鮓枉駕,810-0003,福岡市中央区春吉三丁目１４番３２号,１Ｆ,092-741-7011,鮓枉駕,飲食店営業,すし屋,福,中保衛,32010538,2026/12/31,2020/10/28,2020/10/28
,810-0074,福岡市中央区大手門二丁目１番１０号,１Ｆ,092-731-3180,黄身の赤身,食肉販売業,一般,福,中保衛,32330091,2026/12/31,2020/10/28,2020/10/28
合同会社金の貝殻,810-0001,福岡市中央区天神二丁目５番３５号,,092-791-7550,金の貝殻,菓子製造業,一般,福,中保衛,32050072,2026/12/31,2020/10/28,2020/10/28
株式会社サンクック,810-0004,福岡市中央区渡辺通四丁目１番２０号,ラシーヌ渡辺通,092-722-2766,que des bons,飲食店営業,一般食堂,福,中保衛,32010518,2026/12/31,2020/10/28,2020/10/28
九州エステート管理株式会社,815-0042,福岡市南区若久五丁目２番３号,,092-554-6550,博多　栁屋,そうざい製造業,なし,福,南保衛,32570006,2026/12/31,2020/10/28,2020/10/28
株式会社ドリームグループ,815-0075,福岡市南区長丘五丁目１６番８号,,092-551-6773,ｎａｔｕｒａｌ　ｎａｔｕｒａｌ　長丘本店,魚介類販売業,一般,福,南保衛,32130010,2026/12/31,2020/10/28,2020/10/28
東信株式会社,811-0202,福岡市東区和白五丁目６番１５号,,,韓チキン,飲食店営業,一般食堂,福,東保衛,32010118,2026/12/31,2020/10/29,2020/10/29
,813-0023,福岡市東区蒲田四丁目５番４４－３号,,,博多　黒だるま,飲食店営業,一般食堂,福,東保衛,32010106,2026/12/31,2020/10/29,2020/10/29
,810-0801,福岡市博多区中洲三丁目３番１号,ＴＭセレスビル　４階　４０１号室,,Ｂａｒ　ＸＹＺ,飲食店営業,バー,福,博保衛,32010399,2026/12/31,2020/10/29,2020/10/29
株式会社スクランブルズ,810-0021,福岡市中央区今泉一丁目１３番５号,ブルグ今泉３Ｆ,,ＧＵＬＤＩ　ＬＯＣＫＳ,飲食店営業,一般食堂,福,中保衛,32010513,2026/12/31,2020/10/29,2020/10/29
株式会社Ａ．Ｆ．コンサベーション,810-0002,福岡市中央区西中洲１番１４号,プロスペリタ西中洲７Ｆ,,ゴルフサロン　うさぎ,飲食店営業,一般食堂,福,中保衛,32010515,2026/12/31,2020/10/29,2020/10/29
さくらフードサービス株式会社,814-0003,福岡市早良区城西二丁目６番２７号,,092-845-8566,特別養護老人ホームあおぞら,飲食店営業,一般食堂,福,早保衛,32010110,2026/12/31,2020/10/29,2020/10/29
,812-0027,福岡市博多区下川端町８番１０号,,,ガーデンバー,飲食店営業,一般食堂,福,博保衛,32020327,2026/12/31,2020/10/30,2008/11/4
株式会社　オネストツリーズ,812-0012,福岡市博多区博多駅中央街１番１号,ＪＲ博多シティ　アミュプラザ博多　９Ｆ,092-413-5301,オーグードゥジュール　メルヴェイユ博多,飲食店営業,一般食堂,福,博保衛,32010400,2026/12/31,2020/10/30,2020/10/30
,810-0023,福岡市中央区警固二丁目１４番１号,セントロード警固１０１,092-732-5757,小烏,飲食店営業,一般食堂,福,中保衛,32010528,2026/12/31,2020/10/30,2020/10/30
,815-0082,福岡市南区大楠三丁目２２番４号,,092-533-0333,ＫＯＭＵＧＩ,菓子製造業,一般,福,南保衛,32050018,2026/12/31,2020/10/30,2020/10/30
,819-0168,福岡市西区今宿駅前一丁目３番２８－１０２号,,092-807-5551,アジアン　レストラン＆バー　Ｙｅｔｉ,飲食店営業,一般食堂,福,西保衛,32010071,2026/12/31,2020/10/30,2020/10/30
有限会社𠮷田フードセンター,811-0321,福岡市東区西戸崎三丁目４番７７号,,092-603-0062,(有)𠮷田フードセンター,飲食店営業,そうざい,福,東保衛,32020095,2026/12/31,2020/11/2,1979/12/7
有限会社𠮷田フードセンター,811-0321,福岡市東区西戸崎三丁目４番７７号,,092-603-0062,(有)𠮷田フードセンター,食肉販売業,一般,福,東保衛,32340025,2026/12/31,2020/11/2,1979/12/7
ロイヤルコントラクトサービス 株式会社,812-8582,福岡市東区馬出三丁目１番1号,九州大学病院北棟１階,092-642-6865,ロイヤルホスト　九州大学病院店,飲食店営業,一般食堂,福,東保衛,32010121,2026/12/31,2020/11/2,2020/11/2
ロイヤルコントラクトサービス 株式会社,812-8582,福岡市東区馬出三丁目１番1号,九州大学病院中央診療棟１階,092-642-5109,九州大学病院　職員食堂,飲食店営業,一般食堂,福,東保衛,32010122,2026/12/31,2020/11/2,2020/11/2
,810-0801,福岡市博多区中洲二丁目３番１号,中洲Ｆビル　７階　７０４号室,,エテルナ,飲食店営業,バー,福,博保衛,32010416,2026/12/31,2020/11/2,2020/11/2
株式会社　Ｈｅｌｉｘ　Ｅｘｐｅｒｉｅｎｃｅ,810-0801,福岡市博多区中洲二丁目３番８号,Ｇ－ＣＵＢＥ　ＮＡＫＡＳＵ　３階,092-409-0500,心・技・体　うるふ博多,魚介類販売業,一般,福,博保衛,32130027,2026/12/31,2020/11/2,2020/11/2
株式会社　Ｈｅｌｉｘ　Ｅｘｐｅｒｉｅｎｃｅ,810-0801,福岡市博多区中洲二丁目３番８号,Ｇ－ＣＵＢＥ　ＮＡＫＡＳＵ　３階,092-409-0500,心・技・体　うるふ博多,食肉販売業,一般,福,博保衛,32330089,2026/12/31,2020/11/2,2020/11/2
株式会社王餃子,810-0801,福岡市博多区中洲二丁目５番９号,三田ビル　地下１階　Ｂ号室,,ダイニングバー　ＷＡＮ,飲食店営業,一般食堂,福,博保衛,32010398,2026/12/31,2020/11/2,2020/11/2
株式会社リミントレーディング,810-0063,福岡市中央区唐人町三丁目３番１４号,さくらハウス１０１号室,092-515-0711,むすび屋,飲食店営業,弁当屋,福,中保衛,32010525,2026/12/31,2020/11/2,2020/11/2
合同会社Ｍ．Ｔグループ,810-0003,福岡市中央区春吉三丁目２１番２２号,柴田店舗Ⅱ,092-401-1240,ガールズダイニングバー４ｔｈアルファ,飲食店営業,一般食堂,福,中保衛,32010429,2026/12/31,2020/11/2,2020/11/2
株式会社ＳＬＯＷ　ＪＡＭ,810-0041,福岡市中央区大名一丁目９番１５号,,092-406-2533,とりぶどう大名店,飲食店営業,一般食堂,福,中保衛,32010487,2026/12/31,2020/11/2,2020/11/2
,810-0012,福岡市中央区白金一丁目２１番１３号,クレッセント薬院２Ｆ,092-524-2710,博多フードパーク　納豆家　粘ランド,飲食店営業,一般食堂,福,中保衛,32010549,2026/12/31,2020/11/2,2020/11/2
株式会社ビッグストーン,811-1361,福岡市南区西長住一丁目１１番１０号,ＭＳビル１０３,,ＭＳ　ＣＡＦＥ,飲食店営業,一般食堂,福,南保衛,32010047,2026/12/31,2020/11/2,2020/11/2
株式会社サンコー,814-0003,福岡市早良区城西三丁目２０番１５号,,092-822-1041,ワンダーランド　西新店,喫茶店営業,自動販売機,福,早保衛,32240009,2026/12/31,2020/11/2,2008/10/16
,814-0002,福岡市早良区西新四丁目９番３号,,092-832-5223,西新たこやき風味道,飲食店営業,一般食堂,福,早保衛,32010112,2026/12/31,2020/11/2,2020/11/2
株式会社アルク・ラボ,814-0031,福岡市早良区南庄四丁目５番７号,,092-707-7207,匠のてま／おにぎり・ラボ／やみつきキンパ・ラボ,飲食店営業,仕出し,福,早保衛,32010102,2026/12/31,2020/11/2,2020/11/2
有限会社ソレイユ,819-0379,福岡市西区北原一丁目１３番２０号,,092-807-1113,パーラーひまわり,飲食店営業,一般食堂,福,西保衛,32020065,2026/12/31,2020/11/2,2014/12/5
有限会社　肉の山本,819-0055,福岡市西区生の松原二丁目７番３号,,092-881-6874,有限会社　肉の山本,そうざい製造業,なし,福,西保衛,32580002,2026/12/31,2020/11/2,2014/11/27
,812-0053,福岡市東区箱崎三丁目１０番５号,,092-641-0518,やきとり　澤,飲食店営業,一般食堂,福,東保衛,32020096,2026/12/31,2020/11/4,2014/12/3
株式会社ビルドシステム,811-0212,福岡市東区美和台四丁目６番１号,ワンダフル美和台ショップ１０２,,サンチャイルド,飲食店営業,そうざい,福,東保衛,32020097,2026/12/31,2020/11/4,2014/11/19
有限会社 ビスヌ,813-0016,福岡市東区香椎浜三丁目１２番１号,イオンモール香椎浜１Ｆ,092-410-2339,インド料理ビスヌ　香椎浜店,飲食店営業,一般食堂,福,東保衛,32010116,2026/12/31,2020/11/4,2020/11/4
,,福岡市東区香椎台二丁目１４番２号,,092-672-2006,パン工房　エクレールゆき,菓子製造業,一般,福,東保衛,32060012,2026/12/31,2020/11/4,2014/10/15
,810-0801,福岡市博多区中洲四丁目１番１３号,第一きよたけビル　１階　Ｅ号,092-291-2109,ツルカメノミセ,飲食店営業,バー,福,博保衛,32010420,2026/12/31,2020/11/4,2020/11/4
株式会社　エムサイトプラン,810-0801,福岡市博多区中洲四丁目７番２１号,ナカノビル　３Ｆ,,ｔｈｅ　Ｆｏｕｒｔｈ　Ａｖｅｎｕｅ,飲食店営業,バー,福,博保衛,32010403,2026/12/31,2020/11/4,2020/11/4
ベリーグッドスマイル　株式会社,812-0012,福岡市博多区博多駅中央街１番１号,デイトス　２Ｆ　めん街道,092-413-2277,麺や兼虎,飲食店営業,一般食堂,福,博保衛,32010425,2026/12/31,2020/11/4,2020/11/4
株式会社Ｍ＆Ｓアライアンス,810-0041,福岡市中央区大名一丁目８番５号,養巴コープ２０７,092-406-3870,３　ｓｐｏｏｎ　カレー,飲食店営業,一般食堂,福,中保衛,32010534,2026/12/31,2020/11/4,2020/11/4
株式会社Ｍ＆Ｓアライアンス,810-0041,福岡市中央区大名一丁目８番５号,養巴コープ２０７,092-406-3870,３　ｓｐｏｏｎ　カレー,食肉販売業,一般,福,中保衛,32330090,2026/12/31,2020/11/4,2020/11/4
,810-0003,福岡市中央区春吉三丁目１６番１７号,エステートモア天神アトリエ１０２,092-600-3399,うらおもて,飲食店営業,一般食堂,福,中保衛,32010533,2026/12/31,2020/11/4,2020/11/4
,810-0075,福岡市中央区港二丁目１３番６号,リバティー竹内１０２,092-753-6933,はなゆ,飲食店営業,一般食堂,福,中保衛,32010529,2026/12/31,2020/11/4,2020/11/4
株式会社警固総本舗,810-0023,福岡市中央区警固二丁目１６番６号,フィットけやき１階,,警固総本舗,飲食店営業,弁当屋,福,中保衛,32010545,2026/12/31,2020/11/4,2020/11/4
,814-0011,福岡市早良区高取二丁目１番１５号,,092-847-1210,Ｄ’ＫＨＡＪＡＮＡ,飲食店営業,一般食堂,福,早保衛,32020097,2026/12/31,2020/11/4,2014/11/28
株式会社ＢＬＥＳＳ　ＹＯＵ,814-0002,福岡市早良区西新四丁目３番４号,,092-210-4537,炭火焼肉　ホルモン　やまと西新店,飲食店営業,一般食堂,福,早保衛,32020096,2026/12/31,2020/11/4,2014/10/22
有限会社清吉鮨,814-0022,福岡市早良区原一丁目２２番２６号,,092-821-5064,鮨と和の食　清吉,飲食店営業,すし屋,福,早保衛,32020094,2026/12/31,2020/11/4,2008/10/21
,814-0175,福岡市早良区田村四丁目２９番１号,,092-863-6041,ラーメンあじ扇,飲食店営業,一般食堂,福,早保衛,32020095,2026/12/31,2020/11/4,1996/11/25
株式会社ふくや,814-0032,福岡市早良区小田部三丁目１番７号,,092-845-0029,ふくや小田部店,飲食店営業,一般食堂,福,早保衛,32020099,2026/12/31,2020/11/4,2014/11/6
アイル株式会社,814-0022,福岡市早良区原五丁目１１番１１号,,,ＨＡＰＰＩＮＥＳＳ　ＣＯＦＦＥＥ,飲食店営業,一般食堂,福,早保衛,32010096,2026/12/31,2020/11/4,2020/11/4
,819-0006,福岡市西区姪浜駅南一丁目４番１５号,,092-883-1350,鮨　囃子,飲食店営業,すし屋,福,西保衛,32010070,2026/12/31,2020/11/4,2020/11/4
,813-0024,福岡市東区名子三丁目７番１号,,092-691-9800,ローソン 福岡名子三丁目店,飲食店営業,一般食堂,福,東保衛,32020098,2026/12/31,2020/11/5,1996/11/20
株式会社 力の源カンパニー,813-0043,福岡市東区名島二丁目４１番７号,,092-662-3566,名島亭,飲食店営業,一般食堂,福,東保衛,32020101,2026/12/31,2020/11/5,2008/12/12
,812-0026,福岡市博多区上川端町２番１６号,,092-262-5373,屋台ＫＥＮＺＯｃａｆｅ,飲食店営業,一般食堂,福,博保衛,32020329,2026/12/31,2020/11/5,2002/12/5
株式会社西日本フードサービス,810-0003,福岡市中央区春吉三丁目３番５号,２Ｆ,092-711-7170,クラブ　イルンゴ,飲食店営業,バー,福,中保衛,32010526,2026/12/31,2020/11/5,2020/11/5
株式会社ラフレック,810-0021,福岡市中央区今泉一丁目１０番２０号,エーデル天神１Ｆ,092-707-3111,３９うどん,飲食店営業,一般食堂,福,中保衛,32010506,2026/12/31,2020/11/5,2020/11/5
,810-0014,福岡市中央区平尾二丁目１４番１８号,,,豆泉,飲食店営業,バー,福,中保衛,32010495,2026/12/31,2020/11/5,2020/11/5
合同会社シュシュ,810-0062,福岡市中央区荒戸一丁目４番１号,河内ビル１号,,みにぃまむまむ,飲食店営業,一般食堂,福,中保衛,32010539,2026/12/31,2020/11/5,2020/11/5
合同会社シュシュ,810-0062,福岡市中央区荒戸一丁目４番１号,河内ビル１号,,みにぃまむまむ,菓子製造業,一般,福,中保衛,32050074,2026/12/31,2020/11/5,2020/11/5
,810-0001,福岡市中央区天神三丁目４番１７号,天神ウイングビル７０Ａ号,,ＢＡＲ　ＢＡＮＱＡＧＥ,飲食店営業,バー,福,中保衛,32010486,2026/12/31,2020/11/5,2020/11/5
,814-0165,福岡市早良区次郎丸四丁目１番３３号,,092-865-3838,Ｖａｒｍｅ,飲食店営業,一般食堂,福,早保衛,32020100,2026/12/31,2020/11/5,2014/12/12
山崎製パン株式会社,819-0054,福岡市西区上山門一丁目２１番８号,,092-884-1651,デイリーヤマザキ福岡上山門店,飲食店営業,弁当屋,福,西保衛,32020067,2026/12/31,2020/11/5,2008/11/21
山崎製パン株式会社,819-0054,福岡市西区上山門一丁目２１番８号,,092-884-1651,デイリーヤマザキ福岡上山門店,菓子製造業,一般,福,西保衛,32060009,2026/12/31,2020/11/5,2008/11/21
,819-0012,福岡市西区能古４５７番地１４号,,,Ｈｉ－Ｌｏ　ｎｏｃｏ　Ｍａｒｋｅｔ,菓子製造業,一般,福,西保衛,32050011,2026/12/31,2020/11/5,2020/11/5
,813-0032,福岡市東区土井一丁目７番２３号,,092-410-7922,焼き鳥　鳥作,飲食店営業,一般食堂,福,東保衛,32010124,2026/12/31,2020/11/6,2020/11/6
株式会社サンノマル,813-0013,福岡市東区香椎駅前二丁目１５番５０号,橋口ビル２－Ｂ,,ＢＡＲ　ＰＬＵＭ,飲食店営業,一般食堂,福,東保衛,32010110,2026/12/31,2020/11/6,2020/11/6
一般財団法人　恵愛団,812-8582,福岡市東区馬出三丁目１番１号,九州大学病院内,092-642-6853,ローソン九州大学病院店,飲食店営業,一般食堂,福,東保衛,32010107,2026/12/31,2020/11/6,2020/11/6
株式会社　米一,812-0025,福岡市博多区店屋町６番２９号,リバーサイド博多　１F,092-291-2022,極上豚足　釘本食堂,飲食店営業,一般食堂,福,博保衛,32020331,2026/12/31,2020/11/6,2014/12/18
Ｕｂｅｒ　Ｈｏｕｓｅ　株式会社,812-0043,福岡市博多区堅粕三丁目１０番１号,,,福籠,飲食店営業,一般食堂,福,博保衛,32010421,2026/12/31,2020/11/6,2020/11/6
ＴＫＡ　合同会社,810-0801,福岡市博多区中洲二丁目２番１０号,第１１ラインビル　３階　３０１．３０２号,,Ｓｉｒｉｕｓ,飲食店営業,カフェー,福,博保衛,32010387,2026/12/31,2020/11/6,2020/11/6
株式会社　博多製麺処,812-0041,福岡市博多区吉塚一丁目２０番３号,,,Ｃａｍｏｎ,飲食店営業,一般食堂,福,博保衛,32010397,2026/12/31,2020/11/6,2020/11/6
株式会社　博多製麺処,812-0041,福岡市博多区吉塚一丁目２０番３号,,,Ｃａｍｏｎ,菓子製造業,一般,福,博保衛,32050017,2026/12/31,2020/11/6,2020/11/6
有限会社　エスエヌ通商,812-0018,福岡市博多区住吉二丁目１４番１号,,092-291-6038,ローソン　住吉２丁目店,飲食店営業,一般食堂,福,博保衛,32020330,2026/12/31,2020/11/6,1991/10/30
,812-0016,福岡市博多区博多駅南六丁目８番３０号,トピレック博多　１Ｆ　１０９号,,大勝うどん,飲食店営業,うどん屋,福,博保衛,32010348,2026/12/31,2020/11/6,2020/11/6
トリゼンダイニング株式会社,810-0004,福岡市中央区渡辺通二丁目２番１２号,,092-791-2888,鶏ん家,飲食店営業,一般食堂,福,中保衛,32010510,2026/12/31,2020/11/6,2020/11/6
株式会社洒落と卵,810-0021,福岡市中央区今泉一丁目１８番４０号,原田ビル１Ｆ,092-791-5188,洒落と卵,菓子製造業,パン,福,中保衛,32050077,2026/12/31,2020/11/6,2020/11/6
株式会社ジュエルプランナー,810-0042,福岡市中央区赤坂一丁目１番５号,鶴田けやきビル２Ｆ,092-714-4655,ｓｐｏｏｎ　ｃａｆｅ,飲食店営業,主として喫茶,福,中保衛,32010550,2026/12/31,2020/11/6,2020/11/6
合同会社プリヴィエット,810-0023,福岡市中央区警固一丁目３番６号,コーポ警固２０２号,,ハチャプリーズ／バンブーフォレストキッチン,飲食店営業,一般食堂,福,中保衛,32010553,2026/12/31,2020/11/6,2020/11/6
株式会社西鉄ストア,811-1362,福岡市南区長住二丁目２１番１０号,,092-511-6111,レガネットマルシェ長住,飲食店営業,弁当屋,福,南保衛,32020098,2026/12/31,2020/11/6,2014/12/16
有限会社エス・エフ・マーケット,814-0021,福岡市早良区荒江三丁目２３番１６号,,092-847-7180,ストロベリーフィールズ　荒江店,菓子製造業,一般,福,早保衛,32060006,2026/12/31,2020/11/6,1996/10/3
有限会社エス・エフ・マーケット,814-0002,福岡市早良区西新五丁目４番１９号,,092-822-0400,ストロベリーフィールズ　西新店,飲食店営業,一般食堂,福,早保衛,32020101,2026/12/31,2020/11/6,1992/10/13
,811-1102,福岡市早良区東入部三丁目１９番３０号,,,魚善,飲食店営業,弁当屋,福,早保衛,32010113,2026/12/31,2020/11/6,2020/11/6
,811-1102,福岡市早良区東入部三丁目１９番３０号,,,魚善,そうざい製造業,なし,福,早保衛,32570006,2026/12/31,2020/11/6,2020/11/6
,814-0172,福岡市早良区梅林六丁目３０番１５号,,092-519-1705,Ｃｌｏｖｅｒ,飲食店営業,一般食堂,福,早保衛,32010115,2026/12/31,2020/11/6,2020/11/6
株式会社　うちだ屋,819-0006,福岡市西区姪浜駅南二丁目１番２４号,,092-891-3033,うちだ屋姪浜店,飲食店営業,一般食堂,福,西保衛,32020068,2026/12/31,2020/11/6,1996/11/26
株式会社 アペックス西日本,813-0062,福岡市東区松島三丁目１番７号,,092-626-5031,新協第一交通株式会社,喫茶店営業,自動販売機,福,東保衛,32240018,2026/12/31,2020/11/9,2014/11/20
,810-0801,福岡市博多区中洲四丁目１番３５号,第２タワービル　１階,092-271-1921,マックス,飲食店営業,バー,福,博保衛,32010442,2026/12/31,2020/11/9,2020/11/9
,812-0885,福岡市博多区相生町２丁目２番１３号,第２相生ビル　１Ｆ　１０２号,,フラガール,飲食店営業,バー,福,博保衛,32010401,2026/12/31,2020/11/9,2020/11/9
合同会社　ＳＢＯ,812-0883,福岡市博多区南本町二丁目１番９号,３Ｆ,,千茶堂,飲食店営業,主として喫茶,福,博保衛,32010433,2026/12/31,2020/11/9,2020/11/9
株式会社　Ｅｎａｂｌｅ,810-0801,福岡市博多区中洲三丁目７番１０号,若松ビル　地下１階　Ｉ号室,,ＭＥＭＢＥＲＳ’　ＢＡＲ　ＦＵＬＬ　ＣＨＡＲＧＥ,飲食店営業,バー,福,博保衛,32010431,2026/12/31,2020/11/9,2020/11/9
,812-0878,福岡市博多区竹丘町二丁目４番３１号,,092-592-1888,Ｓａｉｌｉｎｇ,飲食店営業,カフェー,福,博保衛,32020336,2026/12/31,2020/11/9,2014/12/3
,812-0884,福岡市博多区寿町三丁目３番２２号,,092-501-0013,Ｓｕｒｆｉｎｇ,飲食店営業,バー,福,博保衛,32020335,2026/12/31,2020/11/9,2014/12/3
山一企業　株式会社,812-0879,福岡市博多区銀天町三丁目５番１５号,,092-581-0122,ダンデライオン,飲食店営業,一般食堂,福,博保衛,32020332,2026/12/31,2020/11/9,1988/12/24
,812-0022,福岡市博多区神屋町６番２３号,,092-272-0854,カフェ・ブルージュ－,飲食店営業,一般食堂,福,博保衛,32020337,2026/12/31,2020/11/9,2002/10/25
株式会社　ウエスト,812-0887,福岡市博多区三筑一丁目５番８号,,092-581-2133,ウエスト麦野店　うどん,飲食店営業,うどん屋,福,博保衛,32020333,2026/12/31,2020/11/9,2002/11/21
有限会社　大来,810-0801,福岡市博多区中洲三丁目７番１０号,,092-281-7375,セブンイレブン　博多中洲大通り,飲食店営業,一般食堂,福,博保衛,32020339,2026/12/31,2020/11/9,2014/11/21
株式会社　ＰＡＲＫ,810-0801,福岡市博多区中洲三丁目２番１２号,第３ラインビル　６Ｆ,092-263-6366,ＰＡＲＫ,飲食店営業,カフェー,福,博保衛,32020340,2026/12/31,2020/11/9,2008/12/4
株式会社エル・ディー・アンド・ケイ,810-0041,福岡市中央区大名一丁目３番２９号,ｄａｉｍｙｏ５８２　１Ｆ,092-753-8346,天国と秘密,飲食店営業,一般食堂,福,中保衛,32010511,2026/12/31,2020/11/9,2020/11/9
株式会社オルトアンドカンパニー,810-0004,福岡市中央区渡辺通三丁目２番８号,,092-739-5110,ＯＲＴＯ　ＣＡＦＥ,飲食店営業,一般食堂,福,中保衛,32010392,2026/12/31,2020/11/9,2020/11/9
株式会社オルトアンドカンパニー,810-0004,福岡市中央区渡辺通三丁目２番８号,,092-739-5110,ＯＲＴＯ　ＣＡＦＥ,菓子製造業,一般,福,中保衛,32050055,2026/12/31,2020/11/9,2020/11/9
株式会社オルトアンドカンパニー,810-0004,福岡市中央区渡辺通三丁目２番８号,,092-739-5110,ＯＲＴＯ　ＣＡＦＥ,そうざい製造業,なし,福,中保衛,32570018,2026/12/31,2020/11/9,2020/11/9
,811-1302,福岡市南区井尻三丁目１０番１６号１Ｆ,,092-592-5827,海鮮茶屋,飲食店営業,一般食堂,福,南保衛,32020101,2026/12/31,2020/11/9,2008/12/2
,815-0032,福岡市南区塩原二丁目２番２－１０２号,,092-552-4030,ぼっけもん,飲食店営業,一般食堂,福,南保衛,32020100,2026/12/31,2020/11/9,1986/12/12
株式会社しょうき企画,815-0033,福岡市南区大橋二丁目２番１号,,092-408-9975,九重珈琲　大橋店,飲食店営業,一般食堂,福,南保衛,32020099,2026/12/31,2020/11/9,2008/10/31
,814-0002,福岡市早良区西新一丁目１１番３号,グランフォーレプライム西新　１Ｆ,092-822-6878,和彩　あくね,飲食店営業,一般食堂,福,早保衛,32020104,2026/12/31,2020/11/9,2014/10/10
,814-0175,福岡市早良区田村三丁目２６番２号,,092-861-3579,とものう,飲食店営業,一般食堂,福,早保衛,32020102,2026/12/31,2020/11/9,2002/10/7
株式会社エムエス・テイスト,814-0174,福岡市早良区田隈三丁目６８番１２号,,092-861-3887,あじ正,飲食店営業,一般食堂,福,早保衛,32020105,2026/12/31,2020/11/9,2014/11/5
株式会社西鉄ストア,814-0003,福岡市早良区城西二丁目１番２３号,,092-846-0628,レガネット城西,飲食店営業,弁当屋,福,早保衛,32020103,2026/12/31,2020/11/9,1996/10/23
,814-0022,福岡市早良区原六丁目３０番１８－２０１号,,,ａｙ,飲食店営業,一般食堂,福,早保衛,32010114,2026/12/31,2020/11/9,2020/11/9
,819-0002,福岡市西区姪の浜一丁目１２番２５号,,092-882-7737,パン工房　ふるる,飲食店営業,一般食堂,福,西保衛,32020069,2026/12/31,2020/11/9,2008/10/6
,819-0002,福岡市西区姪の浜一丁目１２番２５号,,092-882-7737,パン工房　ふるる,菓子製造業,パン,福,西保衛,32060010,2026/12/31,2020/11/9,2008/10/6
有限会社こまどり,819-0025,福岡市西区石丸四丁目１番２８号,,092-881-0221,こまどりうどん福重店,飲食店営業,一般食堂,福,西保衛,32020070,2026/12/31,2020/11/9,2008/12/22
株式会社あきんどスシロー,819-0043,福岡市西区野方一丁目６番２５号,,092-812-8560,スシロー福岡野方店,飲食店営業,すし屋,福,西保衛,32020071,2026/12/31,2020/11/9,2008/12/12
,811-0321,福岡市東区西戸崎六丁目６番２０号,,092-986-2213,景子庵,飲食店営業,一般食堂,福,東保衛,32020104,2026/12/31,2020/11/10,2014/10/27
株式会社　Ｈ＆ＢＬＵＥ,810-0801,福岡市博多区中洲二丁目６番１２号,中洲セントラル第５ラインビル　４階　２号室,092-291-7117,Ｂａｒ　Ｎｅｅｄ　２,飲食店営業,バー,福,博保衛,32010427,2026/12/31,2020/11/10,2020/11/10
株式会社　Ｈ＆ＢＬＵＥ,810-0801,福岡市博多区中洲二丁目６番１２号,中洲セントラル第５ラインビル　３階　６号室,092-263-3776,Ｂａｒ　Ｎｅｅｄ　１,飲食店営業,バー,福,博保衛,32010426,2026/12/31,2020/11/10,2020/11/10
,812-0025,福岡市博多区店屋町３番５号,,092-291-0312,炭焼　シゲゾー,飲食店営業,一般食堂,福,博保衛,32020345,2026/12/31,2020/11/10,2014/10/7
株式会社　冷泉閣ホテル,812-0011,福岡市博多区博多駅前一丁目２８番３号,,092-441-8601,冷泉閣ホテル駅前,飲食店営業,旅館,福,博保衛,32020343,2026/12/31,2020/11/10,1974/10/7
株式会社　ホウエイ,812-0892,福岡市博多区東那珂一丁目１６番２０号,,092-292-2436,コメダ珈琲店　福岡東那珂店,飲食店営業,主として喫茶,福,博保衛,32020341,2026/12/31,2020/11/10,2014/10/27
,812-0016,福岡市博多区博多駅南三丁目１９番４号,互条駅南ビル　１Ｆ　１０２,092-402-1402,トラットリア　ＩＬ　ＳＯＬＥ,飲食店営業,一般食堂,福,博保衛,32010285,2026/12/31,2020/11/10,2020/11/10
有限会社　ヴァン・ヴェール,812-0016,福岡市博多区博多駅南三丁目１７番２９号,,,ＶＥＮＴ　ＶＥＲＴ　風緑,飲食店営業,主として喫茶,福,博保衛,32010435,2026/12/31,2020/11/10,2020/11/10
フードラボジャパン　合同会社,812-0887,福岡市博多区三筑二丁目１番１１号,,092-581-4676,長浜ラーメン　めんめん,飲食店営業,一般食堂,福,博保衛,32020344,2026/12/31,2020/11/10,2014/10/24
株式会社　ひととき,810-0801,福岡市博多区中洲二丁目７番２１号,中洲ジオテラスビル　５階,092-263-5409,クラブ　怜　別邸,飲食店営業,カフェー,福,博保衛,32020342,2026/12/31,2020/11/10,2014/12/24
株式会社洒落と卵,810-0021,福岡市中央区今泉一丁目６番１７号,１Ｆ,092-715-7676,ｐｅｃｏｒａ,飲食店営業,主として喫茶,福,中保衛,32010548,2026/12/31,2020/11/10,2020/11/10
株式会社ロヂウラニコ,810-0004,福岡市中央区渡辺通二丁目３番１０号,三角市場内,092-771-1130,ロヂウラＮＩＣＯ　カラオケスナック,飲食店営業,バー,福,中保衛,32010546,2026/12/31,2020/11/10,2020/11/10
合同会社エンコネクト,810-0001,福岡市中央区天神三丁目６番１６号,オフィスニューガイア　クレール８Ｆ,092-791-2900,アミューズメントバー　ＳＡＶＥ,飲食店営業,バー,福,中保衛,32010561,2026/12/31,2020/11/10,2020/11/10
株式会社富貴,815-0075,福岡市南区長丘五丁目２５番７号,,092-562-0699,クックチャム長丘店,飲食店営業,弁当屋,福,南保衛,32020103,2026/12/31,2020/11/10,2014/11/10
日清医療食品株式会社,811-1343,福岡市南区和田四丁目１６番１号,,092-561-3841,社会福祉法人徳和会特別養護老人ホーム花の季苑,飲食店営業,一般食堂,福,南保衛,32020102,2026/12/31,2020/11/10,1996/10/17
,815-0031,福岡市南区清水四丁目６番５号,,,ＴＦＳのわか,食肉販売業,一般,福,南保衛,32340015,2026/12/31,2020/11/10,2014/12/4
,814-0133,福岡市城南区七隈四丁目８番１７号,,092-874-5858,天ぷら酒場　こま,飲食店営業,一般食堂,福,城保衛,32010035,2026/12/31,2020/11/10,2020/11/10
,814-0171,福岡市早良区野芥四丁目９番２１号,,,Ｃａｆｅ　香喜,飲食店営業,一般食堂,福,早保衛,32010106,2026/12/31,2020/11/10,2020/11/10
,812-0053,福岡市東区箱崎一丁目３６番３５号,,092-632-0766,味処 魚広,飲食店営業,一般食堂,福,東保衛,32020100,2026/12/31,2020/11/11,1996/11/20
株式会社　イズミ,812-0055,福岡市東区東浜一丁目１番１号,,092-641-7111,ゆめタウン博多,飲食店営業,そうざい,福,東保衛,32020105,2026/12/31,2020/11/11,2014/12/19
,812-0054,福岡市東区馬出二丁目６番５号３,,092-651-0277,丸義精肉店,食肉販売業,一般,福,東保衛,32340029,2026/12/31,2020/11/11,1996/12/27
,812-0054,福岡市東区馬出二丁目６番５号３,,092-651-0277,丸義精肉店,飲食店営業,そうざい,福,東保衛,32020106,2026/12/31,2020/11/11,1996/12/27
,813-0036,福岡市東区若宮三丁目３番２５号,,092-710-9399,ゲゲゲの３丁目,飲食店営業,一般食堂,福,東保衛,32010111,2026/12/31,2020/11/11,2020/11/11
株式会社　双富士,812-0039,福岡市博多区冷泉町８番２１号,ひふみよベース冷泉　１，２，４Ｆ,092-272-0031,二代目　藤屋,飲食店営業,一般食堂,福,博保衛,32010434,2026/12/31,2020/11/11,2020/11/11
株式会社　双富士,812-0039,福岡市博多区冷泉町８番２１号,ひふみよベース冷泉　４Ｆ,092-272-0031,二代目　藤屋,そうざい製造業,なし,福,博保衛,32570014,2026/12/31,2020/11/11,2020/11/11
,810-0801,福岡市博多区中洲二丁目６番１２号,中洲セントラル第５ラインビル　４階　１１、１２号室,092-261-2199,クラブ　梨愛,飲食店営業,カフェー,福,博保衛,32010346,2026/12/31,2020/11/11,2020/11/11
,812-0024,福岡市博多区綱場町５番１８号,献上ビル　１Ｆ,092-282-4825,ゑびす堂,飲食店営業,一般食堂,福,博保衛,32020346,2026/12/31,2020/11/11,2002/11/22
,812-0032,福岡市博多区石城町２０番７－１０２号,,,居酒家　はだかの大将,飲食店営業,一般食堂,福,博保衛,32020347,2026/12/31,2020/11/11,2014/12/2
株式会社　ＷＩＮグループ,810-0801,福岡市博多区中洲三丁目１番８号,ＴＭ－３２ＢＵＩＬＤＩＮＧ　２階　２０５号,,ＡＬＬ　ＩＮ,飲食店営業,バー,福,博保衛,32010445,2026/12/31,2020/11/11,2020/11/11
株式会社　サトル,810-0801,福岡市博多区中洲五丁目２番１８号,ＴＨＥ　ＬＩＶＥＬＹ　博多福岡　地下１階,092-260-2001,博多中洲旬菜万葉,食肉販売業,一般,福,博保衛,32330096,2026/12/31,2020/11/11,2020/11/11
株式会社ハトヤ,810-0021,福岡市中央区今泉二丁目４番１８号,今泉２丁目ビル１Ｆ,092-707-2790,琥珀亭,飲食店営業,一般食堂,福,中保衛,32010563,2026/12/31,2020/11/11,2020/11/11
,810-0013,福岡市中央区大宮一丁目７番８号,ＮＥＯビル１Ｆ,092-791-1330,離　ＴＨＥ　ＲＯＡＭ　ＢＡＲ,飲食店営業,バー,福,中保衛,32010568,2026/12/31,2020/11/11,2020/11/11
Ｉ　Ｅｎｔｅｒｔａｉｎｍｅｎｔ株式会社,810-0003,福岡市中央区春吉二丁目８番１８号,,092-725-0722,春吉ゆうちゃん,飲食店営業,一般食堂,福,中保衛,32010554,2026/12/31,2020/11/11,2020/11/11
株式会社シャトレーゼ,815-0033,福岡市南区大橋一丁目８番２１号,大橋西口ビル１Ｆ,,シャトレーゼ大橋駅西口店,菓子製造業,一般,福,南保衛,32050015,2026/12/31,2020/11/11,2020/11/11
株式会社マック,815-0041,福岡市南区野間一丁目５番２号,,092-562-5108,鯛宝楽,菓子製造業,一般,福,南保衛,32060009,2026/12/31,2020/11/11,2008/12/25
,811-1302,福岡市南区井尻四丁目３番２３号,,092-582-8593,やきとり道場破り,飲食店営業,一般食堂,福,南保衛,32020105,2026/12/31,2020/11/11,2014/12/17
株式会社　きのや,819-0161,福岡市西区今宿東三丁目３９番１８号,,092-806-5530,とんかつきのや　福岡店,飲食店営業,一般食堂,福,西保衛,32020072,2026/12/31,2020/11/11,1987/10/3
株式会社スカイアイランド,813-0017,福岡市東区香椎照葉六丁目６番５号１１階,,092-665-1616,Ｔｈｅ３５８　ＳＯＲＡ　スカイラウンジ,飲食店営業,一般食堂,福,東保衛,32010129,2026/12/31,2020/11/12,2020/11/12
株式会社 光洋,813-0017,福岡市東区香椎照葉五丁目１番１号,,092-665-5212,森のカフェ・レストラン,飲食店営業,一般食堂,福,東保衛,32020107,2026/12/31,2020/11/12,2014/10/29
,812-0018,福岡市博多区住吉三丁目５番３号,,092-261-3966,やきとり　稲田,飲食店営業,一般食堂,福,博保衛,32020348,2026/12/31,2020/11/12,2014/11/25
,812-0024,福岡市博多区綱場町４番１４号,,092-281-4327,渕上鮮魚店,魚介類販売業,一般,福,博保衛,32140027,2026/12/31,2020/11/12,2008/12/16
株式会社サイゼリヤ,810-0041,福岡市中央区大名一丁目１２番６０号,福岡大名ビルⅡ　３Ｆ,092-718-3255,サイゼリヤ　天神大名店,飲食店営業,一般食堂,福,中保衛,32010551,2026/12/31,2020/11/12,2020/11/12
,810-0022,福岡市中央区薬院四丁目１０番３８号,薬院マンション１０３,092-401-0633,そばのみ　やなせ,飲食店営業,一般食堂,福,中保衛,32010320,2026/12/31,2020/11/12,2020/11/12
,810-0022,福岡市中央区薬院四丁目１０番３８号,薬院マンション１０３,092-401-0633,そばのみ　やなせ,めん類製造業,生めん,福,中保衛,32550006,2026/12/31,2020/11/12,2020/11/12
株式会社Ｅ－ｓｔｙｌｅ,810-0041,福岡市中央区大名一丁目１２番５６号,ＴＨＥ　ＳＨＯＰＳ　ＤＡＩＭＹＯ　４Ｆ,,祭り　肉まる,飲食店営業,一般食堂,福,中保衛,32010472,2026/12/31,2020/11/12,2020/11/12
,811-1361,福岡市南区西長住一丁目１２番２５号,,092-554-1115,清香園　西長住店,飲食店営業,一般食堂,福,南保衛,32020106,2026/12/31,2020/11/12,2008/11/5
,815-0037,福岡市南区玉川町１１番１１号,コア高宮１０１,092-555-4101,クレイジーピッグス,飲食店営業,一般食堂,福,南保衛,32010102,2026/12/31,2020/11/12,2020/11/12
,814-0161,福岡市早良区飯倉七丁目２８番１５号,,092-862-1001,むつごろう,飲食店営業,一般食堂,福,早保衛,32020106,2026/12/31,2020/11/12,1977/12/23
株式会社パークウエスト,814-0001,福岡市早良区百道浜一丁目７番５号,,092-843-1564,ラブリオシュ　カフェ,飲食店営業,一般食堂,福,早保衛,32020109,2026/12/31,2020/11/12,2008/10/8
,814-0032,福岡市早良区小田部二丁目１２番８号,,092-407-5728,樹樹,飲食店営業,一般食堂,福,早保衛,32020110,2026/12/31,2020/11/12,2014/12/5
株式会社リョーユーパン,814-0022,福岡市早良区原六丁目２７番５２号,イオン原店ショッピングセンター,092-400-1206,プルネール　原店,飲食店営業,弁当屋,福,早保衛,32010107,2026/12/31,2020/11/12,2020/11/12
株式会社リョーユーパン,814-0022,福岡市早良区原六丁目２７番５２号,イオン原店ショッピングセンター,092-400-1206,プルネール　原店,菓子製造業,パン,福,早保衛,32050018,2026/12/31,2020/11/12,2020/11/12
株式会社アストア,814-0022,福岡市早良区原六丁目２７番５２号,,092-407-5332,アイアムコーヒー　菓匠茶屋,飲食店営業,一般食堂,福,早保衛,32010109,2026/12/31,2020/11/12,2020/11/12
イオン九州株式会社,814-0022,福岡市早良区原六丁目２７番５２号,,092-844-3177,イオン原店（水産作業場）,魚介類販売業,一般,福,早保衛,32130012,2026/12/31,2020/11/12,2020/11/12
イオン九州株式会社,814-0022,福岡市早良区原六丁目２７番５２号,,092-844-3177,イオン原店（畜産作業場）,食肉販売業,一般,福,早保衛,32330017,2026/12/31,2020/11/12,2020/11/12
イオン九州株式会社,814-0022,福岡市早良区原六丁目２７番５２号,,092-844-3177,イオン原店（デリカ作業場）,飲食店営業,弁当屋,福,早保衛,32010104,2026/12/31,2020/11/12,2020/11/12
イオン九州株式会社,814-0022,福岡市早良区原六丁目２７番５２号,,092-844-3177,イオン原店（デリカ作業場）,菓子製造業,一般,福,早保衛,32050017,2026/12/31,2020/11/12,2020/11/12
イオン九州株式会社,814-0165,福岡市早良区次郎丸四丁目９番５号,,092-874-1511,マックスバリュ次郎丸店,飲食店営業,弁当屋,福,早保衛,32020107,2026/12/31,2020/11/12,2008/11/25
イオン九州株式会社,814-0165,福岡市早良区次郎丸四丁目９番５号,,092-874-1511,マックスバリュ次郎丸店,飲食店営業,そうざい,福,早保衛,32020108,2026/12/31,2020/11/12,2008/11/25
イオン九州株式会社,814-0165,福岡市早良区次郎丸四丁目９番５号,,092-874-1511,マックスバリュ次郎丸店,食肉販売業,一般,福,早保衛,32340014,2026/12/31,2020/11/12,2008/11/25
,819-0168,福岡市西区今宿駅前一丁目３番２８号,ホワイトマンション１－１１２,,吉ちゃん,飲食店営業,一般食堂,福,西保衛,32020073,2026/12/31,2020/11/12,1997/1/6
有限会社　かわかみ,819-0031,福岡市西区橋本二丁目１７番２５号,,092-210-2009,炉端　多夢炉,飲食店営業,一般食堂,福,西保衛,32020075,2026/12/31,2020/11/12,2008/12/26
,819-0168,福岡市西区今宿駅前一丁目４番４号,,092-806-6300,酒房　けい,飲食店営業,一般食堂,福,西保衛,32020074,2026/12/31,2020/11/12,2002/11/28
本田商會株式会社,812-0054,福岡市東区馬出一丁目２番２１号,第２岡部ビル１０２,092-643-0177,銀のさら 福岡吉塚駅前店,飲食店営業,仕出し,福,東保衛,32020108,2026/12/31,2020/11/13,2014/12/18
有限会社　井の屋,811-0202,福岡市東区和白一丁目２番２６号,,092-608-0006,井の屋,飲食店営業,うどん屋,福,東保衛,32020109,2026/12/31,2020/11/13,1991/11/28
アトム株式会社,813-0062,福岡市東区松島五丁目１８番６号,,092-622-9144,アトム株式会社 松島第３工場,食肉製品製造業,なし,福,東保衛,32360001,2026/12/31,2020/11/13,2008/10/9
佳怡株式会社,812-0054,福岡市東区馬出二丁目２番２号,,092-710-5419,佳佳熟食中華風味料理,飲食店営業,一般食堂,福,東保衛,32010132,2026/12/31,2020/11/13,2020/11/13
大三ミート産業株式会社,813-0024,福岡市東区名子三丁目６番２号,,,ダイレックス名子店,食肉販売業,一般,福,東保衛,32330030,2026/12/31,2020/11/13,2020/11/13
株式会社 明星水産,813-0024,福岡市東区名子三丁目６番２号,,,明星水産　名子店　寿司,飲食店営業,弁当屋,福,東保衛,32010119,2026/12/31,2020/11/13,2020/11/13
株式会社 イーティーズ,813-0024,福岡市東区名子三丁目６番２号,ダイレックス名子店内,,イーティーズ名子店,飲食店営業,そうざい,福,東保衛,32010127,2026/12/31,2020/11/13,2020/11/13
株式会社 明星水産,813-0024,福岡市東区名子三丁目６番２号,,,明星水産　名子店,魚介類販売業,一般,福,東保衛,32130012,2026/12/31,2020/11/13,2020/11/13
中野興産　合同会社,812-0026,福岡市博多区上川端町３番１号,水車橋ビル　３Ｆ　３０１号,,Ｂａｒ　ｓｌｏｕｇｈ,飲食店営業,バー,福,博保衛,32010432,2026/12/31,2020/11/13,2020/11/13
株式会社　プレナス,812-0013,福岡市博多区博多駅東二丁目１番２６号,１Ｆ,092-437-2609,やよい軒　筑紫口店,飲食店営業,一般食堂,福,博保衛,32010446,2026/12/31,2020/11/13,2020/11/13
株式会社　Ｑ太郎フーズ,812-0028,福岡市博多区須崎町５番９号,,092-292-5229,牡蠣小屋Ｑ太郎　博多須崎店,飲食店営業,一般食堂,福,博保衛,32010417,2026/12/31,2020/11/13,2020/11/13
株式会社　Ｑ太郎フーズ,812-0028,福岡市博多区須崎町５番９号,,092-292-5229,牡蠣小屋Ｑ太郎　博多須崎店,食肉販売業,一般,福,博保衛,32330094,2026/12/31,2020/11/13,2020/11/13
有限会社　博多楽笑天,812-0039,福岡市博多区冷泉町９番２７号,関田ビル　１Ｆ,092-262-6393,和料理　楽笑,飲食店営業,一般食堂,福,博保衛,32020352,2026/12/31,2020/11/13,2008/12/17
,812-0018,福岡市博多区住吉四丁目１５番１９号,,092-473-7808,昴,飲食店営業,酒房,福,博保衛,32020350,2026/12/31,2020/11/13,1980/12/18
ロイヤルコントラクトサービス　株式会社,812-0012,福岡市博多区博多駅中央街６番１７号,リッチモンドホテル博多駅前　１Ｆ,092-481-7737,博多　いねや,飲食店営業,一般食堂,福,博保衛,32010447,2026/12/31,2020/11/13,2020/11/13
,810-0801,福岡市博多区中洲三丁目４番６号,多門ビル８３　５Ｆ　Ａ号室,092-291-6022,ＭＩＭｉｉ,飲食店営業,バー,福,博保衛,32020353,2026/12/31,2020/11/13,2014/12/24
,810-0012,福岡市中央区白金一丁目６番２３号,エステートモア白金ルノン１Ｆ,092-791-4248,下釜,飲食店営業,一般食堂,福,中保衛,32020264,2026/12/31,2020/11/13,2014/11/10
株式会社ｐｌａｙ　ｃｏｏｌ,810-0041,福岡市中央区大名二丁目１番５０号,公建ビル　１Ｆ１０４,,ｂａｒ　ＳＷＡＧ,飲食店営業,バー,福,中保衛,32010574,2026/12/31,2020/11/13,2020/11/13
,810-0033,福岡市中央区小笹三丁目５番１９号,１階１０２号室,092-231-2691,からあげの篤,飲食店営業,そうざい,福,中保衛,32010485,2026/12/31,2020/11/13,2020/11/13
,810-0073,福岡市中央区舞鶴一丁目８番３８号,ＷＡＶＥ　ＢＬＤＧ　３０４,,夢乃　Ｔｅｒｒａｃｅ　ｂａｒ,飲食店営業,バー,福,中保衛,32010537,2026/12/31,2020/11/13,2020/11/13
株式会社ｆｒｅｅｓ,810-0041,福岡市中央区大名一丁目２番５２号,２Ｆ,,ｆｒｅｅｓ,飲食店営業,一般食堂,福,中保衛,32010556,2026/12/31,2020/11/13,2020/11/13
福岡市炊飯センター協同組合,811-1353,福岡市南区柏原四丁目３０番９号,,092-565-8552,福岡市炊飯センター協同組合,飲食店営業,仕出し,福,南保衛,32020107,2026/12/31,2020/11/13,1981/12/28
,815-0075,福岡市南区長丘三丁目１番１号,,092-553-8484,手羽屋千夢,飲食店営業,一般食堂,福,南保衛,32010103,2026/12/31,2020/11/13,2020/11/13
有限会社赤鳥さかい城,815-0031,福岡市南区清水三丁目１９番３２号,太陽ビル１０５号,092-561-5962,味処赤鳥,飲食店営業,一般食堂,福,南保衛,32020108,2026/12/31,2020/11/13,1983/10/21
株式会社レゴリス,814-0002,福岡市早良区西新四丁目８番４２号,西新ＰＬＡＣＥ　１Ｆ　１－９区画,,ＣＬＵＢ　Ｌａｇｏｎｉｓｓｉ,飲食店営業,一般食堂,福,早保衛,32020111,2026/12/31,2020/11/13,2014/11/10
,819-0001,福岡市西区小戸三丁目５０番１号,マミー・スマイル,092-892-6256,ナチュラルカフェ　スモール・ドア,飲食店営業,主として喫茶,福,西保衛,32020076,2026/12/31,2020/11/13,2008/12/9
,812-0061,福岡市東区筥松二丁目１９番２１号,,092-622-4777,じゃんぐるじむ,飲食店営業,一般食堂,福,東保衛,32020110,2026/12/31,2020/11/16,1996/10/4
有限会社　佐竹商店,813-0031,福岡市東区八田一丁目１１番２１号,第２森ビル,092-691-1085,（有）佐竹商店,食肉販売業,一般,福,東保衛,32340030,2026/12/31,2020/11/16,1986/12/8
有限会社　佐竹商店,813-0031,福岡市東区八田一丁目１１番２１号,第２森ビル,092-691-1085,金剛園,飲食店営業,一般食堂,福,東保衛,32020111,2026/12/31,2020/11/16,1986/12/8
,810-0801,福岡市博多区中洲四丁目５番９号,リバーサイドビル　３階　Ｃ号室,092-272-2282,ゆりばー,飲食店営業,バー,福,博保衛,32020354,2026/12/31,2020/11/16,2014/10/7
,812-0043,福岡市博多区堅粕一丁目２１番３号,,092-651-2830,ヤマダ屋,豆腐製造業,なし,福,博保衛,32520002,2026/12/31,2020/11/16,2002/10/7
株式会社　アペックス西日本,812-0894,福岡市博多区諸岡三丁目２２番４２号,,,明治屋諸岡店,喫茶店営業,自動販売機,福,博保衛,32240032,2026/12/31,2020/11/16,2014/12/10
,810-0044,福岡市中央区六本松二丁目２番４号,村田ビル１階,,フラ・ポコ,飲食店営業,一般食堂,福,中保衛,32020265,2026/12/31,2020/11/16,2008/10/23
,810-0012,福岡市中央区白金一丁目１５番７号,ダイヤパレス白金１０３,092-524-9338,ぢどり屋,飲食店営業,一般食堂,福,中保衛,32020266,2026/12/31,2020/11/16,2014/12/12
株式会社プライズ,810-0022,福岡市中央区薬院三丁目３番５号,オフィスニューガイヤＬＡＰＩＳ薬院１Ｆ,092-526-7505,ＫＯＲＥＡＮ　ＤＩＮＩＮＧ　Ｌｏｃｋ　Ｓｔｏｃｋ　薬院店,飲食店営業,一般食堂,福,中保衛,32020270,2026/12/31,2020/11/16,2014/10/10
,810-0045,福岡市中央区草香江一丁目１番９号,,092-401-0564,ぬくゐ、,飲食店営業,一般食堂,福,中保衛,32010398,2026/12/31,2020/11/16,2020/11/16
有限会社和コーポレーション,810-0021,福岡市中央区今泉一丁目７番１６号,Ｔｅｎｊｉｎアーク五番館１０１,092-981-1129,銀しゃり．焼肉　直球ホルモン,飲食店営業,一般食堂,福,中保衛,32010587,2026/12/31,2020/11/16,2020/11/16
株式会社Ｖｏｉｃｅ,810-0013,福岡市中央区大宮一丁目３番２２号,イング大宮１Ｆ,092-401-1117,LOVELESS　COFFEE,飲食店営業,一般食堂,福,中保衛,32010594,2026/12/31,2020/11/16,2020/11/16
株式会社なか尾,810-0022,福岡市中央区薬院一丁目１０番１０号,,092-716-4159,唄う稲穂,飲食店営業,一般食堂,福,中保衛,32020269,2026/12/31,2020/11/16,2014/10/7
株式会社島川本店,811-1313,福岡市南区曰佐二丁目２番１１号,,092-589-3737,株式会社　島川本店,飲食店営業,仕出し,福,南保衛,32020109,2026/12/31,2020/11/16,2008/11/5
社会福祉法人さざなみ福祉会,814-0123,福岡市城南区長尾五丁目２０番９号,１階,092-873-0959,さざなみ第二作業所　まるまる屋,飲食店営業,弁当屋,福,城保衛,32010038,2026/12/31,2020/11/16,2020/11/16
社会福祉法人さざなみ福祉会,814-0123,福岡市城南区長尾五丁目２０番９号,１階,092-873-0959,さざなみ第二作業所　まるまる屋,菓子製造業,一般,福,城保衛,32050006,2026/12/31,2020/11/16,2020/11/16
株式会社ジャパンフーズビー,814-0002,福岡市早良区西新四丁目９番２０号,,092-845-0123,備長吉兆や　西新店,飲食店営業,一般食堂,福,早保衛,32020112,2026/12/31,2020/11/16,2008/11/28
株式会社大明物産,814-0175,福岡市早良区田村二丁目１６番１号,,092-865-3885,大明担担麺　田村店,飲食店営業,中華店,福,早保衛,32020114,2026/12/31,2020/11/16,2008/11/27
,814-0002,福岡市早良区西新一丁目１１番２４号,ゼニヤビル　１Ｆ,092-846-1555,しばらく,飲食店営業,一般食堂,福,早保衛,32020113,2026/12/31,2020/11/16,2015/1/1
,814-0002,福岡市早良区西新一丁目７番１０号,てんぐや西新ビル　１Ｆ,092-822-0354,ＰＥＮＮＹ　ＬＡＮＥ,飲食店営業,一般食堂,福,早保衛,32020115,2026/12/31,2020/11/16,1984/10/31
,814-0032,福岡市早良区小田部二丁目１２番６号,,092-407-2181,スナック　縁,飲食店営業,一般食堂,福,早保衛,32010120,2026/12/31,2020/11/16,2020/11/16
,819-0167,福岡市西区今宿一丁目１７番３１号,,,鳥八,飲食店営業,一般食堂,福,西保衛,32020077,2026/12/31,2020/11/16,2014/12/8
株式会社　九州第一興商,813-0044,福岡市東区千早三丁目１番５号,,092-661-1155,ビッグエコー 千早店,飲食店営業,一般食堂,福,東保衛,32020113,2026/12/31,2020/11/17,2014/10/24
,813-0032,福岡市東区土井一丁目２１番５号,,092-691-5414,でべそ,飲食店営業,一般食堂,福,東保衛,32020112,2026/12/31,2020/11/17,2014/12/10
株式会社クオリティライフ・コンシェルジュ,813-0017,福岡市東区香椎照葉六丁目４番,シェアテラス棟,,フォレストプレイス香椎照葉 ザ・テラスカフェ,飲食店営業,一般食堂,福,東保衛,32010134,2026/12/31,2020/11/17,2020/11/17
ＳＴＯＲＹ　ＤＥＳＩＧＮ株式会社,812-0054,福岡市東区馬出五丁目１２番９号,,092-651-2153,筥崎とろろ,そうざい製造業,なし,福,東保衛,32580004,2026/12/31,2020/11/17,2014/12/24
株式会社　ドマーニ,812-0016,福岡市博多区博多駅南四丁目１７番７号,牟田ビル　１Ｆ,092-233-1016,焼鳥・蛸魂焼き丸照,飲食店営業,一般食堂,福,博保衛,32010460,2026/12/31,2020/11/17,2020/11/17
合資会社　二の矢,812-0011,福岡市博多区博多駅前三丁目１７番５号,,092-483-9988,セブン－イレブン博多人参通り店,飲食店営業,一般食堂,福,博保衛,32020358,2026/12/31,2020/11/17,2014/11/20
有限会社　福田食品,812-0011,福岡市博多区博多駅前四丁目９番１２号,,092-437-3116,ほっともっと博多駅前４丁目店,飲食店営業,弁当屋,福,博保衛,32020359,2026/12/31,2020/11/17,2014/10/21
,812-0894,福岡市博多区諸岡一丁目２番２１号,,092-581-4598,海鮮居酒屋　まる舟,飲食店営業,一般食堂,福,博保衛,32020356,2026/12/31,2020/11/17,1996/12/16
株式会社　アメイズ,812-0863,福岡市博多区金の隈三丁目１４番２５号,,092-513-3301,温野菜　金の隈店,飲食店営業,一般食堂,福,博保衛,32020357,2026/12/31,2020/11/17,2008/10/29
株式会社　ダイヤモンドダイニング,810-0801,福岡市博多区中洲四丁目６番１２号,ｐｒａｔｏ　ＮＡＫＡＳＵ　９階・１０階,092-263-7520,ｎａｋａｓｕ　Ｒｏｏｆｔｏｐ　Ｇａｒｄｅｎ　ＢＡＧＵＳ［ｅｓ］,飲食店営業,一般食堂,福,博保衛,32020355,2026/12/31,2020/11/17,2014/10/30
ｎｋｓ　合同会社,810-0801,福岡市博多区中洲二丁目４番２０号,第２１ポールスタービル　２階　２０７号室,,Ｌｉｂｒｅｔｔｏ,飲食店営業,バー,福,博保衛,32010449,2026/12/31,2020/11/17,2020/11/17
株式会社Ｍａｋｅ　Ｓｔａｒｓ,810-0041,福岡市中央区大名一丁目１２番２６号,ビエント３３６　５階,092-732-7608,Ｂａｒ　Ｂｏｏｏｏ,飲食店営業,バー,福,中保衛,32010570,2026/12/31,2020/11/17,2020/11/17
アクトフォー株式会社,810-0041,福岡市中央区大名一丁目８番３８号,ＤＡＩＭＹＯ５０９　１Ｆ,092-791-3233,ＸＸＯＣＯＡ,飲食店営業,一般食堂,福,中保衛,32010558,2026/12/31,2020/11/17,2020/11/17
アクトフォー株式会社,810-0041,福岡市中央区大名一丁目８番３８号,ＤＡＩＭＹＯ５０９　１Ｆ,092-791-3233,ＸＸＯＣＯＡ,菓子製造業,一般,福,中保衛,32050078,2026/12/31,2020/11/17,2020/11/17
株式会社ｅｒｉｎｇ,810-0062,福岡市中央区荒戸二丁目２番２４号,,,ＴＡＭＵＹＡ,菓子製造業,一般,福,中保衛,32050073,2026/12/31,2020/11/17,2020/11/17
株式会社ｅｒｉｎｇ,810-0062,福岡市中央区荒戸二丁目２番２４号,,,ＴＡＭＵＹＡ,飲食店営業,弁当屋,福,中保衛,32010531,2026/12/31,2020/11/17,2020/11/17
株式会社傳設計,810-0073,福岡市中央区舞鶴一丁目６番１３号,ＤＳビル,092-737-1500,社員食堂,飲食店営業,一般食堂,福,中保衛,32010562,2026/12/31,2020/11/17,2020/11/17
株式会社ＫＵＲＵＭＩ,810-0062,福岡市中央区荒戸二丁目１番１１号,１Ｆ,092-724-3362,ＫＵＲＵＭＩ,菓子製造業,一般,福,中保衛,32050081,2026/12/31,2020/11/17,2020/11/17
株式会社ＫＵＲＵＭＩ,810-0062,福岡市中央区荒戸二丁目１番１１号,２Ｆ,092-724-3362,ＫＵＲＵＭＩ,飲食店営業,一般食堂,福,中保衛,32010577,2026/12/31,2020/11/17,2020/11/17
株式会社松屋フーズ,810-0001,福岡市中央区天神三丁目３番１号,木下ビル　１Ｆ,092-736-5421,松屋　天神店,飲食店営業,一般食堂,福,中保衛,32020272,2026/12/31,2020/11/17,2002/12/17
,814-0171,福岡市早良区野芥一丁目２番３６号,福西会病院内,092-863-3315,アイリス,飲食店営業,一般食堂,福,早保衛,32020122,2026/12/31,2020/11/17,2002/12/10
,814-0175,福岡市早良区田村三丁目３３番１２号,,092-863-3149,花よせ,飲食店営業,一般食堂,福,早保衛,32020119,2026/12/31,2020/11/17,1992/10/7
,814-0005,福岡市早良区祖原１４番９号,,092-831-3631,焼とり　弐ばん,飲食店営業,一般食堂,福,早保衛,32020117,2026/12/31,2020/11/17,1984/11/10
佐藤株式会社,814-0012,福岡市早良区昭代二丁目１０番２０号,,092-852-0007,サトー食鮮館,食肉販売業,一般,福,早保衛,32340015,2026/12/31,2020/11/17,2002/11/22
佐藤株式会社,814-0012,福岡市早良区昭代二丁目１０番２０号,,092-852-0007,サトー食鮮館,魚介類販売業,一般,福,早保衛,32140015,2026/12/31,2020/11/17,2002/11/22
株式会社スリーアイランズ,814-0022,福岡市早良区原四丁目２５番１２号,,092-823-1717,風靡,飲食店営業,一般食堂,福,早保衛,32020116,2026/12/31,2020/11/17,1996/11/13
株式会社マルキョウ,814-0032,福岡市早良区小田部七丁目１４番１号,,092-845-1168,（株）マルキョウ　小田部店,飲食店営業,弁当屋,福,早保衛,32020121,2026/12/31,2020/11/17,2002/11/6
株式会社マルキョウ,814-0032,福岡市早良区小田部七丁目１４番１号,,092-845-1168,（株）マルキョウ　小田部店,食肉販売業,一般,福,早保衛,32340016,2026/12/31,2020/11/17,2002/11/6
株式会社マルキョウ,814-0033,福岡市早良区有田七丁目１５番２０号,,092-851-6008,株式会社　マルキョウ室住店,魚介類販売業,一般,福,早保衛,32140016,2026/12/31,2020/11/17,2002/12/19
株式会社マルキョウ,814-0033,福岡市早良区有田七丁目１５番２０号,,092-851-6008,株式会社　マルキョウ室住店,飲食店営業,弁当屋,福,早保衛,32020120,2026/12/31,2020/11/17,2002/12/24
株式会社菜根譚るきあ,814-0175,福岡市早良区田村三丁目９番２２号,,092-864-7700,株式会社　菜根譚,飲食店営業,弁当屋,福,早保衛,32020118,2026/12/31,2020/11/17,1992/10/20
株式会社トレーダー愛,819-0001,福岡市西区小戸二丁目１０番６１号,,092-883-8585,ノートルダム　マリノア　メイン厨房,飲食店営業,レストラン,福,西保衛,32020079,2026/12/31,2020/11/17,2008/11/6
株式会社トレーダー愛,819-0001,福岡市西区小戸二丁目１０番６１号,,092-883-8585,ノートルダム　マリノア　ペストリー,菓子製造業,一般,福,西保衛,32060012,2026/12/31,2020/11/17,2008/11/6
株式会社　唐人ベ－カリ－,819-0375,福岡市西区徳永３２５番地１,,092-807-0222,唐人ベ－カリ－,飲食店営業,仕出し,福,西保衛,32020078,2026/12/31,2020/11/17,1986/12/3
株式会社日本セレモニー,819-0001,福岡市西区小戸二丁目１０番６１号,,092-883-0585,ザ・ブルー,飲食店営業,レストラン,福,西保衛,32020080,2026/12/31,2020/11/17,2008/11/6
株式会社Ｗ．Ｓ．Ｂ,819-0006,福岡市西区姪浜駅南一丁目６番１３号,藤井第一ビル１Ｆ,092-407-7855,パティスリー　プティジュール,菓子製造業,一般,福,西保衛,32050012,2026/12/31,2020/11/17,2020/11/17
アトム株式会社,813-0062,福岡市東区松島六丁目１２番３号,,092-627-1955,ステーキとワインの店　ANZU,飲食店営業,一般食堂,福,東保衛,32020114,2026/12/31,2020/11/18,2014/10/28
アトム株式会社,813-0062,福岡市東区松島六丁目１２番３号,,092-260-8339,あんずの直売所,飲食店営業,そうざい,福,東保衛,32020115,2026/12/31,2020/11/18,2014/10/28
アトム株式会社,813-0062,福岡市東区松島六丁目１２番３号,,092-260-8339,あんずの直売所,食肉販売業,一般,福,東保衛,32340032,2026/12/31,2020/11/18,2014/10/28
株式会社　昭和イーティング,812-0862,福岡市博多区立花寺１７９－６４,,092-936-8813,さわやか立花弐番館,飲食店営業,一般食堂,福,博保衛,32020361,2026/12/31,2020/11/18,2014/11/27
,810-0801,福岡市博多区中洲三丁目３番１０号,第２多門ビル　１階　Ａ,092-291-0269,博多肉色,飲食店営業,一般食堂,福,博保衛,32010451,2026/12/31,2020/11/18,2020/11/18
,810-0801,福岡市博多区中洲三丁目３番１０号,第２多門ビル　１階　A,092-291-0269,博多肉色,食肉販売業,一般,福,博保衛,32330098,2026/12/31,2020/11/18,2020/11/18
,812-0044,福岡市博多区千代三丁目６番５号,市営大学通住宅　１１２号,,黒龍ラーメン,飲食店営業,一般食堂,福,博保衛,32010465,2026/12/31,2020/11/18,2020/11/18
,812-0043,福岡市博多区堅粕一丁目２６番１５号,,092-633-5607,セブンイレブン福岡高校前店,飲食店営業,一般食堂,福,博保衛,32020363,2026/12/31,2020/11/18,2014/12/22
有限会社　ポルターダ,810-0801,福岡市博多区中洲四丁目１番１３号,第１きよたけビル　１階,092-272-2030,ＹＯＬＯ,飲食店営業,バー,福,博保衛,32010448,2026/12/31,2020/11/18,2020/11/18
株式会社　すき家,812-0016,福岡市博多区博多駅南五丁目２２番１６号,,092-483-1667,すき家　福岡博多駅南店,飲食店営業,一般食堂,福,博保衛,32020365,2026/12/31,2020/11/18,2008/12/9
,812-0877,福岡市博多区元町二丁目７番４号,,092-589-0633,ファミリーマート南福岡元町２丁目店,飲食店営業,一般食堂,福,博保衛,32020362,2026/12/31,2020/11/18,2008/10/31
特定非営利活動法人ＭＵＳＩＣ　ＨＥＡＲＴ,810-0054,福岡市中央区今川一丁目１０番５２号１Ｆ,,,ＢＡＲ仲希,飲食店営業,バー,福,中保衛,32020274,2026/12/31,2020/11/18,2014/12/19
,810-0004,福岡市中央区渡辺通二丁目８番２５号,,092-771-0252,カルビ亭,飲食店営業,一般食堂,福,中保衛,32020275,2026/12/31,2020/11/18,1978/12/13
,810-0063,福岡市中央区唐人町一丁目２番１４号,深堀ビル１Ｆ,092-406-6760,ＣＯ心,飲食店営業,一般食堂,福,中保衛,32020276,2026/12/31,2020/11/18,2014/12/18
西日本パブリック株式会社,810-0001,福岡市中央区天神一丁目１番地,天神中央公園内,092-739-9390,福岡天神中央公園店,飲食店営業,一般食堂,福,中保衛,32020278,2026/12/31,2020/11/18,2008/11/7
,810-0003,福岡市中央区春吉二丁目２番２６号,アイスペース春吉１Ｆ,092-714-3552,クリムゾン,飲食店営業,バー,福,中保衛,32020280,2026/12/31,2020/11/18,2002/12/17
,810-0022,福岡市中央区薬院四丁目１８番９号,,092-524-9229,鮨銀杏,飲食店営業,すし屋,福,中保衛,32020279,2026/12/31,2020/11/18,2002/10/11
,810-0022,福岡市中央区薬院四丁目８番３号,ＡＲＴＫＳ　１Ｆ,092-534-1888,鮨　おかだ,飲食店営業,すし屋,福,中保衛,32010603,2026/12/31,2020/11/18,2020/11/18
,810-0004,福岡市中央区渡辺通四丁目１番２０号,ラシーヌ渡辺通１Ｆ,,Ｃａｆｆｅ　ｔｉｇｒｅ,飲食店営業,一般食堂,福,中保衛,32010575,2026/12/31,2020/11/18,2020/11/18
スターバックスコーヒージャパン株式会社,810-0001,福岡市中央区天神二丁目９番１８号,福岡パルコ新館４階,092-235-7473,スターバックスコーヒー　福岡パルコ新館店,飲食店営業,一般食堂,福,中保衛,32020273,2026/12/31,2020/11/18,2014/10/22
,810-0023,福岡市中央区警固二丁目１５番１０号,102,,博多　源平,飲食店営業,一般食堂,福,中保衛,32020277,2026/12/31,2020/11/18,2008/12/12
,815-0083,福岡市南区高宮五丁目１番１号,ピア高宮１Ｆ,092-531-3652,高宮鮮魚店,魚介類販売業,一般,福,南保衛,32140018,2026/12/31,2020/11/18,2002/12/19
,815-0075,福岡市南区長丘一丁目９番１号,長丘不動産ビル１階,092-561-6426,風味鶏,飲食店営業,一般食堂,福,南保衛,32010109,2026/12/31,2020/11/18,2020/11/18
エイ・ケイ・フランチャイズシステム株式会社,815-0071,福岡市南区平和二丁目５番１号,,092-534-0908,ファミリーマート福岡平和,飲食店営業,一般食堂,福,南保衛,32010106,2026/12/31,2020/11/18,2020/11/18
,815-0083,福岡市南区高宮五丁目１番１－１０５号,,092-524-1284,酒井,魚介類販売業,一般,福,南保衛,32140019,2026/12/31,2020/11/18,1988/10/21
,814-0101,福岡市城南区荒江一丁目２３番２７号,レジデンス荒江Ｃ,,ラーメン屋　游,飲食店営業,一般食堂,福,城保衛,32020041,2026/12/31,2020/11/18,2014/11/4
,814-0033,福岡市早良区有田一丁目１０番５号,,092-823-2522,ブーランジェリー麦畑,菓子製造業,パン,福,早保衛,32060007,2026/12/31,2020/11/18,2014/12/5
,814-0033,福岡市早良区有田一丁目１０番５号,,092-823-2522,ブーランジェリー麦畑,飲食店営業,弁当屋,福,早保衛,32020123,2026/12/31,2020/11/18,2014/12/5
,814-0175,福岡市早良区田村六丁目６番２１号,,092-861-1960,たろく,飲食店営業,一般食堂,福,早保衛,32020125,2026/12/31,2020/11/18,1992/11/20
,814-0002,福岡市早良区西新四丁目６番５号,,092-844-3353,ルイス,飲食店営業,一般食堂,福,早保衛,32020127,2026/12/31,2020/11/18,1979/11/22
,814-0015,福岡市早良区室見五丁目１番３１号,,092-822-9060,ねこまんま,飲食店営業,一般食堂,福,早保衛,32020124,2026/12/31,2020/11/18,2014/10/31
,814-0175,福岡市早良区田村七丁目２０番８号,,,ごはんと珈琲　サンゼン,飲食店営業,中華店,福,早保衛,32020126,2026/12/31,2020/11/18,2008/11/21
株式会社マルキョウ,819-0013,福岡市西区愛宕浜二丁目３番６号,,092-884-3977,株式会社マルキョウ　愛宕店,食肉販売業,一般,福,西保衛,32340008,2026/12/31,2020/11/18,1996/10/30
株式会社マルキョウ,819-0013,福岡市西区愛宕浜二丁目３番６号,,092-884-3977,株式会社マルキョウ　愛宕店,魚介類販売業,一般,福,西保衛,32140014,2026/12/31,2020/11/18,1996/10/30
,819-0374,福岡市西区千里２３３番地１,,092-805-5840,無添さぬきめん　あじ豊,飲食店営業,一般食堂,福,西保衛,32020081,2026/12/31,2020/11/18,2014/12/24
三菱電機ライフサービス株式会社,819-0161,福岡市西区今宿東一丁目１番１号,,092-805-3941,三菱電機（株）パワーデバイス製作所,飲食店営業,一般食堂,福,西保衛,32020083,2026/12/31,2020/11/18,1996/10/14
,813-0035,福岡市東区松崎四丁目３８番１７号,,,ｔｗｉｎ ａＲ ｃａｆｅ ☆☆,飲食店営業,一般食堂,福,東保衛,32020116,2026/12/31,2020/11/19,2014/11/6
,812-0061,福岡市東区筥松二丁目１８番２０号,,092-629-5171,晩酌亭　箱崎店,飲食店営業,そうざい,福,東保衛,32020117,2026/12/31,2020/11/19,2014/10/31
株式会社ＣＡＮＶＡＳ,813-0017,福岡市東区香椎照葉六丁目６番２号,アイランド・アイＡ棟,092-710-9262,板前バル・じげもんちゃんぽん,魚介類販売業,一般,福,東保衛,32130015,2026/12/31,2020/11/19,2020/11/19
,812-0884,福岡市博多区寿町二丁目２番４号,,,Ｌｉｏｎ～リオン,飲食店営業,バー,福,博保衛,32010466,2026/12/31,2020/11/19,2020/11/19
,812-0007,福岡市博多区東比恵二丁目１７番２３号,ローズマンション第１博多１号館　１０２,092-292-7555,博多一成一代,飲食店営業,一般食堂,福,博保衛,32020366,2026/12/31,2020/11/19,2014/12/12
,812-0007,福岡市博多区東比恵二丁目１７番２３号,ローズマンション第１博多　１０３号,092-474-6944,カフェテリア　ラ・フォーレ,飲食店営業,一般食堂,福,博保衛,32020367,2026/12/31,2020/11/19,1986/10/8
,810-0004,福岡市中央区渡辺通二丁目８番２９号,,092-731-4728,珈琲　ふじた,飲食店営業,一般食堂,福,中保衛,32020282,2026/12/31,2020/11/19,1981/12/8
株式会社ＪＰパワー,810-0002,福岡市中央区西中洲３番２０号,ＬＡＮＥ　ＲＯＵＮＤ　ＢＬＤＧ　４階,092-401-0558,Ｊ－Ｓｈｏｔ,飲食店営業,一般食堂,福,中保衛,32020283,2026/12/31,2020/11/19,2014/10/22
,810-0004,福岡市中央区渡辺通五丁目２４番３７号,天神第５レジデンス江崎２０５号,092-732-8078,ＴＲＡＴＴＯＲＩＡ　Ｈ,飲食店営業,一般食堂,福,中保衛,32020281,2026/12/31,2020/11/19,2002/10/11
,810-0022,福岡市中央区薬院二丁目２番１８号,,092-732-3116,ボンバーキッチン,飲食店営業,一般食堂,福,中保衛,32020284,2026/12/31,2020/11/19,2008/11/10
有限会社　ビーワン,810-0073,福岡市中央区舞鶴一丁目８番２５号,,092-751-3811,ドラム　ロゴス,飲食店営業,一般食堂,福,中保衛,32020286,2026/12/31,2020/11/19,1996/10/3
株式会社ＣＯＲＥ,810-0012,福岡市中央区白金一丁目３番５号,アストア薬院１Ｆ,092-534-2700,自然派ビストロ　ＣＯＲＥ,飲食店営業,一般食堂,福,中保衛,32010608,2026/12/31,2020/11/19,2020/11/19
株式会社江口海産,810-0072,福岡市中央区長浜三丁目１４番１号,１Ｆ,,（株）江口海産,飲食店営業,一般食堂,福,中保衛,32010602,2026/12/31,2020/11/19,2020/11/19
,810-0023,福岡市中央区警固二丁目１５番３号,ＣＡＮＮＥＲＹ警固本通り４０２,,Ｋａｒａｏｋｅ　Ｂａｒ　ＧＲＥＴＣＨ,飲食店営業,バー,福,中保衛,32010573,2026/12/31,2020/11/19,2020/11/19
,810-0041,福岡市中央区大名二丁目１番３０号,ＡＩビルＢ館２Ｆ,092-791-3115,ＣＨＩＣＫＥＮ　ＢＯＮＤＳ．３６０,飲食店営業,一般食堂,福,中保衛,32010555,2026/12/31,2020/11/19,2020/11/19
株式会社しらに田,810-0022,福岡市中央区薬院二丁目１３番２３号,,092-406-8554,萬鳥　薬院店,飲食店営業,一般食堂,福,中保衛,32010578,2026/12/31,2020/11/19,2020/11/19
株式会社ＣＯＲＥ,810-0003,福岡市中央区春吉二丁目１２番１１号,アクラス天神南１０１号,092-715-3595,Ｒｅｓｔａｕｒａｎｔ　ＲｅＣＯ,飲食店営業,一般食堂,福,中保衛,32010607,2026/12/31,2020/11/19,2020/11/19
,811-1302,福岡市南区井尻四丁目８番１５号,,092-574-3366,セブンイレブン福岡井尻４丁目店,飲食店営業,一般食堂,福,南保衛,32010099,2026/12/31,2020/11/19,2020/11/19
有限会社天峯ファーム,814-0103,福岡市城南区鳥飼六丁目７番７号,サンセーヌ城西１０１,092-707-6189,豊鶏スパイスカレー,飲食店営業,一般食堂,福,城保衛,32010036,2026/12/31,2020/11/19,2020/11/19
株式会社ＣＯＲＥ,814-0103,福岡市城南区鳥飼五丁目２番１８号,グリーンマンション鳥飼１１１号,092-822-5520,ラザニアＣＯＲＥ,飲食店営業,一般食堂,福,城保衛,32010040,2026/12/31,2020/11/19,2020/11/19
株式会社ＣＯＲＥ,814-0103,福岡市城南区鳥飼五丁目２番１８号,グリーンマンション鳥飼１１１号,092-822-5520,ラザニアＣＯＲＥ,そうざい製造業,なし,福,城保衛,32570004,2026/12/31,2020/11/19,2020/11/19
,814-0103,福岡市城南区鳥飼五丁目２番５４号,,092-851-0070,和助,飲食店営業,一般食堂,福,城保衛,32020042,2026/12/31,2020/11/19,2008/12/2
,814-0133,福岡市城南区七隈八丁目４番８号,,,Ｂ．Ｂ　ｋｉｔｃｈｅｎ,飲食店営業,一般食堂,福,城保衛,32020043,2026/12/31,2020/11/19,2014/10/27
有限会社スイートリサーチ,814-0022,福岡市早良区原五丁目１０番４号,,092-847-1760,ストロベリーガーデン,菓子製造業,一般,福,早保衛,32060008,2026/12/31,2020/11/19,2002/10/31
,814-0022,福岡市早良区原四丁目７番３６号,,092-844-3308,スナック　ビギン,飲食店営業,一般食堂,福,早保衛,32020128,2026/12/31,2020/11/19,1984/12/18
,814-0171,福岡市早良区野芥七丁目９番１３号,,092-865-2558,からあげ　たから,飲食店営業,そうざい,福,早保衛,32020129,2026/12/31,2020/11/19,2014/10/9
合同会社ＢｅＧｒａｐｈ,814-0002,福岡市早良区西新四丁目４番１５号,横丁ビル　２Ｆ,,ファンファーレ,飲食店営業,バー,福,早保衛,32010123,2026/12/31,2020/11/19,2020/11/19
有限会社　キッチンライフ,819-0379,福岡市西区北原一丁目９番１号,,092-805-6665,ほっともっと伊都店,飲食店営業,弁当屋,福,西保衛,32020084,2026/12/31,2020/11/19,2008/12/4
有限会社　紫垣商店,819-0055,福岡市西区生の松原一丁目１６番２４号,,092-882-0023,（有）紫垣商店,魚介類販売業,一般,福,西保衛,32140015,2026/12/31,2020/11/19,2008/10/14
合同会社　ＺＩＯＮ,810-0801,福岡市博多区中洲三丁目３番１号,ＴＭセレスビル　５階　５０２号室,,ＴＨＲＥＥ,飲食店営業,バー,福,博保衛,32010462,2026/12/31,2020/11/20,2020/11/20
,810-0801,福岡市博多区中洲二丁目６番１２号,中洲セントラルビル第５ラインビル　３階　１３号室,,ＢＡＲ　ＬＡＦＴＥＬ,飲食店営業,バー,福,博保衛,32010453,2026/12/31,2020/11/20,2020/11/20
,810-0801,福岡市博多区中洲二丁目７番１６号,あづまビル　５階　Ａ号,,Ｓｐｉｒｉｔ　ｂａｌｌ,飲食店営業,バー,福,博保衛,32010470,2026/12/31,2020/11/20,2020/11/20
,810-0801,福岡市博多区中洲二丁目６番１２号,中洲セントラル第５ラインビル　７階　７号室,092-271-0011,ブタミントカフェ,飲食店営業,バー,福,博保衛,32010458,2026/12/31,2020/11/20,2020/11/20
株式会社　柳川屋,810-0801,福岡市博多区中洲二丁目６番１２号,第５ラインビル　１階,092-281-1275,柳川屋,飲食店営業,一般食堂,福,博保衛,32020368,2026/12/31,2020/11/20,2002/12/27
有限会社　ターボマニア,810-0801,福岡市博多区中洲四丁目７番２１号,中野ビル　２階,092-291-8185,博多中洲　遊食亭,飲食店営業,一般食堂,福,博保衛,32020370,2026/12/31,2020/11/20,2008/12/16
株式会社　柳川屋,812-0011,福岡市博多区博多駅前三丁目１０番１４号,,092-451-7105,柳川屋,飲食店営業,一般食堂,福,博保衛,32020369,2026/12/31,2020/11/20,2002/12/27
株式会社　Ｔｈｉｒｄ,812-0013,福岡市博多区博多駅東二丁目９番５号,池松ビル　１Ｆ,092-409-7398,九州料理　すがわ,飲食店営業,一般食堂,福,博保衛,32010456,2026/12/31,2020/11/20,2020/11/20
,810-0044,福岡市中央区六本松四丁目７番３号,,092-771-4023,多津田,飲食店営業,一般食堂,福,中保衛,32020288,2026/12/31,2020/11/20,2002/12/19
株式会社エーデルワイス,810-0001,福岡市中央区天神二丁目５番３５号　Ｂ２Ｆ,,092-731-6206,アンテノール福岡岩田屋,菓子製造業,一般,福,中保衛,32060019,2026/12/31,2020/11/20,2014/11/4
株式会社２４ｇｒｏｕｐ,810-0002,福岡市中央区西中洲１番２１号,ＧＩＯビル４階,092-726-0002,博多もつ鍋二十四　西中洲店,飲食店営業,一般食堂,福,中保衛,32020289,2026/12/31,2020/11/20,2014/12/18
株式会社西鉄ステーションサービス,810-0001,福岡市中央区天神二丁目１番３６号,ソラリアターミナル３Ｆ,092-725-5845,ローソン西鉄天神高速バスターミナル,飲食店営業,一般食堂,福,中保衛,32020287,2026/12/31,2020/11/20,2014/12/8
,815-0042,福岡市南区若久三丁目１番１８号,,092-542-2557,新や亭,飲食店営業,一般食堂,福,南保衛,32020110,2026/12/31,2020/11/20,2014/12/26
,813-0011,福岡市東区香椎二丁目１７番１２号,,092-672-7750,デイリーヤマザキ香椎２丁目店,菓子製造業,一般,福,東保衛,32060014,2026/12/31,2020/11/24,2014/12/17
,812-0053,福岡市東区箱崎三丁目９番５３号,,092-631-5390,きのちゃん家,飲食店営業,一般食堂,福,東保衛,32020121,2026/12/31,2020/11/24,2002/12/13
,811-0202,福岡市東区和白三丁目２７番５０号,,092-606-4111,スナック　とまりぎ,飲食店営業,一般食堂,福,東保衛,32020120,2026/12/31,2020/11/24,2014/11/28
株式会社 ＳＨＩＮＥ,813-0032,福岡市東区土井二丁目１５番１６号,,092-673-1390,セブンイレブン福岡多々良小学校前,飲食店営業,一般食堂,福,東保衛,32010131,2026/12/31,2020/11/24,2020/11/24
,813-0041,福岡市東区水谷二丁目１４番１９号,,092-672-3018,デイリーヤマザキ 福岡水谷店,菓子製造業,パン,福,東保衛,32060015,2026/12/31,2020/11/24,2008/10/24
,813-0011,福岡市東区香椎二丁目１７番１２号,,092-672-7750,デイリーヤマザキ香椎２丁目店,飲食店営業,一般食堂,福,東保衛,32020122,2026/12/31,2020/11/24,2014/12/17
株式会社　ASADISA　LANKA,813-0044,福岡市東区千早五丁目１８番２号,,092-410-3737,OSUASIRI,飲食店営業,一般食堂,福,東保衛,32020118,2026/12/31,2020/11/24,2014/11/18
一般社団法人　社会福祉支援協会,812-0002,福岡市博多区空港前四丁目１番２５号,,092-627-2001,元気堂,飲食店営業,一般食堂,福,博保衛,32020377,2026/12/31,2020/11/24,2014/10/17
,810-0801,福岡市博多区中洲三丁目３番１号,ＴＭセレスビル　５階　５０５号,092-262-6400,セナールの森,飲食店営業,バー,福,博保衛,32010474,2026/12/31,2020/11/24,2020/11/24
華和　株式会社,812-0879,福岡市博多区銀天町三丁目３番３号,１Ｆ,092-586-8706,広東料理平安飯店,飲食店営業,中華店,福,博保衛,32010469,2026/12/31,2020/11/24,2020/11/24
,812-0041,福岡市博多区吉塚一丁目１８番５号,,092-621-5077,ミス　サイゴン,飲食店営業,一般食堂,福,博保衛,32010444,2026/12/31,2020/11/24,2020/11/24
,810-0801,福岡市博多区中洲二丁目１番１５号,,092-281-3382,メキシコ料理　ロシータ,飲食店営業,一般食堂,福,博保衛,32020373,2026/12/31,2020/11/24,1976/12/13
,810-0801,福岡市博多区中洲二丁目１番１１号,プレイスポットしんばし　４階,092-262-5567,家路,飲食店営業,一般食堂,福,博保衛,32020374,2026/12/31,2020/11/24,2008/10/3
,812-0026,福岡市博多区上川端町４番２３－６号,武内ビル　２Ｆ,092-262-8476,溶岩モツ鍋　外輪山,飲食店営業,一般食堂,福,博保衛,32020376,2026/12/31,2020/11/24,1991/12/5
,810-0801,福岡市博多区中洲四丁目３番８号,中山第一ビル　４階,092-282-3799,ＢＡＲ　６,飲食店営業,バー,福,博保衛,32020375,2026/12/31,2020/11/24,2008/11/6
,810-0801,福岡市博多区中洲二丁目５番２１号,ステージワンビル　３階,092-281-8369,メンバーズ　童里夢,飲食店営業,一般食堂,福,博保衛,32020372,2026/12/31,2020/11/24,2008/11/27
株式会社　ゆめマート熊本,812-0017,福岡市博多区美野島三丁目２０番５号,,092-471-8573,サニー美野島,飲食店営業,弁当屋,福,博保衛,32020371,2026/12/31,2020/11/24,2008/10/2
株式会社　ゆめマート熊本,812-0017,福岡市博多区美野島三丁目２０番５号,,092-471-8573,サニー美野島,菓子製造業,一般,福,博保衛,32060011,2026/12/31,2020/11/24,2008/10/24
,810-0004,福岡市中央区渡辺通二丁目３番２７号,,092-781-5818,いちい寿し,飲食店営業,すし屋,福,中保衛,32020293,2026/12/31,2020/11/24,1986/10/9
,810-0024,福岡市中央区桜坂二丁目６番１５号,,092-751-3691,彦寿司,飲食店営業,すし屋,福,中保衛,32020290,2026/12/31,2020/11/24,1970/11/16
,810-0012,福岡市中央区白金一丁目９番１８号,,092-526-8330,あかりや,飲食店営業,一般食堂,福,中保衛,32020292,2026/12/31,2020/11/24,2014/11/13
株式会社丸十食品,810-0074,福岡市中央区大手門一丁目３番２３ー１号,,092-781-0071,株式会社丸十食品,食肉販売業,一般,福,中保衛,32330095,2026/12/31,2020/11/24,2020/11/24
,810-0045,福岡市中央区草香江一丁目８番２４号,フローラ大濠１０１号,,Ｊａｓｍｉｎｅ,飲食店営業,主として喫茶,福,中保衛,32010484,2026/12/31,2020/11/24,2020/11/24
,810-0021,福岡市中央区今泉一丁目２３番４号,ｒｅｍｉｘ天神Ｂ０５,,Ｃａｍｅｌｉａ,飲食店営業,バー,福,中保衛,32010595,2026/12/31,2020/11/24,2020/11/24
株式会社PHOENIX・ジャパン,810-0073,福岡市中央区舞鶴一丁目８番２号,,092-981-1580,辛麺　ここから,飲食店営業,一般食堂,福,中保衛,32010613,2026/12/31,2020/11/24,2020/11/24
株式会社ゆめマート熊本,810-0036,福岡市中央区梅光園団地８番１号,,092-733-6255,サニー梅光園,魚介類販売業,一般,福,中保衛,32140020,2026/12/31,2020/11/24,1996/10/15
株式会社ゆめマート熊本,810-0033,福岡市中央区小笹三丁目１０番３３号,,092-534-7632,サニー小笹,魚介類販売業,一般,福,中保衛,32140019,2026/12/31,2020/11/24,2002/10/25
株式会社ゆめマート熊本,810-0033,福岡市中央区小笹三丁目１０番３３号,,092-534-7632,サニー小笹,飲食店営業,そうざい,福,中保衛,32020291,2026/12/31,2020/11/24,2002/10/25
ＪＲ九州ファーストフーズ株式会社,810-0001,福岡市中央区天神二丁目１番１号,地下１号０１９,092-753-8657,シナボン・シアトルズベストコーヒー天神地下街店,菓子製造業,一般,福,中保衛,32050080,2026/12/31,2020/11/24,2020/11/24
ＪＲ九州ファーストフーズ株式会社,810-0001,福岡市中央区天神二丁目１番１号,地下１号０１９,092-753-8657,シナボン・シアトルズベストコーヒー天神地下街店,飲食店営業,一般食堂,福,中保衛,32010576,2026/12/31,2020/11/24,2020/11/24
東洋カンパニー株式会社,815-0004,福岡市南区高木一丁目１６番３７号,,092-292-3337,宝満ヴィラ大橋南,飲食店営業,一般食堂,福,南保衛,32010115,2026/12/31,2020/11/24,2020/11/24
株式会社ゆめマート熊本,814-0152,福岡市城南区堤団地２８番１号,,092-871-1400,サニー堤,魚介類販売業,一般,福,城保衛,32140010,2026/12/31,2020/11/24,2002/12/10
,814-0175,福岡市早良区田村四丁目１２番１０号,,092-864-9455,モンサンミッシェル,菓子製造業,一般,福,早保衛,32060009,2026/12/31,2020/11/24,1996/10/18
,814-0021,福岡市早良区荒江二丁目６番１号,,092-841-0129,プリンセス・コーヒー,飲食店営業,一般食堂,福,早保衛,32020130,2026/12/31,2020/11/24,1996/10/3
福岡市漁業協同組合,819-0202,福岡市西区西浦１１５８番地,,092-809-2231,漁村センター,飲食店営業,仕出し,福,西保衛,32020085,2026/12/31,2020/11/24,2014/10/2
,819-0002,福岡市西区姪の浜四丁目２３番１０号,ＢＥ－ＳＱＵＡＥＲ５０１号,092-891-8050,居酒屋たかぞう,飲食店営業,一般食堂,福,西保衛,32020086,2026/12/31,2020/11/24,2014/12/5
有限会社　一柳,819-0366,福岡市西区横浜三丁目３６番８号,,092-805-8505,パティスリー　イチリュウ,菓子製造業,一般,福,西保衛,32060011,2026/12/31,2020/11/24,2014/10/6
有限会社デボン神戸屋,812-0063,福岡市東区原田一丁目１８番２４号,,,有限会社デボン神戸屋第二工場,食品の冷凍又は冷蔵業,なし,福,東保衛,32200008,2026/12/31,2020/11/25,2008/11/27
有限会社 デボン神戸屋,812-0063,福岡市東区原田一丁目１８番２４号,,092-611-8667,有限会社 デボン神戸屋 第二工場,食肉処理業,食肉処理,福,東保衛,32320003,2026/12/31,2020/11/25,2008/10/23
株式会社 釜揚げ牧のうどん,811-0204,福岡市東区奈多一丁目１０番７号,,092-608-4143,㈱釜揚げ牧のうどん 奈多店,飲食店営業,うどん屋,福,東保衛,32020124,2026/12/31,2020/11/25,1986/10/30
,811-0206,福岡市東区雁の巣二丁目２２番３０号,,092-608-7360,奈多利庵,飲食店営業,一般食堂,福,東保衛,32020125,2026/12/31,2020/11/25,2014/10/3
,813-0032,福岡市東区土井一丁目１８番１８号,,092-691-1188,セブンイレブン 福岡土井１丁目店,飲食店営業,一般食堂,福,東保衛,32020123,2026/12/31,2020/11/25,2014/10/27
株式会社 Ｆｏｏｄ　Ｄｉｓｃｏｖｅｒｙ,813-0035,福岡市東区松崎一丁目５９番１９号,,092-682-2858,海鮮丼　日の出仕込場,飲食店営業,仕出し,福,東保衛,32010130,2026/12/31,2020/11/25,2020/11/25
スマイルスイッチ　株式会社,812-0016,福岡市博多区博多駅南一丁目２番３号,博多駅前第１ビル　１Ｆ,092-452-0202,炭　かこヰ,飲食店営業,一般食堂,福,博保衛,32010461,2026/12/31,2020/11/25,2020/11/25
株式会社　御膳屋,812-0027,福岡市博多区下川端町２番１号,博多座西銀再開発ビル　Ｂ２Ｆ,092-281-1388,御膳屋菴離,食品の冷凍又は冷蔵業,なし,福,博保衛,32190011,2026/12/31,2020/11/25,2020/11/25
株式会社　御膳屋,812-0027,福岡市博多区下川端町２番１号,博多座西銀再開発ビル　Ｂ２Ｆ,092-281-1388,御膳屋菴離,食肉販売業,一般,福,博保衛,32330095,2026/12/31,2020/11/25,2020/11/25
株式会社　御膳屋,812-0027,福岡市博多区下川端町２番１号,博多座西銀再開発ビル　Ｂ２Ｆ,092-281-1388,御膳屋菴離,そうざい製造業,なし,福,博保衛,32570015,2026/12/31,2020/11/25,2020/11/25
株式会社　御膳屋,812-0027,福岡市博多区下川端町２番１号,博多座西銀再開発ビル　Ｂ２Ｆ,092-281-1388,御膳屋菴離,菓子製造業,一般,福,博保衛,32050024,2026/12/31,2020/11/25,2020/11/25
株式会社　やま中,812-0013,福岡市博多区博多駅東二丁目４番６号,ハカタベビル　２Ｆ,092-260-8517,博多もつ鍋　やま中博多店,飲食店営業,一般食堂,福,博保衛,32010381,2026/12/31,2020/11/25,2020/11/25
株式会社　やま中,812-0013,福岡市博多区博多駅東二丁目４番６号,ハカタベビル　２Ｆ,092-260-8517,博多もつ鍋　やま中博多店,食肉販売業,一般,福,博保衛,32330086,2026/12/31,2020/11/25,2020/11/25
株式会社　ナイン,812-0016,福岡市博多区博多駅南一丁目２番１８号,１Ｆ,092-472-1129,肉いち,飲食店営業,一般食堂,福,博保衛,32020379,2026/12/31,2020/11/25,2014/12/15
日本遠洋旋網漁業協同組合,810-0072,福岡市中央区長浜三丁目１３番２号,４Ｆ・２Ｆ,092-711-6361,エンマキ　製氷冷凍工場,氷雪製造業,一般,福,中保衛,32640001,2026/12/31,2020/11/25,1991/11/5
,810-0011,福岡市中央区高砂一丁目１６番３６号,ライオンズマンション高砂１Ｆ,092-524-3248,仁和加,飲食店営業,一般食堂,福,中保衛,32020295,2026/12/31,2020/11/25,2014/11/17
有限会社ミラクルズ,810-0011,福岡市中央区高砂二丁目６番１８号,,092-525-4016,ル　ミストラル,飲食店営業,レストラン,福,中保衛,32020294,2026/12/31,2020/11/25,2008/11/27
,810-0001,福岡市中央区天神三丁目３番７号,天神応順ビル１・２Ｆ,092-712-3093,風街,飲食店営業,一般食堂,福,中保衛,32020296,2026/12/31,2020/11/25,1996/10/18
,810-0062,福岡市中央区荒戸二丁目４番１号,,092-713-8377,ＴＯＭＯ,飲食店営業,一般食堂,福,中保衛,32020297,2026/12/31,2020/11/25,2014/10/10
株式会社ＮＵＲ,810-0041,福岡市中央区大名一丁目１２番６号,３Ｆ,092-732-3311,イタリアン酒場イソラ,飲食店営業,一般食堂,福,中保衛,32010616,2026/12/31,2020/11/25,2020/11/25
株式会社ＴＭＦ,810-0022,福岡市中央区薬院三丁目１６番２６号,西鉄薬院ビル１Ｆ,092-521-2488,元祖　ぴかいち　薬院店,飲食店営業,一般食堂,福,中保衛,32010441,2026/12/31,2020/11/25,2020/11/25
,810-0044,福岡市中央区六本松一丁目２番１４号,,092-207-3434,すし宗,魚介類販売業,一般,福,中保衛,32130040,2026/12/31,2020/11/25,2020/11/25
,810-0041,福岡市中央区大名一丁目８番３３号,大名エイトビル１０３,092-712-9323,歌志軒　大名,飲食店営業,一般食堂,福,中保衛,32010599,2026/12/31,2020/11/25,2020/11/25
,810-0001,福岡市中央区天神二丁目６番２０号,鞍垣ビル２階,092-761-6777,美庵,飲食店営業,一般食堂,福,中保衛,32020298,2026/12/31,2020/11/25,1986/10/9
,811-1346,福岡市南区老司二丁目２番３号,クレットハイム　１Ｆ,092-565-4108,ふきよせ,飲食店営業,一般食堂,福,南保衛,32020111,2026/12/31,2020/11/25,2014/12/10
株式会社セレーノ,815-0063,福岡市南区柳河内一丁目２番２号,,092-511-4400,ベビーフェイスプラネッツ野間大池店,飲食店営業,レストラン,福,南保衛,32020112,2026/12/31,2020/11/25,2008/12/9
株式会社ＮＥＸＴ,811-1323,福岡市南区弥永一丁目３４番６－１０２,,092-231-0778,よもぎ肉うどん・角打ち　一,飲食店営業,一般食堂,福,南保衛,32010104,2026/12/31,2020/11/25,2020/11/25
,814-0002,福岡市早良区西新五丁目４番２１－６号,,092-851-7096,中華そば　六,飲食店営業,一般食堂,福,早保衛,32020131,2026/12/31,2020/11/25,2008/10/28
有限会社匠,814-0165,福岡市早良区次郎丸五丁目１６番１５号,,092-873-3395,宅配クック１２３福岡西店,飲食店営業,弁当屋,福,早保衛,32010118,2026/12/31,2020/11/25,2020/11/25
株式会社きびる,814-0001,福岡市早良区百道浜二丁目３番２号,ＴＮＣ放送会館　１Ｆ,092-836-5945,カフェオットー　モモチハマ,飲食店営業,一般食堂,福,早保衛,32010121,2026/12/31,2020/11/25,2020/11/25
株式会社きびる,814-0001,福岡市早良区百道浜二丁目３番２号,ＴＮＣ放送会館　１Ｆ,092-836-5945,カフェオットー　モモチハマ,そうざい製造業,なし,福,早保衛,32570007,2026/12/31,2020/11/25,2020/11/25
株式会社墨朋,819-0055,福岡市西区生の松原一丁目３４番３５号,,092-707-7597,生之松原測候所,飲食店営業,一般食堂,福,西保衛,32010076,2026/12/31,2020/11/25,2020/11/25
,813-0003,福岡市東区香住ヶ丘二丁目１２番２２号,,092-681-7889,ホットドック Ｄａｉｍｏｎ,飲食店営業,一般食堂,福,東保衛,32020126,2026/12/31,2020/11/26,2002/10/18
ビーエルダイニング株式会社,813-0044,福岡市東区千早三丁目６番３７号,,,ビーエルダイニング,そうざい製造業,なし,福,東保衛,32570003,2026/12/31,2020/11/26,2020/11/26
ビーエルダイニング株式会社,813-0044,福岡市東区千早三丁目６番３７号,,,ビーエルダイニング,飲食店営業,弁当屋,福,東保衛,32010139,2026/12/31,2020/11/26,2020/11/26
株式会社　博多ニシムラ魚肉加工,812-0888,福岡市博多区板付二丁目７番２７号,,092-915-9898,（株）博多ニシムラ魚肉加工,魚肉ねり製品製造業,一般,福,博保衛,32180003,2026/12/31,2020/11/26,1979/10/4
,812-0016,福岡市博多区博多駅南二丁目３番１８号,大真ビル　２Ｆ,092-483-3872,月婷,飲食店営業,一般食堂,福,博保衛,32010467,2026/12/31,2020/11/26,2020/11/26
,810-0801,福岡市博多区中洲四丁目１番１８号,セブンビル２　５階　５０１号室,,ＲＥＡＬ,飲食店営業,バー,福,博保衛,32010457,2026/12/31,2020/11/26,2020/11/26
株式会社　宝縁,810-0801,福岡市博多区中洲五丁目４番１０号,グランエターナ福岡天神橋　２階,092-263-3099,博多かんべえ別邸,そうざい製造業,なし,福,博保衛,32570013,2026/12/31,2020/11/26,2020/11/26
株式会社　宝縁,810-0801,福岡市博多区中洲五丁目４番１０号,グランエターナ福岡天神橋　２階,092-263-3099,博多かんべえ別邸,めん類製造業,一般,福,博保衛,32550004,2026/12/31,2020/11/26,2020/11/26
,812-0044,福岡市博多区千代一丁目１６番１６号,,092-651-4848,福豆屋,菓子製造業,一般,福,博保衛,32050025,2026/12/31,2020/11/26,2020/11/26
株式会社　アリアプロジェット,810-0801,福岡市博多区中洲四丁目１番１号,あざみビル　１階、２階,092-283-4343,会員制　アリア,飲食店営業,カフェー,福,博保衛,32010472,2026/12/31,2020/11/26,2020/11/26
,810-0801,福岡市博多区中洲四丁目１番３３号,第一タワービル　４階　Ａ号室,092-281-9059,Ｌｏｏｃ,飲食店営業,一般食堂,福,博保衛,32010455,2026/12/31,2020/11/26,2020/11/26
,812-0017,福岡市博多区美野島三丁目１５番６号,シティライフ博多駅南　１F,092-481-5220,下町屋,飲食店営業,一般食堂,福,博保衛,32020384,2026/12/31,2020/11/26,2008/12/24
株式会社　レインボーカラー,812-0011,福岡市博多区博多駅前二丁目３番１４号,マルイト博多ビル　２Ｆ,092-477-6101,ふとっぱら　博多駅博多口店,飲食店営業,一般食堂,福,博保衛,32020382,2026/12/31,2020/11/26,2008/11/28
,810-0801,福岡市博多区中洲三丁目６番７号,ギャラリー山本ビル　５階,092-272-1517,Ｒ’ｓ　ｇ♡ ｂ,飲食店営業,バー,福,博保衛,32020381,2026/12/31,2020/11/26,2014/10/21
,810-0004,福岡市中央区渡辺通二丁目３番８号,渡辺通カステリア１Ｆ,092-734-3450,フルールアミ,飲食店営業,一般食堂,福,中保衛,32020299,2026/12/31,2020/11/26,2014/10/9
,810-0041,福岡市中央区大名一丁目１４番４５号,鴻池ビルＢ１,092-716-3483,テイスト　ファイブ,飲食店営業,主として喫茶,福,中保衛,32020300,2026/12/31,2020/11/26,2002/12/13
,810-0021,福岡市中央区今泉一丁目２１番１０号,ウイングボックス天神４０Ａ,092-711-0300,スナック未知世,飲食店営業,バー,福,中保衛,32020301,2026/12/31,2020/11/26,2008/11/12
,810-0012,福岡市中央区白金一丁目１番１２号,アサリコーポラス２０４,092-534-2188,四季のお料理　こやしき,飲食店営業,一般食堂,福,中保衛,32020302,2026/12/31,2020/11/26,2008/11/28
,810-0002,福岡市中央区西中洲４番６号,リップルビル１階,092-733-1046,ＭＹＭＯＮ西中洲,飲食店営業,バー,福,中保衛,32010600,2026/12/31,2020/11/26,2020/11/26
,810-0014,福岡市中央区平尾二丁目２番２１号,シティマンション平尾Ⅱ　１０２,092-522-5488,GOLF　BAR　D　RUSH,飲食店営業,バー,福,中保衛,32020303,2026/12/31,2020/11/26,2014/12/18
,811-1302,福岡市南区井尻五丁目７番２１号,シャトレ上の原３号室,092-585-5333,鉄板　がく,飲食店営業,一般食堂,福,南保衛,32020115,2026/12/31,2020/11/26,2008/10/27
株式会社マルキョウ,811-1361,福岡市南区西長住三丁目１３番２０号,,092-512-0028,株式会社マルキョウ桧原店,飲食店営業,すし屋,福,南保衛,32010097,2026/12/31,2020/11/26,2020/11/26
株式会社マルキョウ,811-1361,福岡市南区西長住三丁目１３番２０号,,092-512-0028,株式会社マルキョウ桧原店,菓子製造業,一般,福,南保衛,32050019,2026/12/31,2020/11/26,2020/11/26
,814-0104,福岡市城南区別府一丁目１番１号,,092-841-2988,博多しゃぶしゃぶ　あり田,飲食店営業,一般食堂,福,城保衛,32020045,2026/12/31,2020/11/26,2014/12/8
株式会社ウエスト,814-0032,福岡市早良区小田部二丁目１番２６号,,092-843-0011,（株）ウエスト原店　焼肉コーナー,飲食店営業,一般食堂,福,早保衛,32020133,2026/12/31,2020/11/26,2008/11/27
合資会社フォレスト,814-0031,福岡市早良区南庄二丁目１２番２号,,092-831-6625,ローソン南庄２丁目店,飲食店営業,一般食堂,福,早保衛,32020134,2026/12/31,2020/11/26,2008/11/28
,814-0006,福岡市早良区百道一丁目４番１５号　Ｂ１Ｆ,,,広島お好み焼き・鉄板焼　Ｌａｂｏ　とものや,飲食店営業,一般食堂,福,早保衛,32010085,2026/12/31,2020/11/26,2020/11/26
株式会社HR,814-0032,福岡市早良区小田部一丁目１８番１０号,,092-822-8266,来来亭　小田部店,飲食店営業,一般食堂,福,早保衛,32010126,2026/12/31,2020/11/26,2020/11/26
,819-0167,福岡市西区今宿二丁目５番４－１０５号,エムスクエア,092-806-6024,インド料理サプナ　ＩＮＤＩＡＮ　ＲＥＳＴＡＵＲＡＮＴ　　ＳＡＰＵＮＡ,飲食店営業,一般食堂,福,西保衛,32020089,2026/12/31,2020/11/26,2008/11/18
,819-0201,福岡市西区宮浦２０２３番地１,,092-809-1730,やきとり海香,飲食店営業,一般食堂,福,西保衛,32020088,2026/12/31,2020/11/26,1980/12/19
,819-0002,福岡市西区姪の浜四丁目２３番１０号１Ｆ,ＢＥ－ＳＱＵＡＲＥビル,092-834-3939,ａｎｉｍａ,飲食店営業,一般食堂,福,西保衛,32010077,2026/12/31,2020/11/26,2020/11/26
,812-0054,福岡市東区馬出二丁目２番１２号,柴田ビル１F,092-641-8288,楽食 あかぎんち,飲食店営業,一般食堂,福,東保衛,32020128,2026/12/31,2020/11/27,2014/10/16
,813-0031,福岡市東区八田一丁目６番２４号,,092-691-2839,土井　千鳥寿司,飲食店営業,一般食堂,福,東保衛,32010138,2026/12/31,2020/11/27,2020/11/27
,810-0801,福岡市博多区中洲二丁目６番１２号,中洲セントラル第５ラインビル　６階　７号室,092-271-1481,ＭＥＭＢＥＲＳ　Ｍ,飲食店営業,バー,福,博保衛,32010468,2026/12/31,2020/11/27,2020/11/27
株式会社　鮨隆・本店,812-0013,福岡市博多区博多駅東一丁目１２番１号,,092-431-6046,鮨隆,飲食店営業,すし屋,福,博保衛,32020387,2026/12/31,2020/11/27,2008/11/4
有限会社　水たき長野,812-0020,福岡市博多区対馬小路１番６号,,092-281-2200,水たき長野,飲食店営業,料理店,福,博保衛,32020386,2026/12/31,2020/11/27,1986/11/6
,810-0801,福岡市博多区中洲二丁目７番１０号,植田ビル　２階　２０１号,092-291-8025,Ｍｉｃｈｉｋｏ,飲食店営業,バー,福,博保衛,32020388,2026/12/31,2020/11/27,2014/12/12
,812-0011,福岡市博多区博多駅前四丁目１５番１６号,２Ｆ,092-474-3130,Ｔｒｕｅ　Ｃｏｌｏｒ,飲食店営業,一般食堂,福,博保衛,32020385,2026/12/31,2020/11/27,2014/11/26
,810-0073,福岡市中央区舞鶴一丁目３番５号,,092-732-8241,此乃美　舞鶴本店,飲食店営業,一般食堂,福,中保衛,32010627,2026/12/31,2020/11/27,2020/11/27
,810-0002,福岡市中央区西中洲３番６号,蓮スクエア３０１,,シーシャラウンジ　ペルシア,飲食店営業,バー,福,中保衛,32010623,2026/12/31,2020/11/27,2020/11/27
ＪＲ九州フードサービス株式会社,810-0001,福岡市中央区天神二丁目９番１８号,福岡パルコ新館Ｂ２Ｆ,092-235-7436,スープストックトーキョー　福岡パルコ店,飲食店営業,一般食堂,福,中保衛,32020305,2026/12/31,2020/11/27,2014/10/22
,811-1356,福岡市南区花畑一丁目７番１４号,,092-554-2875,ファミリーマート福岡花畑１丁目店,飲食店営業,一般食堂,福,南保衛,32010116,2026/12/31,2020/11/27,2020/11/27
株式会社魚国総本社,814-0014,福岡市早良区弥生二丁目３番２５号,,092-847-1518,魚国総本社・福岡２９１８４９,飲食店営業,一般食堂,福,早保衛,32020135,2026/12/31,2020/11/27,2014/11/21
株式会社魚国総本社,814-0015,福岡市早良区室見二丁目１５番２７号,,092-847-1515,魚国総本社・福岡２９１８５０,飲食店営業,一般食堂,福,早保衛,32020136,2026/12/31,2020/11/27,2014/12/3
,814-0033,福岡市早良区有田三丁目１番１２号,,092-851-9707,やすかば食堂,飲食店営業,一般食堂,福,早保衛,32020137,2026/12/31,2020/11/27,2002/12/4
東洋カンパニー株式会社,814-0032,福岡市早良区小田部六丁目１１番１５号,,092-822-0112,東洋カンパニー株式会社　原口病院事業所,飲食店営業,一般食堂,福,早保衛,32010125,2026/12/31,2020/11/27,2020/11/27
福岡市農業協同組合,819-0162,福岡市西区今宿青木２５１番地１,,092-807-1233,ＪＡファーム福岡調理室,飲食店営業,弁当屋,福,西保衛,32020090,2026/12/31,2020/11/27,2014/12/15
株式会社 笑,813-0044,福岡市東区千早一丁目９番２－１０８号,,092-661-6620,肉屋,食肉販売業,一般,福,東保衛,32340036,2026/12/31,2020/11/30,2008/11/4
,811-0321,福岡市東区西戸崎三丁目１番１号,,092-603-0114,堀井酒店,飲食店営業,一般食堂,福,東保衛,32020130,2026/12/31,2020/11/30,2002/12/9
Ｋフードサービス株式会社,812-0054,福岡市東区馬出二丁目１番１０号川口ビル１Ｆ,,092-409-5847,桜家,飲食店営業,一般食堂,福,東保衛,32010137,2026/12/31,2020/11/30,2020/11/30
合同会社　そらＢＥＮ,812-0011,福岡市博多区博多駅前二丁目１０番１２号,,092-471-6713,ほっともっと　博多駅前２丁目店,飲食店営業,弁当屋,福,博保衛,32010486,2026/12/31,2020/11/30,2020/11/30
トリゼンダイニング　株式会社,812-0041,福岡市博多区吉塚一丁目１４番６号,,092-409-3209,アジアンプラザ,飲食店営業,一般食堂,福,博保衛,32010482,2026/12/31,2020/11/30,2020/11/30
,810-0801,福岡市博多区中洲二丁目８番２号,パインコート中洲ビル　４階　４０３号室,,ＭＫ５,飲食店営業,バー,福,博保衛,32010494,2026/12/31,2020/11/30,2020/11/30
,810-0801,福岡市博多区中洲二丁目６番７号,ジョイフルヤマモトビル　６階　６号室,092-282-5737,ＰＬＡＮＥＴＡＲＩＵＭ,飲食店営業,バー,福,博保衛,32010497,2026/12/31,2020/11/30,2020/11/30
,810-0801,福岡市博多区中洲二丁目７番３号,リトル中洲ビル　５階　５０３号室,092-231-2862,会員制　ＬＡ　ＣＡＭＰＡＮＥＬＬＡ,飲食店営業,バー,福,博保衛,32010485,2026/12/31,2020/11/30,2020/11/30
合同会社　サンビ,812-0894,福岡市博多区諸岡一丁目６番３６号,日下部ビル　１Ｆ,092-575-0690,ほっともっと諸岡店,飲食店営業,弁当屋,福,博保衛,32010493,2026/12/31,2020/11/30,2020/11/30
,810-0801,福岡市博多区中洲二丁目１番５号,陽光ビル　３階　３０１号,092-281-2556,ｍｅｍｂｅｒ’ｓ　Ｍ,飲食店営業,バー,福,博保衛,32020392,2026/12/31,2020/11/30,2014/11/5
,810-0801,福岡市博多区中洲三丁目１番２号,新川丈ビル　２階,092-282-0618,Ｍｅｍｂｅｒ’ｓ８６Ｈａｒｕ,飲食店営業,バー,福,博保衛,32020390,2026/12/31,2020/11/30,2014/11/20
日清医療食品　株式会社,812-0044,福岡市博多区千代二丁目１３番１９号,５Ｆ,092-643-4910,日清医療食品株式会社　木村病院事業所,飲食店営業,一般食堂,福,博保衛,32010491,2026/12/31,2020/11/30,2020/11/30
,810-0063,福岡市中央区唐人町一丁目１１番３号,,092-751-6620,柳川屋,飲食店営業,そうざい,福,中保衛,32020308,2026/12/31,2020/11/30,1978/12/28
,810-0002,福岡市中央区西中洲１番１８号,関ビル２Ｆ,092-761-2899,魚矢,飲食店営業,一般食堂,福,中保衛,32020306,2026/12/31,2020/11/30,1996/11/26
,810-0012,福岡市中央区白金二丁目１２番２１号,立部ビルⅡ　２階,092-531-1690,白金マージャンクラブ,飲食店営業,一般食堂,福,中保衛,32020307,2026/12/31,2020/11/30,2014/10/31
,810-0014,福岡市中央区平尾二丁目１７番６号,山荘第２アパート１０１,092-404-3270,日々ノ珈琲,喫茶店営業,一般,福,中保衛,32240019,2026/12/31,2020/11/30,2008/10/17
株式会社　観山,810-0031,福岡市中央区谷一丁目３番２０号,桜坂観山荘地下２Ｆ,092-721-5588,桜坂観山荘,そうざい製造業,なし,福,中保衛,32580005,2026/12/31,2020/11/30,2014/10/14
,810-0011,福岡市中央区高砂一丁目１５番３３号,ＳＰＡＺＩＯ高砂１Ｆ,092-526-4050,らいじん,飲食店営業,一般食堂,福,中保衛,32020309,2026/12/31,2020/11/30,2014/10/14
株式会社Ｏ・Ｂ・Ｕ　Ｃｏｍｐａｎｙ,810-0002,福岡市中央区西中洲５番９号,,092-732-3277,博多ほたる西中洲本店,飲食店営業,一般食堂,福,中保衛,32020311,2026/12/31,2020/11/30,2014/12/8
株式会社　北辰水産,810-0001,福岡市中央区天神一丁目４番１号,博多大丸東館　B２F,092-712-8181,北辰水産第二作業場,魚介類販売業,一般,福,中保衛,32140021,2026/12/31,2020/11/30,2008/12/3
,810-0023,福岡市中央区警固一丁目１番２３号,ＫＩＫＵＥビル１Ｆ,092-714-0112,ザ　ケルツ,飲食店営業,一般食堂,福,中保衛,32010633,2026/12/31,2020/11/30,2020/11/30
株式会社ジョルジュマルソー,810-0004,福岡市中央区渡辺通五丁目８番１９号,マイスタア５　２Ｆ,092-741-5233,ジョルジュマルソーラボ,食品の冷凍又は冷蔵業,なし,福,中保衛,32190004,2026/12/31,2020/11/30,2020/11/30
株式会社ジョルジュマルソー,810-0004,福岡市中央区渡辺通五丁目８番１９号,マイスタア５　２Ｆ,092-741-5233,ジョルジュマルソーラボ,菓子製造業,一般,福,中保衛,32050071,2026/12/31,2020/11/30,2020/11/30
株式会社ジョルジュマルソー,810-0004,福岡市中央区渡辺通五丁目８番１９号,マイスタア５　２Ｆ,092-741-5233,ジョルジュマルソーラボ,そうざい製造業,なし,福,中保衛,32570021,2026/12/31,2020/11/30,2020/11/30
株式会社イズ,810-0073,福岡市中央区舞鶴一丁目８番２８号,１Ｆ,,ＴＯＲＩＫＯ,飲食店営業,一般食堂,福,中保衛,32010604,2026/12/31,2020/11/30,2020/11/30
アイビーカンパニー株式会社,810-8717,福岡市中央区天神一丁目４番１号,大丸福岡天神店本館３Ｆ,092-753-9526,アフタヌーンティー・ティールーム 大丸福岡天神店,飲食店営業,一般食堂,福,中保衛,32020310,2026/12/31,2020/11/30,2014/10/6
株式会社Ｃ＆Ｇ　Ｖａｌｕｅ　Ｄｅｓｉｇｎ,810-0032,福岡市中央区輝国一丁目１番３３号,ヒルトップリゾート福岡,092-771-2131,ガーデンレストランk,そうざい製造業,なし,福,中保衛,32570022,2026/12/31,2020/11/30,2020/11/30
,815-0041,福岡市南区野間一丁目２番１２号,美杉館１Ｆ,092-562-0121,ツバクロコーヒー,飲食店営業,主として喫茶,福,南保衛,32020116,2026/12/31,2020/11/30,2014/11/5
,815-0041,福岡市南区野間三丁目４番５号,冨田ビル１Ｆ,092-541-0184,Ｂａｒ　Ｐｅａｃｅ,飲食店営業,一般食堂,福,南保衛,32020117,2026/12/31,2020/11/30,2002/11/28
株式会社アリエル,814-0002,福岡市早良区西新五丁目２番３２号,,092-852-8848,土間土間　西新店,飲食店営業,一般食堂,福,早保衛,32020139,2026/12/31,2020/11/30,2008/10/28
,811-1121,福岡市早良区西入部四丁目２番２２号,,092-804-3582,さわら手づくり厨房,菓子製造業,一般,福,早保衛,32060010,2026/12/31,2020/11/30,2014/11/10
株式会社ドリームクリエイト,811-1102,福岡市早良区東入部二丁目２番６－１０５号,,092-804-8088,大分からあげ　わん,飲食店営業,弁当屋,福,早保衛,32010119,2026/12/31,2020/11/30,2020/11/30
,814-0015,福岡市早良区室見四丁目１番２０号,エム・ユー１　１０１号室,,からあげ屋　チキンハウス　福岡早良店,食肉販売業,一般,福,早保衛,32340018,2026/12/31,2020/11/30,2014/10/16
,819-0022,福岡市西区福重四丁目１４番２２号,,092-891-7423,まいん,飲食店営業,一般食堂,福,西保衛,32020091,2026/12/31,2020/11/30,1987/12/4
久保田観光株式会社,819-0012,福岡市西区能古大泊,,092-881-0948,能古島キャンプ村,飲食店営業,一般食堂,福,西保衛,32020092,2026/12/31,2020/11/30,2008/10/23
,819-0168,福岡市西区今宿駅前一丁目３番２８号,今宿ホワイトマンション,092-806-8300,たく家,飲食店営業,一般食堂,福,西保衛,32020094,2026/12/31,2020/11/30,2008/12/5
,819-0167,福岡市西区今宿一丁目５番１４－７号,,092-806-1592,スナックロマン,飲食店営業,一般食堂,福,西保衛,32020093,2026/12/31,2020/11/30,2014/12/26
,819-0032,福岡市西区戸切三丁目１番４号,,092-811-1073,たくみ屋,魚介類販売業,一般,福,西保衛,32140016,2026/12/31,2020/11/30,2008/12/4
ザッカ商事有限会社,819-0025,福岡市西区石丸三丁目４番３号,,092-894-3625,ファミリーマート　福岡石丸三丁目店,飲食店営業,一般食堂,福,西保衛,32020096,2026/12/31,2020/11/30,2014/10/15
株式会社 Plan・Do・See,811-0321,福岡市東区西戸崎１８番２５号,,092-603-2525,バンケットキッチン,食品の冷凍又は冷蔵業,なし,福,東保衛,32190007,2026/12/31,2020/12/1,2020/12/1
株式会社　にくのえきキング,812-0879,福岡市博多区銀天町一丁目３番２２号,,,やずや,飲食店営業,一般食堂,福,博保衛,32010452,2026/12/31,2020/12/1,2020/12/1
株式会社　ＳＴＡＮＤ　ＦＩＶＥ,810-0801,福岡市博多区中洲三丁目３番８号,多門通り　２階,092-402-0765,Ｍｉｓｓ　Ｐａｎｄａ,飲食店営業,バー,福,博保衛,32010480,2026/12/31,2020/12/1,2020/12/1
,810-0801,福岡市博多区中洲四丁目７番７号,中洲ＲＩＣＨビル　２階,,ワンカジノ,飲食店営業,バー,福,博保衛,32010418,2026/12/31,2020/12/1,2020/12/1
株式会社　快適空間創造研究所,812-0012,福岡市博多区博多駅中央街２番１号,博多バスターミナル　８Ｆ,092-482-0811,スパゲッティのパンチョ　博多バスターミナル店,飲食店営業,一般食堂,福,博保衛,32010379,2026/12/31,2020/12/1,2020/12/1
シダックス大新東ヒューマンサービス　株式会社,812-0016,福岡市博多区博多駅南五丁目２４番１６号,,092-481-0421,大豊建設（株）九州支店　博多寮,飲食店営業,一般食堂,福,博保衛,32020397,2026/12/31,2020/12/1,1996/12/13
有限会社　林家産業,812-0017,福岡市博多区美野島二丁目２番２０－２号,,092-405-1288,鉄なべ美野島店,飲食店営業,一般食堂,福,博保衛,32020399,2026/12/31,2020/12/1,2014/10/23
,812-0017,福岡市博多区美野島二丁目１２番１０号,,092-473-7765,バー＆カラオケ　ポコアポコ,飲食店営業,バー,福,博保衛,32020393,2026/12/31,2020/12/1,2008/10/24
,812-0016,福岡市博多区博多駅南四丁目１６番１４号,ＢＥ－ＩＮ　１Ｆ,092-260-8321,マスカル珈琲,飲食店営業,主として喫茶,福,博保衛,32020395,2026/12/31,2020/12/1,2014/10/14
,812-0016,福岡市博多区博多駅南四丁目１６番１４号,ＢＥ－ＩＮ　１Ｆ,,マスカル珈琲,菓子製造業,一般,福,博保衛,32060012,2026/12/31,2020/12/1,2014/10/14
,812-0028,福岡市博多区須崎町２番９号,,092-271-5228,網元,飲食店営業,一般食堂,福,博保衛,32020394,2026/12/31,2020/12/1,2002/11/29
有限会社　松阪屋,812-0023,福岡市博多区奈良屋町８番４号,,092-281-0221,松阪屋,飲食店営業,一般食堂,福,博保衛,32020398,2026/12/31,2020/12/1,1981/11/19
株式会社　アペックス西日本,812-0018,福岡市博多区住吉四丁目１９番１号,,092-431-1434,精華女子高等学校,喫茶店営業,自動販売機,福,博保衛,32240044,2026/12/31,2020/12/1,2014/12/18
,812-0011,福岡市博多区博多駅前二丁目１１番１号,第３ガーデンビル　１Ｆ,092-483-4114,居酒屋　くうや,飲食店営業,一般食堂,福,博保衛,32020396,2026/12/31,2020/12/1,2014/12/22
,810-0022,福岡市中央区薬院四丁目８番２９号,エステートピア薬院１Ｆ,092-522-9698,三介,飲食店営業,一般食堂,福,中保衛,32020312,2026/12/31,2020/12/1,1996/11/5
,810-0001,福岡市中央区天神三丁目６番２４号,スコーレ第２天神　１０４号,092-741-9988,希八,飲食店営業,一般食堂,福,中保衛,32020315,2026/12/31,2020/12/1,2008/10/6
シダックス大新東ヒューマンサービス株式会社,810-0011,福岡市中央区高砂二丁目１０番１号,８Ｆ,092-523-4366,（株）九電工すばる寮,飲食店営業,一般食堂,福,中保衛,32020316,2026/12/31,2020/12/1,2008/12/26
国家公務員共済組合連合会,810-0022,福岡市中央区薬院四丁目２１番１号,,092-521-1364,ＫＫＲホテル博多　従業員食堂,飲食店営業,一般食堂,福,中保衛,32020318,2026/12/31,2020/12/1,2008/12/8
株式会社ブロスダイニング,810-0024,福岡市中央区桜坂一丁目６番２２号,,092-717-6266,鉄板焼き　みたき　桜坂,飲食店営業,一般食堂,福,中保衛,32020319,2026/12/31,2020/12/1,2014/10/23
有限会社博多蜂楽饅頭,810-0001,福岡市中央区天神二丁目５番３５号,Ｂ２Ｆ,092-721-1111,（有）博多蜂楽饅頭,菓子製造業,一般,福,中保衛,32060021,2026/12/31,2020/12/1,2014/10/8
,810-0023,福岡市中央区警固二丁目１５番１号,新警固ビル１０３,,Ｋ,飲食店営業,一般食堂,福,中保衛,32010609,2026/12/31,2020/12/1,2020/12/1
,810-0061,福岡市中央区西公園２番３号,,,北高水産,食品の冷凍又は冷蔵業,なし,福,中保衛,32190005,2026/12/31,2020/12/1,2020/12/1
,810-0061,福岡市中央区西公園２番３号,,,北高水産,魚介類販売業,一般,福,中保衛,32130038,2026/12/31,2020/12/1,2020/12/1
株式会社ダイヤモンドダイニング,810-0001,福岡市中央区天神二丁目１１番１号,福岡パルコ新館３階,092-235-7467,ｃｈａｎｏ－ｍａ　福岡,飲食店営業,主として喫茶,福,中保衛,32020317,2026/12/31,2020/12/1,2014/10/22
全国農業協同組合連合会,810-0001,福岡市中央区天神二丁目１１番１号,福岡パルコ新館６Ｆ　６０２区画,092-235-7487,みのりカフェ,飲食店営業,一般食堂,福,中保衛,32020314,2026/12/31,2020/12/1,2014/10/22
シダックス・コミュニティー株式会社,815-0033,福岡市南区大橋一丁目８番１４号,,092-551-0898,カラオケ館福岡大橋駅前店,飲食店営業,一般食堂,福,南保衛,32020119,2026/12/31,2020/12/1,2008/10/14
,811-1302,福岡市南区井尻一丁目３７番３０号,,092-582-9907,焼鳥ますだ,飲食店営業,一般食堂,福,南保衛,32020118,2026/12/31,2020/12/1,1996/11/27
,814-0022,福岡市早良区原三丁目１７番４２号,,092-822-6200,野間名物鯛焼本舗　原四ツ角店,飲食店営業,一般食堂,福,早保衛,32020140,2026/12/31,2020/12/1,2002/12/16
,814-0011,福岡市早良区高取二丁目１番６号,,092-845-8361,ひしや,飲食店営業,そうざい,福,早保衛,32010127,2026/12/31,2020/12/1,2020/12/1
株式会社　龍宮,,福岡市東区香椎駅前二丁目５２番１号,,092-661-8929,焼肉　龍,飲食店営業,一般食堂,福,東保衛,32020131,2026/12/31,2020/12/2,2014/11/7
,811-0323,福岡市東区志賀島６２９－１,,,おにや,飲食店営業,弁当屋,福,東保衛,32020132,2026/12/31,2020/12/2,2014/10/27
株式会社ｔａｂｌｅ　ＪＡＰＡＮＥＳＥ,813-0017,福岡市東区香椎照葉六丁目３番１２号,プライムメゾン照葉クロススタイルＷＥＳＴ１Ｆ,092-405-0803,ＢＯＵＱＵＣＡ　ＢＡＫＥＲＹ　Ｓａｎｄｗｉｃｈ,菓子製造業,一般,福,東保衛,32050015,2026/12/31,2020/12/2,2020/12/2
株式会社ｔａｂｌｅ　ＪＡＰＡＮＥＳＥ,813-0017,福岡市東区香椎照葉六丁目３番１２号,プライムメゾン照葉クロススタイルＷＥＳＴ１Ｆ,092-405-0803,ＢＯＵＱＵＣＡ　ＢＡＫＥＲＹ　Ｓａｎｄｗｉｃｈ,飲食店営業,一般食堂,福,東保衛,32010146,2026/12/31,2020/12/2,2020/12/2
株式会社トン・モリス,813-0013,福岡市東区香椎駅前一丁目２１番３４号,,,よなよなスパイス,飲食店営業,一般食堂,福,東保衛,32010148,2026/12/31,2020/12/2,2020/12/2
,810-0801,福岡市博多区中洲四丁目１番３０号,スペース中洲ビル　２階　全室,,バー　フィーロ,飲食店営業,バー,福,博保衛,32010498,2026/12/31,2020/12/2,2020/12/2
,812-0017,福岡市博多区美野島二丁目２６番１号,,092-431-0129,江上食品,菓子製造業,一般,福,博保衛,32050026,2026/12/31,2020/12/2,2020/12/2
株式会社　魚国総本社,812-0025,福岡市博多区店屋町４番１２号,ＳＰＰ福岡ビル　６Ｆ,092-271-2800,魚国総本社・福岡２９１４７１,飲食店営業,一般食堂,福,博保衛,32020400,2026/12/31,2020/12/2,2008/12/2
,812-0883,福岡市博多区南本町二丁目１番２０号,,092-581-4846,丸富かしわ専門店,食肉販売業,食鳥肉(含むもつ),福,博保衛,32340032,2026/12/31,2020/12/2,1980/10/31
,812-0883,福岡市博多区南本町二丁目１番１９号,,,伊勢屋,飲食店営業,そうざい,福,博保衛,32020401,2026/12/31,2020/12/2,1978/12/4
おかもと水産株式会社,810-0801,福岡市博多区中洲二丁目１番１０号,プレイスポットしんばしストアービル　１Ｆ,092-272-0469,山根鮮魚店,魚介類販売業,一般,福,博保衛,32140035,2026/12/31,2020/12/2,2014/10/8
アイアールＣ　株式会社,812-0026,福岡市博多区上川端町９番１５２号,,092-282-0830,兼平鮮魚店　中洲川端店,飲食店営業,一般食堂,福,博保衛,32020403,2026/12/31,2020/12/2,2008/12/18
アイアールＣ　株式会社,812-0026,福岡市博多区上川端町９番１５２号,,092-282-0830,兼平鮮魚店　中洲川端店,魚介類販売業,一般,福,博保衛,32140033,2026/12/31,2020/12/2,2008/12/18
有限会社　ビジネスホテル栄光,812-0857,福岡市博多区西月隈六丁目４番２０号,,092-591-1702,パセーラ,飲食店営業,旅館,福,博保衛,32020406,2026/12/31,2020/12/2,1996/11/8
株式会社　アメイズ,812-0863,福岡市博多区金の隈三丁目１４番２５号,,092-513-3301,ＳＨＩＤＡＫＡ,飲食店営業,一般食堂,福,博保衛,32020405,2026/12/31,2020/12/2,2008/10/29
,810-0801,福岡市博多区中洲四丁目１番６号,ライオンビル中洲館　６０３号室,092-263-0898,ルルド,飲食店営業,バー,福,博保衛,32020408,2026/12/31,2020/12/2,2014/11/27
株式会社　ベッセルホテル開発,810-0801,福岡市博多区中洲五丁目１番１２号　１Ｆ,,092-271-4055,ベッセルイン博多中洲,飲食店営業,一般食堂,福,博保衛,32020402,2026/12/31,2020/12/2,2014/10/23
,812-0863,福岡市博多区金の隈三丁目９番２号,,092-580-9800,ファミリーマート博多金の隈３丁目店,飲食店営業,一般食堂,福,博保衛,32020407,2026/12/31,2020/12/2,2014/11/7
サントリービバレッジソリューション　株式会社,812-0003,福岡市博多区下臼井７６７番地の１　４Ｆ,,092-611-3533,ＡＮＡウイングス（株）,喫茶店営業,自動販売機,福,博保衛,32240050,2026/12/31,2020/12/2,2014/12/12
サントリービバレッジソリューション　株式会社,812-0892,福岡市博多区東那珂三丁目７番５８号,,092-431-8121,九州西濃運輸（株）,喫茶店営業,自動販売機,福,博保衛,32240048,2026/12/31,2020/12/2,2014/12/2
有限会社　幸房,810-0022,福岡市中央区薬院一丁目１２番１２号,,092-751-6395,もつ料理　幸,飲食店営業,一般食堂,福,中保衛,32020324,2026/12/31,2020/12/2,1991/12/6
,810-0003,福岡市中央区春吉二丁目１９番７号,大石ビル　１Ｆ,092-713-4646,ＨＯＺＵＫＩ,飲食店営業,一般食堂,福,中保衛,32020322,2026/12/31,2020/12/2,2008/10/6
,810-0022,福岡市中央区薬院二丁目４番２６号,ライオンズマンション薬院第５,092-752-2525,花ごろも,飲食店営業,一般食堂,福,中保衛,32020327,2026/12/31,2020/12/2,1991/11/29
,810-0003,福岡市中央区春吉二丁目３番４号,,092-716-3848,バルカク,飲食店営業,一般食堂,福,中保衛,32020328,2026/12/31,2020/12/2,2014/11/7
株式会社　ドゥ・カンパニー,810-0044,福岡市中央区六本松二丁目１４番１８号,,092-752-0396,モスバーガー　六本松店,飲食店営業,一般食堂,福,中保衛,32020329,2026/12/31,2020/12/2,1986/11/19
,810-0023,福岡市中央区警固一丁目３番６号,コーポ警固２０３,,ぶんカフェ,喫茶店営業,一般,福,中保衛,32230007,2026/12/31,2020/12/2,2020/12/2
株式会社ポポラーレグループ,810-0022,福岡市中央区薬院一丁目１６番１３号,コーポ薬院１Ｆ,092-712-8227,ミツイモタイム薬院店,飲食店営業,一般食堂,福,中保衛,32010592,2026/12/31,2020/12/2,2020/12/2
株式会社小林商店,810-0004,福岡市中央区渡辺通五丁目１４番２１号,福美荘１０１,092-775-8625,名門,飲食店営業,一般食堂,福,中保衛,32010596,2026/12/31,2020/12/2,2020/12/2
株式会社戦国焼鳥家康,810-0001,福岡市中央区天神三丁目５番２号,１F,092-716-0496,戦国焼鳥家康１Ｆ,飲食店営業,一般食堂,福,中保衛,32020323,2026/12/31,2020/12/2,1974/11/15
,810-0044,福岡市中央区六本松四丁目１１番３号,１Ｆ,092-715-2425,Ｐｕｒｅ　Ｒｏｓｅ,飲食店営業,バー,福,中保衛,32020326,2026/12/31,2020/12/2,2008/11/26
,810-0044,福岡市中央区六本松二丁目５番８号,エーアイビル１０２号,092-714-2626,ｒｏｓｅ,飲食店営業,バー,福,中保衛,32020325,2026/12/31,2020/12/2,2014/11/18
,810-0022,福岡市中央区薬院二丁目１１番２４－１０５号,,,Ｒéｓｅｒｖｅ,飲食店営業,バー,福,中保衛,32020321,2026/12/31,2020/12/2,2014/12/5
株式会社　弘商,810-0014,福岡市中央区平尾三丁目１７番７号,ＴＹビル２０２,092-533-0222,平尾　開,飲食店営業,料理店,福,中保衛,32020330,2026/12/31,2020/12/2,2002/10/16
合同会社Ｙａｋｉｃｈｉ,815-0081,福岡市南区那の川二丁目３番３０号,Ｗｉｌｌ　Ｄｏ　平尾１０１号,,Ｙａｋｉｃｈｉ,菓子製造業,パン,福,南保衛,32050020,2026/12/31,2020/12/2,2020/12/2
合同会社Ｙａｋｉｃｈｉ,815-0081,福岡市南区那の川二丁目３番３０号,Ｗｉｌｌ　Ｄｏ　平尾１０１号,,Ｙａｋｉｃｈｉ,飲食店営業,弁当屋,福,南保衛,32010112,2026/12/31,2020/12/2,2020/12/2
有限会社宇都宮商会,815-0082,福岡市南区大楠三丁目７番１６号,こいまりビル１０２号,092-525-3358,ｕ－ｐａｎ　ｂａｋｅｒｙ,菓子製造業,一般,福,南保衛,32060010,2026/12/31,2020/12/2,2014/11/13
有限会社宇都宮商会,815-0082,福岡市南区大楠三丁目７番１６号,こいまりビル１０２号,092-525-3358,ｕ－ｐａｎ　ｂａｋｅｒｙ,飲食店営業,弁当屋,福,南保衛,32020122,2026/12/31,2020/12/2,2014/11/13
,811-1361,福岡市南区西長住一丁目７番２８号,,092-562-0018,累,飲食店営業,一般食堂,福,南保衛,32020123,2026/12/31,2020/12/2,1991/10/18
,815-0082,福岡市南区大楠三丁目１６番５号,,092-533-0505,Ｒａｄｉａｎｔ．Ｙｏｕ,飲食店営業,一般食堂,福,南保衛,32020120,2026/12/31,2020/12/2,2014/11/13
,811-1353,福岡市南区柏原四丁目２番２８号,,092-564-1511,ファミリーマート柏原四丁目店,飲食店営業,一般食堂,福,南保衛,32020121,2026/12/31,2020/12/2,2014/11/28
,814-0144,福岡市城南区梅林二丁目２６番２４号,,092-861-7475,福竜軒,飲食店営業,一般食堂,福,城保衛,32020049,2026/12/31,2020/12/2,2002/12/18
,814-0104,福岡市城南区別府二丁目２１番６号,,092-822-4301,ボア,飲食店営業,一般食堂,福,城保衛,32020050,2026/12/31,2020/12/2,1972/12/26
,814-0171,福岡市早良区野芥四丁目４９番１５号,,092-801-4839,小料理　茶茶亭,飲食店営業,一般食堂,福,早保衛,32020141,2026/12/31,2020/12/2,1996/10/8
,814-0002,福岡市早良区西新五丁目８番２７号,タキヤマビル　２Ｆ,092-404-3443,アンド　ヒルズ,飲食店営業,一般食堂,福,早保衛,32020142,2026/12/31,2020/12/2,2008/10/2
株式会社わっはっは,814-0171,福岡市早良区野芥四丁目４３番２７号,,092-834-2929,極味やセントラルキッチン,そうざい製造業,なし,福,早保衛,32570008,2026/12/31,2020/12/2,2020/12/2
,819-0163,福岡市西区今宿上ノ原２５４番地４０,,092-807-5847,ディマーレ,飲食店営業,一般食堂,福,西保衛,32020097,2026/12/31,2020/12/2,2002/11/8
,819-0031,福岡市西区橋本二丁目２７番２号１Ｆ,,092-407-2875,麦の木,飲食店営業,一般食堂,福,西保衛,32020098,2026/12/31,2020/12/2,2014/10/31
株式会社トマトアンドアソシエイツ,819-0031,福岡市西区橋本一丁目１１番３２号,,092-812-8929,じゅうじゅうカルビ福岡橋本店,食肉販売業,一般,福,西保衛,32330022,2026/12/31,2020/12/2,2020/12/2
,812-0053,福岡市東区箱崎一丁目３９番２０号,,092-641-7560,居酒屋ひでちゃん,飲食店営業,一般食堂,福,東保衛,32010144,2026/12/31,2020/12/3,2020/12/3
,810-0801,福岡市博多区中洲二丁目６番７号,ジョイフルヤマモトビル　６階　７号室,092-263-4610,ＢＡＲ　ＥＰＩ,飲食店営業,バー,福,博保衛,32010496,2026/12/31,2020/12/3,2020/12/3
,810-0801,福岡市博多区中洲四丁目１番１３号,第１きよたけビル　２階,092-262-2013,Ｖｅｔｔａ,飲食店営業,一般食堂,福,博保衛,32020413,2026/12/31,2020/12/3,2008/12/25
,812-0018,福岡市博多区住吉四丁目１５番１号,,092-411-3190,栄楽園,飲食店営業,一般食堂,福,博保衛,32020410,2026/12/31,2020/12/3,2002/10/10
,812-0025,福岡市博多区店屋町３番３４号,ＴＥＮＹＡビル　２Ｆ　Ｂ号室,092-282-6955,たかはし,飲食店営業,一般食堂,福,博保衛,32020412,2026/12/31,2020/12/3,2008/11/25
有限会社　福田食品,812-0041,福岡市博多区吉塚二丁目１番７号,,092-611-7710,ほっともっと　吉塚店,飲食店営業,弁当屋,福,博保衛,32020409,2026/12/31,2020/12/3,1996/10/8
株式会社　Ｈ．Ｄ．Ｍ,812-0017,福岡市博多区美野島一丁目９番７号,,092-402-1451,本気のビールと。食堂　頂さん,飲食店営業,一般食堂,福,博保衛,32010441,2026/12/31,2020/12/3,2020/12/3
,810-0042,福岡市中央区赤坂三丁目８番２６号,赤坂エクセル１F,092-712-7881,モン　シェリ,飲食店営業,一般食堂,福,中保衛,32020331,2026/12/31,2020/12/3,1975/12/19
,810-0003,福岡市中央区春吉三丁目５番４号,キューブハルヨシアクア　２Ａ,,ル・パン,飲食店営業,バー,福,中保衛,32020332,2026/12/31,2020/12/3,2008/11/14
株式会社デザイントランスメディア,810-0002,福岡市中央区西中洲３番１７号,ユイビル１ＦＡ号室,092-761-5480,西中洲　お茶屋ＢＡＲ　六馬,飲食店営業,一般食堂,福,中保衛,32020334,2026/12/31,2020/12/3,2014/11/25
,810-0044,福岡市中央区六本松三丁目１６番２８号,,092-731-3802,炭焼レストラン　牛王,飲食店営業,一般食堂,福,中保衛,32020333,2026/12/31,2020/12/3,1986/11/17
株式会社一刻堂,810-0003,福岡市中央区春吉三丁目１５番７号,,092-725-2215,一刻堂はなれ,飲食店営業,一般食堂,福,中保衛,32020335,2026/12/31,2020/12/3,2014/10/15
株式会社ピエトロ,810-0001,福岡市中央区天神三丁目４番５号,ピエトロビル２階,092-715-8281,ピエトロ・セントラーレ,乳製品製造業,なし,福,中保衛,32090001,2026/12/31,2020/12/3,2020/12/3
,810-0002,福岡市中央区西中洲５番１７号,ＡＥＲ西中洲３Ｆ－Ｂ,092-722-2115,ＢＡＲ　赤司,飲食店営業,バー,福,中保衛,32010636,2026/12/31,2020/12/3,2020/12/3
,810-0005,福岡市中央区清川一丁目１１番１９号,仲西ビル２ＦＢ号,092-791-1959,Ｃｈｉｃｋ　ＤＵＣＫ,飲食店営業,バー,福,中保衛,32010626,2026/12/31,2020/12/3,2020/12/3
アントワープ合同会社,810-0041,福岡市中央区大名一丁目１番１７号,美和ビル３Ｆ,,ＭｉＫａ／Ｓｔｕｄｉｏｓ,飲食店営業,一般食堂,福,中保衛,32010547,2026/12/31,2020/12/3,2020/12/3
合同会社一本木石橋,810-0014,福岡市中央区平尾一丁目９番１３号,,092-534-7560,一本木　石橋,飲食店営業,料理店,福,中保衛,32010624,2026/12/31,2020/12/3,2020/12/3
サントリービバレッジソリューション株式会社,810-0062,福岡市中央区荒戸二丁目１番５号,３Ｆ,092-736-5115,鉄建建設株式会社,喫茶店営業,自動販売機,福,中保衛,32240020,2026/12/31,2020/12/3,2002/11/6
ワンファイブホテルズ株式会社,810-0003,福岡市中央区春吉三丁目１４番３６号,,0570-07-5715,Ｔｈｅ　ＯｎｅＦｉｖｅ　Ｔｅｒｒａｃｅ　Ｆｕｋｕｏｋａ,飲食店営業,一般食堂,福,中保衛,32010586,2026/12/31,2020/12/3,2020/12/3
,811-1362,福岡市南区長住六丁目１０番１２号,,,百味ラーメン,飲食店営業,一般食堂,福,南保衛,32010113,2026/12/31,2020/12/3,2020/12/3
株式会社ジャパンビバレッジホールディングス,815-0033,福岡市南区大橋一丁目５番１号,,092-935-6700,西鉄大橋駅上りホーム,喫茶店営業,自動販売機,福,南保衛,32240009,2026/12/31,2020/12/3,1990/10/6
株式会社ジャパンビバレッジホールディングス,815-0082,福岡市南区大楠三丁目２０番１８号,,092-935-6700,西鉄高宮駅下りホーム,喫茶店営業,自動販売機,福,南保衛,32240006,2026/12/31,2020/12/3,1990/10/6
株式会社ジャパンビバレッジホールディングス,815-0033,福岡市南区大橋一丁目５番１号,,092-935-6700,西鉄大橋駅下りホーム,喫茶店営業,自動販売機,福,南保衛,32240007,2026/12/31,2020/12/3,1990/10/6
株式会社ジャパンビバレッジホールディングス,815-0082,福岡市南区大楠三丁目２０番１８号,,092-935-6700,西鉄高宮駅上りホーム,喫茶店営業,自動販売機,福,南保衛,32240008,2026/12/31,2020/12/3,1990/10/6
株式会社セキワ物産,814-0123,福岡市城南区長尾三丁目８番１号,,092-553-1040,能古うどん長尾本店,食肉販売業,一般,福,城保衛,32330013,2026/12/31,2020/12/3,2020/12/3
,814-0011,福岡市早良区高取一丁目２８番３３号,,092-822-0516,スナック　かほう,飲食店営業,一般食堂,福,早保衛,32020143,2026/12/31,2020/12/3,1982/11/20
,814-0011,福岡市早良区高取一丁目１番５号,,092-845-1771,博暖家,飲食店営業,一般食堂,福,早保衛,32020144,2026/12/31,2020/12/3,2002/10/21
本田商會株式会社,819-0025,福岡市西区石丸三丁目２７番１４号,,092-892-8837,銀のさら　石丸店,飲食店営業,仕出し,福,西保衛,32010078,2026/12/31,2020/12/3,2020/12/3
,810-0801,福岡市博多区中洲二丁目２番７号,新中洲ビル　２階　Ｂ号室,,ＬＩＢＥＲＯ,飲食店営業,バー,福,博保衛,32010476,2026/12/31,2020/12/4,2020/12/4
,812-0854,福岡市博多区東月隈四丁目７番１－８号,,092-503-5468,とり平,飲食店営業,一般食堂,福,博保衛,32020418,2026/12/31,2020/12/4,1991/11/11
,812-0046,福岡市博多区吉塚本町１番３号,,092-651-7389,今田和菓子舗,菓子製造業,一般,福,博保衛,32060013,2026/12/31,2020/12/4,1977/12/15
,812-0039,福岡市博多区冷泉町６番１５号,プレジュール櫛田　１Ｆ,092-282-8272,ＧＩＮＡＮ,飲食店営業,一般食堂,福,博保衛,32020417,2026/12/31,2020/12/4,2008/12/22
,812-0039,福岡市博多区冷泉町２番３４号,,092-291-6758,木屋,飲食店営業,一般食堂,福,博保衛,32020420,2026/12/31,2020/12/4,1991/12/5
,812-0017,福岡市博多区美野島一丁目３番１０号,,092-474-8898,肉番星,飲食店営業,一般食堂,福,博保衛,32020419,2026/12/31,2020/12/4,2014/11/10
一般社団法人　日本福祉予防医療協会,812-0011,福岡市博多区博多駅前三丁目２９番９号,,092-474-1023,ＣＨＡＮＧＥ＆スマイルカンパニー,飲食店営業,一般食堂,福,博保衛,32020421,2026/12/31,2020/12/4,2014/11/4
株式会社　ヨシックスフーズ,812-0044,福岡市博多区千代四丁目３１番７号,九県前ビル　１Ｆ,092-631-2802,や台ずし,飲食店営業,一般食堂,福,博保衛,32020416,2026/12/31,2020/12/4,2014/10/3
,810-0801,福岡市博多区中洲三丁目７番１３号,ＳＡＭ’Ｓ　ＢＬＤ４　２－Ｂ,,炊き肉　鈴蘭亭,飲食店営業,一般食堂,福,博保衛,32010503,2026/12/31,2020/12/4,2020/12/4
有限会社　モリエンタープライズ,812-0012,福岡市博多区博多駅中央街６番１号,,092-471-9528,やぶれかぶれ,飲食店営業,一般食堂,福,博保衛,32020415,2026/12/31,2020/12/4,1979/10/12
株式会社ウィルコミュニケーションズ,810-0041,福岡市中央区大名一丁目１２番２６号,ビエント３３６　７Ｆ,092-712-7370,ヒカリホール＆ラウンジ,飲食店営業,バー,福,中保衛,32020336,2026/12/31,2020/12/4,2014/10/29
,810-0014,福岡市中央区平尾二丁目１０番１０号,ライオンズマンション平尾第２　１Ｆ,092-526-8077,悟料,飲食店営業,一般食堂,福,中保衛,32020337,2026/12/31,2020/12/4,2008/12/9
株式会社ヴィガー,810-0033,福岡市中央区小笹三丁目６番２号,三洋ビル１Ｆ,092-534-5870,うま馬,そうざい製造業,なし,福,中保衛,32580006,2026/12/31,2020/12/4,2014/11/28
株式会社ユーハイム,810-0001,福岡市中央区天神二丁目５番３５号,岩田屋本館　Ｂ２Ｆ,092-721-1111,ホレンディッシュ　カカオシュトゥーベ,菓子製造業,一般,福,中保衛,32060023,2026/12/31,2020/12/4,2014/11/4
,810-0061,福岡市中央区西公園１３番４号,,092-751-2308,鵜来見亭,飲食店営業,料理店,福,中保衛,32020339,2026/12/31,2020/12/4,2002/11/18
,810-0044,福岡市中央区六本松一丁目４番３９号,,092-400-8013,ｏｎ　ｔｈｅ　ｔｏａｓｔ,菓子製造業,一般,福,中保衛,32050076,2026/12/31,2020/12/4,2020/12/4
,810-0044,福岡市中央区六本松一丁目４番３９号,,092-400-8013,ｏｎ　ｔｈｅ　ｔｏａｓｔ,飲食店営業,一般食堂,福,中保衛,32010544,2026/12/31,2020/12/4,2020/12/4
,810-0002,福岡市中央区西中洲５番３４号,ホワイトビル１０２,092-724-3777,酒菜　百祥,飲食店営業,一般食堂,福,中保衛,32010637,2026/12/31,2020/12/4,2020/12/4
扇屋食品株式会社,810-0034,福岡市中央区笹丘一丁目３６番３８号,,092-771-7950,扇屋食品（株）福岡営業所,そうざい製造業,なし,福,中保衛,32570024,2026/12/31,2020/12/4,2020/12/4
,810-0001,福岡市中央区天神三丁目４番１７号,天神ウイングⅠビル７階Ｂ号室,,Ｂａｒ　エルメ,飲食店営業,バー,福,中保衛,32010640,2026/12/31,2020/12/4,2020/12/4
,810-0011,福岡市中央区高砂一丁目２２番１１号,ＡＸＥＩＭ１０２,092-524-7771,旬和食　博多水炊き　いち,飲食店営業,一般食堂,福,中保衛,32020340,2026/12/31,2020/12/4,2014/10/6
株式会社Ｂ＆Ｖ,810-0001,福岡市中央区天神二丁目１０番１８号　３Ｆ,,092-717-7521,カラオケ館西鉄天神駅前店,飲食店営業,一般食堂,福,中保衛,32020338,2026/12/31,2020/12/4,2014/10/30
株式会社雷音,819-0167,福岡市西区今宿三丁目２番５５－１０１号,ＫＲＳビル,,ニブンノイチ,飲食店営業,一般食堂,福,西保衛,32010080,2026/12/31,2020/12/4,2020/12/4
株式会社　リブマックスフーズ,812-0011,福岡市博多区博多駅前二丁目７番９号,ホテルリブマックス博多駅前　１Ｆ,092-419-2280,マックスカフェ博多駅前,飲食店営業,一般食堂,福,博保衛,32010513,2026/12/31,2020/12/7,2020/12/7
,810-0801,福岡市博多区中洲三丁目１番２号,新川丈ビル　３階,092-263-4885,Ｍｅｍｂｅｒ’ｓ　ＡＩ,飲食店営業,一般食堂,福,博保衛,32020426,2026/12/31,2020/12/7,2008/10/17
,810-0801,福岡市博多区中洲三丁目１番２号,川丈ビル　５階　Ｅ号室,092-281-3223,Ｓｅｃｏｎｄ,飲食店営業,バー,福,博保衛,32020425,2026/12/31,2020/12/7,2014/11/6
,810-0801,福岡市博多区中洲四丁目１番３３号,第１タワービル　２階,092-282-4589,やすらぎ,飲食店営業,バー,福,博保衛,32020424,2026/12/31,2020/12/7,2008/10/21
,810-0022,福岡市中央区薬院二丁目６番１９号,グリーンマンション薬院,092-716-5855,近松,飲食店営業,すし屋,福,中保衛,32020346,2026/12/31,2020/12/7,2002/11/15
有限会社エイジアン・エレファントフーズ,810-0021,福岡市中央区今泉一丁目１３番２８号,幸ビル２Ｆ,092-762-6622,カラオケ　スナック　Ｎｉｃｏ,飲食店営業,バー,福,中保衛,32020345,2026/12/31,2020/12/7,2014/12/5
,810-0023,福岡市中央区警固二丁目１９番９号,百田ビルＢ１,092-731-2770,スナック　ボギー,飲食店営業,バー,福,中保衛,32020344,2026/12/31,2020/12/7,1980/12/15
,810-0041,福岡市中央区大名一丁目３番４号,,092-713-6602,大雅堂,飲食店営業,一般食堂,福,中保衛,32020343,2026/12/31,2020/12/7,1987/12/16
合同会社しん,810-0044,福岡市中央区六本松四丁目９番３５号,,092-724-3388,カラオケバーしん,飲食店営業,バー,福,中保衛,32020341,2026/12/31,2020/12/7,2014/11/11
株式会社ＣＣＤ　ＪＡＰＡＮ,810-0042,福岡市中央区赤坂三丁目４番４７号,,092-517-2261,豆豆的花,飲食店営業,主として喫茶,福,中保衛,32020349,2026/12/31,2020/12/7,2014/10/28
,810-0003,福岡市中央区春吉三丁目２５番２１号,プロスペリタ天神Ⅲ　１Ｆ,092-752-2451,鯉とりまぁしゃん春吉店,飲食店営業,一般食堂,福,中保衛,32020351,2026/12/31,2020/12/7,2014/12/16
,810-0073,福岡市中央区舞鶴一丁目８番３８号,ＷＡＶＥ　ＢＬＤＧ．３０５号室,,ＢＡＲ　ＦＯＯＴ,飲食店営業,バー,福,中保衛,32010639,2026/12/31,2020/12/7,2020/12/7
有限会社奥田商店,810-0053,福岡市中央区鳥飼三丁目１番１４号,,092-713-6552,奥田商店,飲食店営業,一般食堂,福,中保衛,32020342,2026/12/31,2020/12/7,2008/12/22
株式会社　平和台ホテル,810-0062,福岡市中央区荒戸一丁目５番２７号,,092-761-1361,平和台ホテル荒戸別館,飲食店営業,旅館,福,中保衛,32020347,2026/12/31,2020/12/7,1976/10/30
,815-0082,福岡市南区大楠三丁目７番１６－１０１号,,092-753-8275,ＰＬＡＳＥ．ＳＴＯＲＥ,飲食店営業,主として喫茶,福,南保衛,32020125,2026/12/31,2020/12/7,2014/12/24
有限会社トーブ,814-0175,福岡市早良区田村一丁目９番１号,,092-863-1801,有限会社トーブ,そうざい製造業,なし,福,早保衛,32570009,2026/12/31,2020/12/7,2020/12/7
株式会社ミートショップみやざき,814-0174,福岡市早良区田隈二丁目５番２７号,,092-861-3370,ミートショップみやざき,食肉販売業,一般,福,早保衛,32330018,2026/12/31,2020/12/7,2020/12/7
,813-0042,福岡市東区舞松原二丁目１２番２６号,１Ｆ,,麺や流,飲食店営業,一般食堂,福,東保衛,32010149,2026/12/31,2020/12/8,2020/12/8
有限会社 唐原ショップ,812-0063,福岡市東区原田一丁目２４番３２号,,092-627-2088,ファミリーマート福岡原田一丁目店,飲食店営業,一般食堂,福,東保衛,32010152,2026/12/31,2020/12/8,2020/12/8
,812-0854,福岡市博多区東月隈三丁目１８番４－２号,,,まるなか商店,魚介類販売業,一般,福,博保衛,32130034,2026/12/31,2020/12/8,2020/12/8
有限会社　ヒラノ,812-0017,福岡市博多区美野島三丁目１７番３号,,092-474-0625,カレーのボントン　美野島店,飲食店営業,一般食堂,福,博保衛,32010487,2026/12/31,2020/12/8,2020/12/8
株式会社　ＰＡＬＡＣＥ　ＣＬＵＢ,810-0801,福岡市博多区中洲二丁目６番１２号,中洲セントラル第５ラインビル　３階　８号室,092-282-3031,ＰＡＬＡＣＥ　ＣＬＵＢ,飲食店営業,カフェー,福,博保衛,32010512,2026/12/31,2020/12/8,2020/12/8
,812-0021,福岡市博多区築港本町２番３号,ふよう港ハイツ　１１２号,092-402-1004,＃ヤセタイナラ,食品の冷凍又は冷蔵業,なし,福,博保衛,32190012,2026/12/31,2020/12/8,2020/12/8
,812-0879,福岡市博多区銀天町一丁目５番２２号,エクセルハノ　１Ｆ,,なかしま倶楽部,飲食店営業,バー,福,博保衛,32020432,2026/12/31,2020/12/8,2014/10/6
,810-0801,福岡市博多区中洲二丁目１番１１号,プレイスポットしんばしビル　６階　６０７－Ａ号,092-281-8537,すなっく　与,飲食店営業,一般食堂,福,博保衛,32020428,2026/12/31,2020/12/8,1991/11/5
,812-0018,福岡市博多区住吉四丁目９番４号,,092-441-9086,ブルーボール,飲食店営業,バー,福,博保衛,32020430,2026/12/31,2020/12/8,2008/10/16
,812-0026,福岡市博多区上川端町４番２０１号,太田ビル　２Ｆ,092-272-0580,味覚　海と山,飲食店営業,一般食堂,福,博保衛,32020434,2026/12/31,2020/12/8,1996/10/2
,810-0801,福岡市博多区中洲四丁目３番１６号,不動ビル　５階－Ａ,,Ｓｔｅｌｌａ,飲食店営業,バー,福,博保衛,32020429,2026/12/31,2020/12/8,2014/12/5
,810-0062,福岡市中央区荒戸二丁目１番１２号,ゴールド大濠１Ｆ,092-752-1237,Ｋｏｎａ－Ｃａｆｅ,飲食店営業,一般食堂,福,中保衛,32020354,2026/12/31,2020/12/8,2002/10/25
,810-0004,福岡市中央区渡辺通二丁目３番３３号　２Ｆ,,092-761-2622,バーコロニー,飲食店営業,バー,福,中保衛,32020353,2026/12/31,2020/12/8,2014/12/10
株式会社　フクショク,810-0004,福岡市中央区渡辺通五丁目１番１５号,,092-716-8613,（株）フクショク　Ｃ＆Ｃ店,食肉販売業,一般,福,中保衛,32340026,2026/12/31,2020/12/8,1976/12/2
株式会社　フクショク,810-0004,福岡市中央区渡辺通五丁目１番１５号,,092-712-1313,（株）フクショク　Ｃ＆Ｃ店,魚介類販売業,一般,福,中保衛,32140024,2026/12/31,2020/12/8,1998/8/26
,810-0012,福岡市中央区白金二丁目１５番１８号,ダブルーン白金Ⅶ１Ｆ,092-523-8007,とどろき亭,飲食店営業,レストラン,福,中保衛,32020355,2026/12/31,2020/12/8,2014/10/7
,810-0041,福岡市中央区大名一丁目５番５－１０１号,,092-713-7998,アッカン,飲食店営業,一般食堂,福,中保衛,32020356,2026/12/31,2020/12/8,2014/11/18
,810-0073,福岡市中央区舞鶴一丁目９番１１号,第２ハリウッドビル１０５号,092-711-2567,万惣,飲食店営業,一般食堂,福,中保衛,32020357,2026/12/31,2020/12/8,1996/10/9
株式会社　大同江,810-0075,福岡市中央区港二丁目１１番２２号,,092-714-2227,焼肉コリアナ,飲食店営業,一般食堂,福,中保衛,32020359,2026/12/31,2020/12/8,2008/12/10
株式会社ＦＡＮＩＱＵＥ,810-0022,福岡市中央区薬院四丁目３番１号,,092-521-7877,おかげさまで,飲食店営業,一般食堂,福,中保衛,32020358,2026/12/31,2020/12/8,2014/11/27
,810-0005,福岡市中央区清川三丁目２５番１５号,,092-531-3991,そらや,飲食店営業,一般食堂,福,中保衛,32020360,2026/12/31,2020/12/8,2002/11/8
合同会社Ｍ．Ｔグループ,810-0042,福岡市中央区赤坂一丁目６番１号,,,４ｔｈＢＡＲ,飲食店営業,バー,福,中保衛,32010610,2026/12/31,2020/12/8,2020/12/8
,810-0053,福岡市中央区鳥飼二丁目１番４９号,サブハウス大濠１Ｆ,,ドットコミュ,飲食店営業,一般食堂,福,中保衛,32010629,2026/12/31,2020/12/8,2020/12/8
株式会社アペックス西日本,810-0001,福岡市中央区天神二丁目５番３５号,３Fエレベーター横,,テルウェル西日本（株）,喫茶店営業,自動販売機,福,中保衛,32240024,2026/12/31,2020/12/8,2002/12/26
株式会社めんたい,810-0065,福岡市中央区地行浜二丁目２番６号,Ｅ・ＺＯ　ＦＵＫＵＯＫＡ　３Ｆ,092-401-0055,焼肉赤身　にくがとう,食肉販売業,一般,福,中保衛,32330098,2026/12/31,2020/12/8,2020/12/8
,815-0031,福岡市南区清水一丁目２４番１８号,玉川ビル６０２号,,ｃａｆｅ　檸檬,菓子製造業,一般,福,南保衛,32060012,2026/12/31,2020/12/8,2014/11/26
株式会社ｔａｂｌｅ　ＪＡＰＡＮＥＳＥ,813-0017,福岡市東区香椎照葉六丁目３番１２号,プライムメゾン照葉クロススタイルＥＡＳＴ１Ｆ,092-410-7850,ＳＰＩＣＡ　ＣＬＡＳＳＩＣ　ＣＡＫＥ,菓子製造業,一般,福,東保衛,32050014,2026/12/31,2020/12/9,2020/12/9
株式会社ｔａｂｌｅ　ＪＡＰＡＮＥＳＥ,813-0017,福岡市東区香椎照葉六丁目３番１２号,プライムメゾン照葉クロススタイルＥＡＳＴ１Ｆ,092-410-7850,ＳＰＩＣＡ　ＣＬＡＳＳＩＣ　ＣＡＫＥ,飲食店営業,一般食堂,福,東保衛,32010145,2026/12/31,2020/12/9,2020/12/9
ＲＺＡｉｄ株式会社,813-0017,福岡市東区香椎照葉六丁目６番１号,アイランド・アイＢ棟,,Ｒｉｚｉｎｇ　Ｂｕｒｇｅｒｓ　Ｃａｆｅ,飲食店営業,一般食堂,福,東保衛,32010135,2026/12/31,2020/12/9,2020/12/9
,812-0883,福岡市博多区南本町二丁目１番２０号,,092-581-4846,丸富かしわ専門店,飲食店営業,そうざい,福,博保衛,32010505,2026/12/31,2020/12/9,2020/12/9
株式会社　マーキュリー,810-0801,福岡市博多区中洲二丁目７番９号,アクアビル　１階　全号室,092-233-1147,熊本酒馬　ゆきち,魚介類販売業,一般,福,博保衛,32130035,2026/12/31,2020/12/9,2020/12/9
有限会社　エー・ケー工房,812-0892,福岡市博多区東那珂一丁目１０番３２号,,092-473-3671,Ａ・Ｋ・工房,そうざい製造業,なし,福,博保衛,32580003,2026/12/31,2020/12/9,2002/11/15
有限会社　エー・ケー工房,812-0892,福岡市博多区東那珂一丁目１０番３２号,,092-473-3671,Ａ・Ｋ・工房,食品の冷凍又は冷蔵業,なし,福,博保衛,32200006,2026/12/31,2020/12/9,2002/11/15
,812-0013,福岡市博多区博多駅東二丁目３番２９号,東福博多駅東ビル　４Ｆ,092-483-6094,ＭＡＲＶＥＬ,飲食店営業,カフェー,福,博保衛,32020441,2026/12/31,2020/12/9,2014/12/2
,812-0031,福岡市博多区沖浜町３番１号,,092-272-5891,天舟ラーメン,飲食店営業,一般食堂,福,博保衛,32020435,2026/12/31,2020/12/9,2002/10/25
,810-0801,福岡市博多区中洲二丁目６番１２号,第５ラインビル　５階　７号室,092-282-0107,田じま,飲食店営業,バー,福,博保衛,32020439,2026/12/31,2020/12/9,2014/12/25
,810-0801,福岡市博多区中洲四丁目７番８号,ラ・パピヨンビル　３階　３０８号,092-263-1155,橙,飲食店営業,一般食堂,福,博保衛,32020437,2026/12/31,2020/12/9,2008/11/26
株式会社　ヨシックスフーズ,812-0895,福岡市博多区竹下四丁目２番１５号,,092-483-9128,や台ずし竹下駅前町,飲食店営業,一般食堂,福,博保衛,32020438,2026/12/31,2020/12/9,2014/12/24
,812-0018,福岡市博多区住吉三丁目５番８－１０６号,,092-271-3377,一すじ,飲食店営業,一般食堂,福,博保衛,32020436,2026/12/31,2020/12/9,2014/11/4
,810-0801,福岡市博多区中洲二丁目７番１３号,１階,,ＴＨＥ　ＡＣＥ,飲食店営業,バー,福,博保衛,32010511,2026/12/31,2020/12/9,2020/12/9
株式会社OFS,812-0018,福岡市博多区住吉五丁目７番８号,,092-481-8388,ＣＡＦＥ　カリーマート,飲食店営業,一般食堂,福,博保衛,32020440,2026/12/31,2020/12/9,2014/12/12
,810-0011,福岡市中央区高砂二丁目１１番３３号,北村コーポ１Ｆ,092-526-3270,炭火焼ちびっこ大将,飲食店営業,一般食堂,福,中保衛,32020362,2026/12/31,2020/12/9,1991/10/25
,810-0022,福岡市中央区薬院四丁目１０番３８号,薬院マンション１Ｆ,092-531-4871,味処　むさし,飲食店営業,一般食堂,福,中保衛,32020363,2026/12/31,2020/12/9,1986/11/20
,810-0002,福岡市中央区西中洲１１番２１号,ボナ・パサージュ西中洲１Ｆ,092-724-5817,やれんの家まさとよ,飲食店営業,一般食堂,福,中保衛,32020364,2026/12/31,2020/12/9,2008/11/14
株式会社果実工房新ＳＵＮ,810-8680,福岡市中央区天神二丁目５番３５号　Ｂ２Ｆ,,092-721-1111,新ＳＵＮ,菓子製造業,一般,福,中保衛,32060024,2026/12/31,2020/12/9,2014/11/4
,810-0005,福岡市中央区清川二丁目１番２１号,若鶴マンション１Ｆ　１－Ｅ・Ｆ号,092-526-3445,ＢＡＮＫＳ,飲食店営業,一般食堂,福,中保衛,32020370,2026/12/31,2020/12/9,2008/10/14
,810-0023,福岡市中央区警固二丁目１８番１３号,オークビル４０２,,吉野,飲食店営業,一般食堂,福,中保衛,32020365,2026/12/31,2020/12/9,2014/12/15
株式会社ＨＩＲＯ,810-0023,福岡市中央区警固一丁目１番３号,ボンラパス六つ角店内１Ｆ,092-791-1189,イルコルティーレ　ア　テ,食品の冷凍又は冷蔵業,なし,福,中保衛,32200004,2026/12/31,2020/12/9,2014/11/21
あだち珈琲株式会社,810-0023,福岡市中央区警固一丁目１番１０号,エステートモア警固本通り１Ｆ１０７号,,あだち珈琲警固店,飲食店営業,主として喫茶,福,中保衛,32020368,2026/12/31,2020/12/9,2014/12/8
有限会社ディー・ディー・カンパニー,810-0001,福岡市中央区天神一丁目７番１１号,イムズビル１３Ｆ,092-731-3908,博多小野,飲食店営業,レストラン,福,中保衛,32020367,2026/12/31,2020/12/9,2008/11/20
,810-0044,福岡市中央区六本松二丁目１４番１号,,092-714-1910,すしハウス,飲食店営業,弁当屋,福,中保衛,32020372,2026/12/31,2020/12/9,2002/11/27
有限会社アールケイフーズ,810-0001,福岡市中央区天神一丁目７番１１号,天神イムズビル１２Ｆ,092-716-8263,優乃華,飲食店営業,一般食堂,福,中保衛,32020373,2026/12/31,2020/12/9,2002/12/6
,810-0022,福岡市中央区薬院二丁目１０番１号,,092-712-1528,ボニータ,飲食店営業,一般食堂,福,中保衛,32020374,2026/12/31,2020/12/9,1972/11/4
,810-0004,福岡市中央区渡辺通二丁目３番３３号,,092-781-3370,童童,飲食店営業,一般食堂,福,中保衛,32020366,2026/12/31,2020/12/9,2014/11/6
株式会社Ｓ＆Ｊ,810-0041,福岡市中央区大名一丁目９番１１号,大名有田店舗１Ｆ,092-406-7746,セマウル食堂肉天神大名店,飲食店営業,一般食堂,福,中保衛,32010634,2026/12/31,2020/12/9,2020/12/9
株式会社ＨＩＳＵＩ,810-0021,福岡市中央区今泉一丁目１０番２３号,ヤクルト天神ビル２Ｆ,092-751-7711,Soos,飲食店営業,一般食堂,福,中保衛,32020371,2026/12/31,2020/12/9,2014/10/22
株式会社味王本店,811-1311,福岡市南区横手一丁目１２番１号,サンフラワービル１階,092-592-9787,株式会社味王本店,飲食店営業,弁当屋,福,南保衛,32020127,2026/12/31,2020/12/9,2008/10/7
有限会社　ナック,814-0155,福岡市城南区東油山一丁目１４番２１号,カメリアライジングビル１Ｆ,,スイス料理レストラン　シャレー,飲食店営業,一般食堂,福,城保衛,32020053,2026/12/31,2020/12/9,2014/10/28
一般社団法人　食品絆望産業,814-0104,福岡市城南区別府六丁目３番３号,,092-841-0983,居酒屋　はげ坊主,飲食店営業,一般食堂,福,城保衛,32020052,2026/12/31,2020/12/9,2014/11/26
有限会社肉のくまもと屋,814-0153,福岡市城南区樋井川三丁目６番１号,,092-512-0320,肉のくまもと屋,食肉販売業,一般,福,城保衛,32340011,2026/12/31,2020/12/9,1981/10/24
有限会社多め勢,814-0015,福岡市早良区室見一丁目５番９号,,,為朝,飲食店営業,一般食堂,福,早保衛,32010094,2026/12/31,2020/12/9,2020/12/9
有限会社多め勢,814-0015,福岡市早良区室見一丁目５番９号,,,為朝,菓子製造業,一般,福,早保衛,32050013,2026/12/31,2020/12/9,2020/12/9
博商合同会社,814-0002,福岡市早良区西新一丁目９番２０号,,092-847-0337,辛麺屋　司,飲食店営業,一般食堂,福,早保衛,32010128,2026/12/31,2020/12/9,2020/12/9
,819-0025,福岡市西区石丸一丁目１９番１４号,,092-400-8627,和食　奥菜,飲食店営業,一般食堂,福,西保衛,32020099,2026/12/31,2020/12/9,2014/10/8
株式会社　にくのえきキング,812-0879,福岡市博多区銀天町一丁目３番１２号,,092-775-8787,うえだ家,食肉販売業,一般,福,博保衛,32330099,2026/12/31,2020/12/10,2020/12/10
株式会社　にくのえきキング,812-0879,福岡市博多区銀天町一丁目３番２２号,,,やずや,食肉販売業,一般,福,博保衛,32330100,2026/12/31,2020/12/10,2020/12/10
,812-0044,福岡市博多区千代四丁目２９番５６号,,,ＧＲＩＭＭＪＯＷ,飲食店営業,一般食堂,福,博保衛,32020442,2026/12/31,2020/12/10,2014/12/2
ＡＲＥＡ　株式会社,810-0801,福岡市博多区中洲二丁目４番２０号,第２１ポールスタービル　３階　３室,092-260-1919,ＡＲＥＡ,飲食店営業,バー,福,博保衛,32010492,2026/12/31,2020/12/10,2020/12/10
福台商事株式会社,810-0001,福岡市中央区天神二丁目２番４３号,ソラリアプラザＢ２　８０７区画,092-406-7655,心福茶実験室,飲食店営業,主として喫茶,福,中保衛,32010614,2026/12/31,2020/12/10,2020/12/10
,810-0044,福岡市中央区六本松二丁目３番９５号,,092-762-5306,ひろ美,飲食店営業,一般食堂,福,中保衛,32020377,2026/12/31,2020/12/10,1996/12/10
,810-0001,福岡市中央区天神三丁目１５番１号,にちりんビル２－３,,らーめん酒場　いけるョ！！,飲食店営業,一般食堂,福,中保衛,32020375,2026/12/31,2020/12/10,2014/11/17
イースト・ミーツ・ウェスト・カンパニー・ジャパン有限会社,810-0004,福岡市中央区渡辺通三丁目１１番２号,,092-736-6011,マヌコーヒー,飲食店営業,主として喫茶,福,中保衛,32020383,2026/12/31,2020/12/10,2002/12/12
株式会社Ｌ＆Ｓ,810-0022,福岡市中央区薬院二丁目２番２号,薬院ビル１Ｆ,,おつまみバル　ＵＬＵ,飲食店営業,一般食堂,福,中保衛,32020382,2026/12/31,2020/12/10,2014/11/5
株式会社千曲屋,810-0042,福岡市中央区赤坂一丁目１５番２３号,千曲屋ビル,092-737-8555,御飯処　めしいこか　赤坂店,飲食店営業,一般食堂,福,中保衛,32020380,2026/12/31,2020/12/10,2008/11/6
,,福岡市中央区舞鶴一丁目６番２８号,エステートモア天神倶楽部３Ｆ,,ＥＸＴＲＡ ＣＡＦＥ　ＦＵＫＵＯＫＡ,飲食店営業,一般食堂,福,中保衛,32020376,2026/12/31,2020/12/10,2008/12/26
有限会社　稲,810-0034,福岡市中央区笹丘一丁目３４番１４－１号,,092-771-0425,稲,飲食店営業,一般食堂,福,中保衛,32020378,2026/12/31,2020/12/10,1996/12/19
株式会社エスエルディー,810-0001,福岡市中央区天神二丁目１１番１号,福岡パルコ新館６Ｆ　６０１区画,092-235-7486,ｋａｗａｒａ　ＣＡＦＥ＆ＤＩＮＩＮＧ　ＦＯＲＷＡＲＤ,飲食店営業,一般食堂,福,中保衛,32020379,2026/12/31,2020/12/10,2014/10/22
,810-0003,福岡市中央区春吉一丁目３番６号,,092-761-0722,レーシング　タカマツ,飲食店営業,一般食堂,福,中保衛,32020381,2026/12/31,2020/12/10,2008/10/24
長崎県漁業協同組合連合会,810-0075,福岡市中央区港一丁目９番１３号,,092-721-0191,長崎県漁業協同組合連合会福岡事業部,魚介類販売業,一般,福,中保衛,32140026,2026/12/31,2020/12/10,1996/12/10
,810-0073,福岡市中央区舞鶴一丁目８番３０号,プリズモ２１　６－Ｂ号室,,Ｂａｒ　規定外,飲食店営業,バー,福,中保衛,32010651,2026/12/31,2020/12/10,2020/12/10
ＳＵＮＷＯＯＤ株式会社,810-0075,福岡市中央区港一丁目９番１２号,１Ｆ,,ＳＵＮＷＯＯＤ,魚介類販売業,一般,福,中保衛,32130043,2026/12/31,2020/12/10,2020/12/10
,819-0202,福岡市西区西浦２１６２番地１,,,木藤商店,魚介類販売業,一般,福,西保衛,32130014,2026/12/31,2020/12/10,2020/12/10
有限会社 キューブリック,812-0053,福岡市東区箱崎一丁目５番１４号,ベルニード箱崎２F,092-645-0630,カフェ キューブリック,飲食店営業,一般食堂,福,東保衛,32020133,2026/12/31,2020/12/11,2008/11/12
,810-0801,福岡市博多区中洲四丁目５番１０号,１階,092-262-7220,博多旬楽　つかさ,飲食店営業,一般食堂,福,博保衛,32020444,2026/12/31,2020/12/11,2008/11/26
,810-0801,福岡市博多区中洲四丁目１番１６号,セブンビル　５階,092-271-5155,こいこい,飲食店営業,バー,福,博保衛,32020443,2026/12/31,2020/12/11,2014/11/5
,812-0041,福岡市博多区吉塚六丁目６番３９号,,092-611-8970,海市酒処　友岡,飲食店営業,一般食堂,福,博保衛,32020445,2026/12/31,2020/12/11,1987/10/21
,812-0024,福岡市博多区綱場町５番３２号,,092-272-0264,ｃｏｆｆｅｅ　ｒｏｏｍ　ＷＩＺ,飲食店営業,一般食堂,福,博保衛,32020448,2026/12/31,2020/12/11,1984/10/11
株式会社　チャネルティ,812-0018,福岡市博多区住吉五丁目５番１５号,第２成城ビル　１０４号,092-483-3334,博多とりかわ大臣　住吉５丁目串房,飲食店営業,一般食堂,福,博保衛,32020446,2026/12/31,2020/12/11,2008/10/23
,810-0801,福岡市博多区中洲三丁目４番５号,多門ビル　地下１階,092-263-3618,星子の部屋,飲食店営業,一般食堂,福,博保衛,32020447,2026/12/31,2020/12/11,2008/12/2
株式会社カンデオ・ホスピタリティ・マネジメント,810-0004,福岡市中央区渡辺通五丁目１４番５号,,092-738-5600,カンデオホテルズ福岡天神,飲食店営業,旅館,福,中保衛,32020384,2026/12/31,2020/12/11,2014/12/9
有限会社　一柳,810-0005,福岡市中央区清川二丁目１６番５号,,092-522-6065,有限会社　一柳,菓子製造業,一般,福,中保衛,32060025,2026/12/31,2020/12/11,1983/10/4
株式会社イーストウッド,810-0042,福岡市中央区赤坂一丁目５番２１号,高千穂赤坂ビル１階,092-738-0707,桜屋　馬力キング　赤坂店,飲食店営業,一般食堂,福,中保衛,32020385,2026/12/31,2020/12/11,2014/10/20
,810-0022,福岡市中央区薬院三丁目１２番４１号,,092-526-4888,とんかつ光　薬院店,飲食店営業,一般食堂,福,中保衛,32020386,2026/12/31,2020/12/11,2008/11/19
メイムーン合同会社,810-0002,福岡市中央区西中洲２番１５号,プラネットビル３Ｆ,092-725-0023,江戸心　山ぼうし,飲食店営業,すし屋,福,中保衛,32010670,2026/12/31,2020/12/11,2020/12/11
株式会社ケイエス,810-0012,福岡市中央区白金一丁目１５番７号,ダイアパレス白金１０２,092-406-6329,肉焼き酒場二と九　薬院・白金店,飲食店営業,一般食堂,福,中保衛,32010632,2026/12/31,2020/12/11,2020/12/11
株式会社ＨＥＴＥ,810-0041,福岡市中央区大名一丁目１０番６号,サンセーヌ大名２０３,,本格焼鳥　経,飲食店営業,一般食堂,福,中保衛,32010638,2026/12/31,2020/12/11,2020/12/11
株式会社ＨＥＴＥ,810-0041,福岡市中央区大名一丁目１０番６号,サンセーヌ大名２０３,,Ｔａｐｉｃｏ,菓子製造業,一般,福,中保衛,32050090,2026/12/31,2020/12/11,2020/12/11
株式会社ＨＥＴＥ,810-0041,福岡市中央区大名一丁目１０番６号,サンセーヌ大名２０３,,焼鳥Ｌａｂｏ,食品の冷凍又は冷蔵業,なし,福,中保衛,32190006,2026/12/31,2020/12/11,2020/12/11
,811-1361,福岡市南区西長住三丁目５番１０号,,092-542-6368,カラオケスナックＥｒｉ,飲食店営業,一般食堂,福,南保衛,32020130,2026/12/31,2020/12/11,2002/12/2
,815-0075,福岡市南区長丘一丁目２０番１０号,金子長丘ビル１Ｆ,092-552-7888,大土井商店,菓子製造業,一般,福,南保衛,32060013,2026/12/31,2020/12/11,2014/12/9
,812-0011,福岡市博多区博多駅前一丁目２９番２４号,,092-474-7717,鑫牛火鍋,飲食店営業,一般食堂,福,博保衛,32020449,2026/12/31,2020/12/14,2014/12/11
株式会社　Ｆ４,812-0013,福岡市博多区博多駅東二丁目１０番１３号,芙蓉ビル　２Ｆ,092-441-5008,韓国屋台　オッパ,飲食店営業,一般食堂,福,博保衛,32010519,2026/12/31,2020/12/14,2020/12/14
株式会社元フードシステム,810-0034,福岡市中央区笹丘一丁目２８番７４号,イオンスタイル笹丘　Ｂ１Ｆ,092-724-5358,そば茶屋　華元　飛脚亭,飲食店営業,一般食堂,福,中保衛,32020387,2026/12/31,2020/12/14,2008/12/2
,810-0074,福岡市中央区大手門三丁目４番２２号,,092-724-5581,Ｄ’ＫＨＡＪＡＮＡ,飲食店営業,一般食堂,福,中保衛,32020388,2026/12/31,2020/12/14,2014/11/27
株式会社Ｇｅｗｉｎｎ,810-0001,福岡市中央区天神二丁目１２番１号,天神ビルＢ１Ｆ,092-752-2200,オタマシャモジ,飲食店営業,一般食堂,福,中保衛,32020390,2026/12/31,2020/12/14,2014/11/28
株式会社Ｓ＆Ｓ,810-0022,福岡市中央区薬院三丁目３番２３号,ＡＬＡＴＡ薬院１Ｆ,092-522-2828,ふつうの居酒屋,飲食店営業,一般食堂,福,中保衛,32010641,2026/12/31,2020/12/14,2020/12/14
株式会社丸十食品,810-0074,福岡市中央区大手門一丁目３番５号,,092-781-0073,丸十食品,飲食店営業,そうざい,福,中保衛,32010617,2026/12/31,2020/12/14,2020/12/14
株式会社丸十食品,810-0074,福岡市中央区大手門一丁目３番５号,,092-781-0073,丸十食品,食肉販売業,一般,福,中保衛,32330094,2026/12/31,2020/12/14,2020/12/14
株式会社ＳＳコンサルティング,810-0041,福岡市中央区大名一丁目１０番１８－１号,Ｃ　ＳＴＵＤＩＯ　ＴＥＮＪＩＮ,092-734-3003,Ｈｅａｒｔ　Ｓａｎｄ,飲食店営業,弁当屋,福,中保衛,32010653,2026/12/31,2020/12/14,2020/12/14
,810-0073,福岡市中央区舞鶴三丁目８番１号,まいづる中央ビル１０４,092-231-2784,鉄板酒場　仔輝,飲食店営業,一般食堂,福,中保衛,32010569,2026/12/31,2020/12/14,2020/12/14
,812-0879,福岡市博多区銀天町二丁目３番３号,牛昌ビル　２Ｆ　２０２号室,092-593-2001,ｔｉａｍｏ,飲食店営業,バー,福,博保衛,32010532,2026/12/31,2020/12/15,2020/12/15
有限会社　伸設備工業,812-0884,福岡市博多区寿町二丁目１番１号,メゾン南福岡　１Ｆ　１０２号,,ＫＥＢＡＢＴＡＲＯ,飲食店営業,一般食堂,福,博保衛,32010527,2026/12/31,2020/12/15,2020/12/15
,810-0005,福岡市中央区清川三丁目１２番１号,福岡リバーキャッスル１Ｆ,,麺や翡翠,飲食店営業,一般食堂,福,中保衛,32010673,2026/12/31,2020/12/15,2020/12/15
,810-0011,福岡市中央区高砂一丁目１５番２７号,西南ビル１Ｆ,092-401-1213,ＤＩＧＭＯＬＥ,飲食店営業,一般食堂,福,中保衛,32010475,2026/12/31,2020/12/15,2020/12/15
株式会社アンバイアスド,810-0003,福岡市中央区春吉三丁目２４番４号,ケーズスクエア　２Ｆ,092-716-1934,鮨　水魚,飲食店営業,すし屋,福,中保衛,32020391,2026/12/31,2020/12/15,2014/12/25
株式会社ＦｏｏｍａｎＬＡＢ,810-0021,福岡市中央区今泉一丁目１８番４２号,,092-791-5454,今泉いっこん,飲食店営業,一般食堂,福,中保衛,32020394,2026/12/31,2020/12/15,2014/10/8
株式会社ホークスタウン,810-0065,福岡市中央区地行浜二丁目２番３号,ヒルトン福岡シーホーク３階,092-844-8111,従業員食堂,飲食店営業,一般食堂,福,中保衛,32010652,2026/12/31,2020/12/15,2020/12/15
株式会社ポールスター,815-0035,福岡市南区向野二丁目１８番５号,,092-554-1377,ケンタッキーフライドチキン大橋店,飲食店営業,一般食堂,福,南保衛,32020132,2026/12/31,2020/12/15,1986/11/1
,815-0041,福岡市南区野間一丁目９番２９号,ダイアパレス１０１号,092-512-4077,焼とり　野間大将,飲食店営業,一般食堂,福,南保衛,32020131,2026/12/31,2020/12/15,2014/11/13
株式会社すかいらーくレストランツ,811-1347,福岡市南区野多目一丁目１番１１号,,092-554-1970,ガスト南大橋店,飲食店営業,レストラン,福,南保衛,32020133,2026/12/31,2020/12/15,1996/12/4
,814-0142,福岡市城南区片江三丁目３２番３７号,,092-871-7878,レストラン　ピッコロ,飲食店営業,一般食堂,福,城保衛,32020055,2026/12/31,2020/12/15,2008/10/30
,811-0204,福岡市東区奈多二丁目１７番６号,,092-606-2222,浜豊,魚介類販売業,一般,福,東保衛,32140022,2026/12/31,2020/12/16,2014/12/25
合同会社ウィロースター,812-0053,福岡市東区箱崎三丁目６番３号,,,毎日弁当屋,飲食店営業,弁当屋,福,東保衛,32010141,2026/12/31,2020/12/16,2020/12/16
株式会社　大分からあげ,812-0012,福岡市博多区博多駅中央街１番１号,マイング博多内,092-472-7760,ポッポおじさんの塩からあげ　マイング博多店,飲食店営業,弁当屋,福,博保衛,32010430,2026/12/31,2020/12/16,2020/12/16
,812-0885,福岡市博多区相生町二丁目４番６号,,092-502-4239,花和庵,飲食店営業,一般食堂,福,博保衛,32020451,2026/12/31,2020/12/16,2002/11/27
,812-0882,福岡市博多区麦野四丁目２２番８号,,092-582-7483,焼鳥ろばた　いいとも,飲食店営業,一般食堂,福,博保衛,32020452,2026/12/31,2020/12/16,2014/12/26
,812-0879,福岡市博多区銀天町三丁目３番１５号,,092-573-8750,スナック　貴音,飲食店営業,カフェー,福,博保衛,32020454,2026/12/31,2020/12/16,2002/11/7
,812-0879,福岡市博多区銀天町三丁目１番２１号,新貝ビル　１Ｆ,092-571-1222,ざっしょ小町　御縁門,飲食店営業,一般食堂,福,博保衛,32020455,2026/12/31,2020/12/16,2008/10/22
,810-0801,福岡市博多区中洲三丁目１番２号,川丈ビル　４階　Ｄ号室,,ＢＡＲ　ＰＯＰＰＯ,飲食店営業,バー,福,博保衛,32010524,2026/12/31,2020/12/16,2020/12/16
株式会社　ＬＦＤ　ＪＡＰＡＮ,812-0026,福岡市博多区上川端町３番１号,水車橋ビル　１Ｆ,092-261-2678,博多もつ鍋　前田屋　リバーサイド中洲店,食肉販売業,一般,福,博保衛,32330103,2026/12/31,2020/12/16,2020/12/16
,810-0001,福岡市中央区天神四丁目５番１８号,須崎公園ビル１Ｆ,092-292-5575,ノース　カフェ　アンサンブル,飲食店営業,一般食堂,福,中保衛,32020395,2026/12/31,2020/12/16,2014/11/27
株式会社Ｙ２Ｋインダストリー,810-0023,福岡市中央区警固二丁目１５番２０号,まどかビル１Ｆ,092-741-0550,ざいとん警固店,飲食店営業,一般食堂,福,中保衛,32010678,2026/12/31,2020/12/16,2020/12/16
ＦＬａｔＪａｐａｎ株式会社,810-0021,福岡市中央区今泉一丁目２３番４号,ｒｅｍｉｘ天神Ｂ１Ｆ,092-761-7355,ＦＬＡＴ－ＩＭＡＩＺＵＭＩ－,飲食店営業,バー,福,中保衛,32010676,2026/12/31,2020/12/16,2020/12/16
株式会社　本吉屋,810-0001,福岡市中央区天神二丁目５番３５号,,092-721-1111,岩田屋本館地下２Ｆ 本吉屋,飲食店営業,弁当屋,福,中保衛,32020396,2026/12/31,2020/12/16,2014/10/3
株式会社　萬元,814-0133,福岡市城南区七隈四丁目８番７号,,092-865-4747,萬元,飲食店営業,一般食堂,福,城保衛,32020056,2026/12/31,2020/12/16,2014/12/3
,814-0104,福岡市城南区別府一丁目２１番３号,オリエントハイツ　２０５,,ＨＡＣＨＩ,飲食店営業,一般食堂,福,城保衛,32020057,2026/12/31,2020/12/16,2014/11/18
,814-0132,福岡市城南区干隈一丁目１１番１２号,,092-871-6388,ふみや精肉店,食肉処理業,食肉処理,福,城保衛,32320001,2026/12/31,2020/12/16,1982/12/15
,814-0101,福岡市城南区荒江一丁目２４番２０号,,092-823-1331,安い定食屋,飲食店営業,一般食堂,福,城保衛,32020058,2026/12/31,2020/12/16,2002/12/26
有限会社シモン,819-0043,福岡市西区野方一丁目２２番１７号,,092-811-2390,シモン野方店,飲食店営業,一般食堂,福,西保衛,32010082,2026/12/31,2020/12/16,2020/12/16
有限会社シモン,819-0043,福岡市西区野方一丁目２２番１７号,,092-811-2390,シモン野方店,菓子製造業,一般,福,西保衛,32050013,2026/12/31,2020/12/16,2020/12/16
株式会社ＧＲＩＴ,813-0013,福岡市東区香椎駅前一丁目６－１９,ｃｉｅｌ香椎２－Ａ,,Ｂａｌｓａｍｏ,飲食店営業,一般食堂,福,東保衛,32010150,2026/12/31,2020/12/17,2020/12/17
,811-0215,福岡市東区高美台二丁目１番１９号,,092-607-6636,スナック 花・花,飲食店営業,一般食堂,福,東保衛,32010155,2026/12/31,2020/12/17,2020/12/17
一般社団法人福岡伊都国際文化交流協会,812-0061,福岡市東区筥松三丁目１０番１３号１,,,花ＨＡＮＡ,飲食店営業,一般食堂,福,東保衛,32010154,2026/12/31,2020/12/17,2020/12/17
有限会社　栗屋酒販,812-0017,福岡市博多区美野島三丁目１９番３号,,092-431-0452,酒場くりや,飲食店営業,一般食堂,福,博保衛,32020456,2026/12/31,2020/12/17,2008/11/11
,810-0801,福岡市博多区中洲二丁目６番１２号,中洲セントラル第５ラインビル　３階　１９号室,,ＷＩＮＥ　＆　ＣＨＡＭＰＡＧＮＥ　ＢＡＲ　ＳＡＬＯＮ,飲食店営業,バー,福,博保衛,32010523,2026/12/31,2020/12/17,2020/12/17
株式会社　スフィアリンク,810-0801,福岡市博多区中洲二丁目１番１１号,プレイスポットしんばしビル　３階　３１２号室,,ＢＡＲ　ＤＯＵＢＴ,飲食店営業,バー,福,博保衛,32010526,2026/12/31,2020/12/17,2020/12/17
株式会社　オスピターレ,812-0012,福岡市博多区博多駅中央街１番１号,博多駅内マイング横丁,,カフェ・オスピターレ,飲食店営業,一般食堂,福,博保衛,32010490,2026/12/31,2020/12/17,2020/12/17
株式会社　星屑カンパニー,810-0801,福岡市博多区中洲二丁目６番４号,第２スコッチ桂和ビル　２階　全号室,,ＭＥｔＥＯ,飲食店営業,バー,福,博保衛,32010517,2026/12/31,2020/12/17,2020/12/17
株式会社ＮＯＡ,810-0023,福岡市中央区警固一丁目４番２７号,ＫＥＧＯエイトビル３０１,092-725-0586,Ｓｕｒｐｒｉｓｅ,飲食店営業,一般食堂,福,中保衛,32020398,2026/12/31,2020/12/17,2014/12/16
有限会社ブロードウェイホールディングズ,810-0001,福岡市中央区天神三丁目８番１０号,Ｒｅｆｅｒｅｎｃｅ　Ｈｏｔｅｌ　Ｔｅｎｊｉｎ　１Ｆ,092-724-5383,Ｏｆｆ　Ｂｒｏａｄｗａｙ　Ｂｕｒｇｅｒ＋Ｂａｒ,飲食店営業,一般食堂,福,中保衛,32010654,2026/12/31,2020/12/17,2020/12/17
,810-0003,福岡市中央区春吉二丁目２番５号,エステートモア１Ｆ,092-716-3566,よあそび,飲食店営業,一般食堂,福,中保衛,32010643,2026/12/31,2020/12/17,2020/12/17
,810-0041,福岡市中央区大名一丁目３番３２号,ラ・コルテ大名３Ｆ,,ＺＥＲＯ,飲食店営業,バー,福,中保衛,32010665,2026/12/31,2020/12/17,2020/12/17
株式会社ウェルホールディングス,810-0002,福岡市中央区西中洲３番１号,デルタウエスト２Ｆ－Ａ,092-791-6900,ＰＥＴＲＯＳ,飲食店営業,一般食堂,福,中保衛,32020397,2026/12/31,2020/12/17,2014/12/24
,814-0123,福岡市城南区長尾一丁目１５番２１号,フローレンス長尾１０２号室,092-407-9779,お好み焼　じんけのかな,飲食店営業,一般食堂,福,城保衛,32020059,2026/12/31,2020/12/17,2014/10/30
株式会社３４,814-0104,福岡市城南区別府二丁目２１番５号,,092-841-0277,京鉄板家　かば,飲食店営業,一般食堂,福,城保衛,32020060,2026/12/31,2020/12/17,2014/11/10
株式会社ヒラオフーズ,812-0053,福岡市東区箱崎七丁目１０番６８号,,092-651-1222,（株）ヒラオフーズ,食品の冷凍又は冷蔵業,なし,福,東保衛,32190010,2026/12/31,2020/12/18,2020/12/18
,810-0801,福岡市博多区中洲四丁目５番３号,２階,092-282-7326,ボメス　インディー,飲食店営業,バー,福,博保衛,32020459,2026/12/31,2020/12/18,2002/11/20
,812-0894,福岡市博多区諸岡三丁目７番７号,,092-592-0831,ミニストップ博多諸岡店,飲食店営業,一般食堂,福,博保衛,32020457,2026/12/31,2020/12/18,2014/11/17
,812-0884,福岡市博多区寿町三丁目１番１３号,浦部ビル　４Ｆ　全号室,092-593-9111,Ｎｏ．Ｏｎｅ,飲食店営業,カフェー,福,博保衛,32010530,2026/12/31,2020/12/18,2020/12/18
株式会社　アルマデ,812-0037,福岡市博多区御供所町１２番１号,ＪＣＩ御供所町ビル　２Ｆ,092-260-7448,ＡＭＰ　Ｋｉｔｃｈｅｎ,飲食店営業,一般食堂,福,博保衛,32010521,2026/12/31,2020/12/18,2020/12/18
有限会社　スリーウェーブ,812-0895,福岡市博多区竹下四丁目１６番１１号,,092-431-1657,炭火串焼　てんざん,飲食店営業,一般食堂,福,博保衛,32010539,2026/12/31,2020/12/18,2020/12/18
,810-0801,福岡市博多区中洲二丁目３番１７号,桃山ビル　３階　９号室,,ＫＡＧＵＲＡ,飲食店営業,バー,福,博保衛,32020458,2026/12/31,2020/12/18,2014/11/12
,810-0801,福岡市博多区中洲二丁目６番１２号,第５ラインビル　１階,092-281-7088,八百徳商店,飲食店営業,そうざい,福,博保衛,32020460,2026/12/31,2020/12/18,1980/10/23
,810-0003,福岡市中央区春吉三丁目２２番７－１号,プロスペリタ天神１　２Ｆ,,もく蓮,飲食店営業,一般食堂,福,中保衛,32010677,2026/12/31,2020/12/18,2020/12/18
,810-0041,福岡市中央区大名二丁目１番５１号,マウンテン５ビル　６－ＢＣ号室,,ソウルラブ　天神大名店,飲食店営業,一般食堂,福,中保衛,32010672,2026/12/31,2020/12/18,2020/12/18
,810-0074,福岡市中央区大手門二丁目４番１７号,,092-761-8557,糸島からあげ大地長浜店,飲食店営業,弁当屋,福,中保衛,32010675,2026/12/31,2020/12/18,2020/12/18
,811-1302,福岡市南区井尻五丁目１２番３３号,,092-572-8678,やきとり　和,飲食店営業,一般食堂,福,南保衛,32020134,2026/12/31,2020/12/18,2008/12/24
株式会社エスポワール,811-1314,福岡市南区的場二丁目３番６号,,092-287-8101,特養回生園弐番館事業所,飲食店営業,一般食堂,福,南保衛,32010125,2026/12/31,2020/12/18,2020/12/18
株式会社　ＭＣ,812-0013,福岡市博多区博多駅東二丁目９番２９号,センチュリオンホテルセン福岡博多　１Ｆ,092-292-6728,ＮＥＡＲ　ｂｙ　ｏｔｏｎａｒｉ　ＨＡＫＡＴＡ,飲食店営業,一般食堂,福,博保衛,32010538,2026/12/31,2020/12/21,2020/12/21
,810-0801,福岡市博多区中洲四丁目１番１３号,第１きよたけビル　地下１階　Ｂ－Ｂ号室,092-291-7770,Ｂａｒ　Ｌａｆｆｉｔｅ,飲食店営業,バー,福,博保衛,32010501,2026/12/31,2020/12/21,2020/12/21
有限会社　有里商事,810-0801,福岡市博多区中洲四丁目３番１８号,福岡東映プラザ　５階　５０８号,092-281-0010,Ｔｉｏ　ＰｅＰｅ,飲食店営業,一般食堂,福,博保衛,32020461,2026/12/31,2020/12/21,1996/11/25
,810-0801,福岡市博多区中洲二丁目７番１３号,ＵＤＡビル　２階,092-402-0876,Ｃｕｒａ,飲食店営業,バー,福,博保衛,32010531,2026/12/31,2020/12/21,2020/12/21
株式会社心つなぐ一杯,810-0001,福岡市中央区天神一丁目１３番１３号,１Ｆ,092-713-7113,博多ラーメン二代目けんのすけ,飲食店営業,一般食堂,福,中保衛,32010644,2026/12/31,2020/12/21,2020/12/21
,810-0021,福岡市中央区今泉一丁目２１番１０号,ウイングボックス天神５ＦＢ,,カラオケＢＡＲ　ｊｏｋｅｒ,飲食店営業,バー,福,中保衛,32010650,2026/12/31,2020/12/21,2020/12/21
株式会社ＣＨＡＮＧＥＥ,810-0041,福岡市中央区大名一丁目１番２３号,ｒｅｍｉｘ大名２０１,,２１ＯＦＦＩＣＩＡＬ,飲食店営業,バー,福,中保衛,32010628,2026/12/31,2020/12/21,2020/12/21
,810-0012,福岡市中央区白金一丁目１５番７号,ダイアパレス白金１０４,,シュタットマインツ,飲食店営業,一般食堂,福,中保衛,32010663,2026/12/31,2020/12/21,2020/12/21
,815-0033,福岡市南区大橋一丁目２１番１１号,サンシャインビル２０２号,092-541-2202,ＲＥＳＴ,飲食店営業,一般食堂,福,南保衛,32010124,2026/12/31,2020/12/21,2020/12/21
有限会社　河太郎,811-1362,福岡市南区長住二丁目２２番１０号,,,カネ若水産,飲食店営業,すし屋,福,南保衛,32010117,2026/12/31,2020/12/21,2020/12/21
ＫＡＩ　Ｊａｐａｎ株式会社,814-0103,福岡市城南区鳥飼五丁目２番３９－１０１号,,092-834-9777,オリエンタルデリ　田園,飲食店営業,一般食堂,福,城保衛,32010041,2026/12/31,2020/12/21,2020/12/21
ＫＡＩ　Ｊａｐａｎ株式会社,814-0103,福岡市城南区鳥飼五丁目２番３９－１０１号,,092-834-9777,オリエンタルデリ　田園,そうざい製造業,なし,福,城保衛,32570005,2026/12/31,2020/12/21,2020/12/21
株式会社　ウエスト,819-0166,福岡市西区横浜一丁目４３番１８号,,092-807-6505,（株）ウエスト今宿店　（焼肉コーナー）,飲食店営業,一般食堂,福,西保衛,32020100,2026/12/31,2020/12/21,1991/10/22
合同会社ＫＢＴ　ＬＡＢＯ,819-0054,福岡市西区上山門二丁目２番２２号,,092-892-8300,ライフケア－上山門,飲食店営業,一般食堂,福,西保衛,32010083,2026/12/31,2020/12/21,2020/12/21
有限会社　中洲佐とう,810-0801,福岡市博多区中洲二丁目６番１２号,第５ラインビル　１階,092-281-1224,Ｆｒｕｉｔｓ　Ｇａｌｌｅｒｙ　ＭＡＲＫＥＴ　ＳＴＡＮＤ,飲食店営業,主として喫茶,福,博保衛,32010537,2026/12/31,2020/12/22,2020/12/22
,810-0801,福岡市博多区中洲四丁目３番１８号,東映プラザビル　７階　７０３号室,092-262-8834,フランク,飲食店営業,カフェー,福,博保衛,32010542,2026/12/31,2020/12/22,2020/12/22
,810-0801,福岡市博多区中洲四丁目１番１２号,内山第４５ビル　２階,092-262-6234,ＶＥＲＤＥ,飲食店営業,カフェー,福,博保衛,32010475,2026/12/31,2020/12/22,2020/12/22
,810-0801,福岡市博多区中洲四丁目２番１５号,メインストリートビル　地下１階,092-271-5130,コットンフィールズ,そうざい製造業,なし,福,博保衛,32570008,2026/12/31,2020/12/22,2020/12/22
株式会社　ＤＥＳＴＩＮＹ,810-0801,福岡市博多区中洲四丁目３番１号,中洲岡部ビル２号館　８階　全号室,092-271-4505,ＣＬＵＢ　ＴＨＥ　ＰＡＲＩＳ,飲食店営業,カフェー,福,博保衛,32010353,2026/12/31,2020/12/22,2020/12/22
,810-0003,福岡市中央区春吉二丁目２番３７号,,092-753-7954,キネマの月,飲食店営業,バー,福,中保衛,32010591,2026/12/31,2020/12/22,2020/12/22
株式会社紫京,810-0004,福岡市中央区渡辺通二丁目１番８２号,電気ビル共創館,092-726-0082,博多旬鮮　もみじ　天神南店,飲食店営業,一般食堂,福,中保衛,32020399,2026/12/31,2020/12/22,2014/10/24
株式会社黒田屋,811-1351,福岡市南区屋形原五丁目９番１８号,,092-565-0160,黒田屋屋形原店,飲食店営業,一般食堂,福,南保衛,32020136,2026/12/31,2020/12/22,1987/12/10
,814-0011,福岡市早良区高取二丁目１７番３８号,,092-821-7771,土の上の花,食肉販売業,一般,福,早保衛,32340019,2026/12/31,2020/12/22,2014/12/2
,813-0011,福岡市東区香椎一丁目２２番７号,並木ビル１０１号,092-672-5963,さかな家,飲食店営業,一般食堂,福,東保衛,32020134,2026/12/31,2020/12/23,2002/11/21
,813-0003,福岡市東区香住ケ丘二丁目３番３２号,,,ＬＩＴ,菓子製造業,一般,福,東保衛,32050016,2026/12/31,2020/12/23,2020/12/23
,813-0003,福岡市東区香住ケ丘二丁目３番３２号,,,ＬＩＴ,飲食店営業,一般食堂,福,東保衛,32010158,2026/12/31,2020/12/23,2020/12/23
,810-0801,福岡市博多区中洲二丁目１番１１号,プレイスポットしんばしビル　７階　７０５号室,,ＢＡＲ　Ｆｌｙ　Ｈｉｇｈ,飲食店営業,バー,福,博保衛,32010533,2026/12/31,2020/12/23,2020/12/23
株式会社　シナジー,812-0012,福岡市博多区博多駅中央街１番１号,ＪＲ博多シティ　９Ｆ,092-710-5152,石臼挽きそば　石月,めん類製造業,生めん,福,博保衛,32550005,2026/12/31,2020/12/23,2020/12/23
,810-0023,福岡市中央区警固一丁目１番１０号,エステートモア警固本通り２０６号,092-752-2888,Ｐ・Ｐ・ＭＡＭＡ,飲食店営業,一般食堂,福,中保衛,32020400,2026/12/31,2020/12/23,2002/11/1
,810-0022,福岡市中央区薬院二丁目４番３９号,ニューラルーチェ１Ｆ,092-791-6823,シュエット,飲食店営業,レストラン,福,中保衛,32020401,2026/12/31,2020/12/23,2014/10/7
Ｒｉｃｅｂｉｒｄ株式会社,810-0042,福岡市中央区赤坂三丁目９番２８号,大産赤坂ビル１Ｆ,092-722-6860,Ｍｏｎ　ａｎ,飲食店営業,一般食堂,福,中保衛,32010690,2026/12/31,2020/12/23,2020/12/23
,810-0011,福岡市中央区高砂一丁目２２番１１号,ＡＸＥ－Ｍ１０２,092-524-7771,旬和食博多水炊き　いち,そうざい製造業,なし,福,中保衛,32570026,2026/12/31,2020/12/23,2020/12/23
株式会社 ミールマックス,813-0005,福岡市東区御島崎二丁目３番５号,,092-662-1217,ミールアソシエ御島崎,飲食店営業,一般食堂,福,東保衛,32010159,2026/12/31,2020/12/24,2020/12/24
株式会社　雷霆豪雨,812-0013,福岡市博多区博多駅東一丁目１番３１号,,092-516-8287,武老二,飲食店営業,弁当屋,福,博保衛,32010546,2026/12/31,2020/12/24,2020/12/24
株式会社　芙蓉商事,810-0001,福岡市中央区天神三丁目１番１３号,,092-721-1011,天神芙蓉,飲食店営業,一般食堂,福,中保衛,32020402,2026/12/31,2020/12/24,1973/12/21
福岡天神ホテルマネジメント合同会社,810-0041,福岡市中央区大名二丁目１２番５号,ホテルＪＡＬシティ福岡天神　１階,092-718-7558,Ｃａｆｅ　Ｃｏｎｔｒａｉｌ,菓子製造業,一般,福,中保衛,32050094,2026/12/31,2020/12/24,2020/12/24
福岡天神ホテルマネジメント合同会社,810-0041,福岡市中央区大名二丁目１２番５号,ホテルＪＡＬシティ福岡天神　１階,092-718-7558,Ｃａｆｅ　Ｃｏｎｔｒａｉｌ,飲食店営業,一般食堂,福,中保衛,32010683,2026/12/31,2020/12/24,2020/12/24
,815-0033,福岡市南区大橋一丁目１３番１３号,西川ビル２Ｆ,,ら・らっしー,喫茶店営業,一般,福,南保衛,32230006,2026/12/31,2020/12/24,2020/12/24
,810-0801,福岡市博多区中洲四丁目７番８号,ラ・パピヨンビル　地下１階　００５号,,タンバヤン（たまり場）,飲食店営業,バー,福,博保衛,32010507,2026/12/31,2020/12/25,2020/12/25
株式会社　ＴＡＫＥ　ＴＯＰ,810-0801,福岡市博多区中洲二丁目６番２号,,092-262-8401,炭火焼鳥　山森　株式会社　ＴＡＫＥ　ＴＯＰ,飲食店営業,一般食堂,福,博保衛,32010544,2026/12/31,2020/12/25,2020/12/25
,810-0801,福岡市博多区中洲二丁目１番１１号,プレイスポットしんばしビル　２階　２０２号,092-262-8353,ビストロ　エズ,飲食店営業,一般食堂,福,博保衛,32020463,2026/12/31,2020/12/25,2002/12/10
,810-0801,福岡市博多区中洲二丁目１番１１号,プレイスポットしんばしビル　５階　５０６Ｂ号室,,麻生,飲食店営業,バー,福,博保衛,32010547,2026/12/31,2020/12/25,2020/12/25
株式会社　ＪＥＷＥＲＹ’Ｓ,810-0801,福岡市博多区中洲二丁目５番１３号,第２ラインビル　３階　１，２号室,092-262-7080,ＣＬＵＢ　ＳＷＡＧ,飲食店営業,カフェー,福,博保衛,32010560,2026/12/31,2020/12/25,2020/12/25
,810-0801,福岡市博多区中洲二丁目７番２号,レビュー中洲　３階　３０１号室,092-263-6577,ザ　バブリー,飲食店営業,バー,福,博保衛,32010525,2026/12/31,2020/12/25,2020/12/25
株式会社　マーキュリー,810-0801,福岡市博多区中洲二丁目５番１８号,第２０ラインビル　５階　４号室,,ＶＩＰ,飲食店営業,バー,福,博保衛,32010484,2026/12/31,2020/12/25,2020/12/25
福岡国際空港　株式会社,812-0003,福岡市博多区大字下臼井７７８番１号,福岡空港国内線旅客ターミナルビル　２Ｆ,092-623-0791,ラウンジＴＩＭＥ／サウス,飲食店営業,一般食堂,福,博保衛,32010483,2026/12/31,2020/12/25,2020/12/25
,810-0002,福岡市中央区西中洲５番１５号,セントラルパークタワービル３Ｆ,092-771-7007,ｌｉｇｈｔ　ｂａｒ　ＯｌｉｖｅＨｏｎｅｙ,飲食店営業,一般食堂,福,中保衛,32020403,2026/12/31,2020/12/25,2008/11/18
株式会社ｃｏｌｏｒｆｕｌ,810-0001,福岡市中央区天神一丁目７番１１号,イムズ１２Ｆ,,ニューとんかつ　油と鍋,飲食店営業,一般食堂,福,中保衛,32010703,2026/12/31,2020/12/25,2020/12/25
夢工場合同会社,810-0011,福岡市中央区高砂二丁目１２番１０号,ミツワマンション１０４,,お食事処　大鵬,飲食店営業,一般食堂,福,中保衛,32010691,2026/12/31,2020/12/25,2020/12/25
,810-0044,福岡市中央区六本松一丁目４番３０号,いねながフラッツ１０１号,092-287-1868,ＰＲＩＭＥ　ＣＯＦＦＥＥ,飲食店営業,主として喫茶,福,中保衛,32010684,2026/12/31,2020/12/25,2020/12/25
,811-1323,福岡市南区弥永四丁目２１番１号,,092-572-4129,シンコウフーズ,食肉販売業,一般,福,南保衛,32340018,2026/12/31,2020/12/25,2014/12/26
,815-0033,福岡市南区大橋一丁目２１番１１号,サンシャインビル２０１号,,ジョナサン,飲食店営業,バー,福,南保衛,32020138,2026/12/31,2020/12/25,2014/12/11
,811-1311,福岡市南区横手二丁目７番９号,,,レストラン波多,飲食店営業,一般食堂,福,南保衛,32010119,2026/12/31,2020/12/25,2020/12/25
,814-0032,福岡市早良区小田部五丁目１２番１７号,,092-844-3351,とりまつ,飲食店営業,一般食堂,福,早保衛,32020147,2026/12/31,2020/12/25,1991/11/6
,814-0002,福岡市早良区西新四丁目７番１７号,西新ビル　１０５号,092-231-2775,鶏屋　香車,飲食店営業,一般食堂,福,早保衛,32010130,2026/12/31,2020/12/25,2020/12/25
,819-0373,福岡市西区周船寺三丁目２６番１２号,,092-806-6698,漁師小屋,飲食店営業,一般食堂,福,西保衛,32020101,2026/12/31,2020/12/25,1996/11/6
株式会社すかいらーくレストランツ,819-0031,福岡市西区橋本二丁目２７番２号,木の葉モール橋本１Ｆ,092-894-7500,バーミヤン　木の葉モール橋本,飲食店営業,一般食堂,福,西保衛,32010081,2026/12/31,2020/12/25,2020/12/25
,812-0879,福岡市博多区銀天町二丁目１番２０号,,,ＳＨＩＲＯＹＡＭＡ,飲食店営業,一般食堂,福,博保衛,32020464,2026/12/31,2020/12/28,2014/11/10
,812-0018,福岡市博多区住吉四丁目２番１号,八友ビル　１Ｆ,092-409-5560,ＬＥＶＥＬ　ＸＹＺ,飲食店営業,バー,福,博保衛,32010543,2026/12/31,2020/12/28,2020/12/28
,810-0042,福岡市中央区赤坂一丁目１番１７号,ライフ赤坂１０１,,お料理　うち山,飲食店営業,料理店,福,中保衛,32010611,2026/12/31,2020/12/28,2020/12/28
有限会社ＧＣ,810-0003,福岡市中央区春吉三丁目５番７号,リバーフロント中洲西　南棟１Ｆ,092-712-0555,ＨＯＬＬＹＷＯＯＤ　ＨＩＬＬＳ,飲食店営業,一般食堂,福,中保衛,32010694,2026/12/31,2020/12/28,2020/12/28
,810-0023,福岡市中央区警固二丁目１５番１号,新警固ビル２Ｆ,092-775-5559,バタチキラバー,飲食店営業,一般食堂,福,中保衛,32010521,2026/12/31,2020/12/28,2020/12/28
Ｒｉｃｅｂｉｒｄ株式会社,810-0014,福岡市中央区平尾一丁目１０番２０号,ＢＲＡＭＡＳＯＬＥｈｉｒａｏ　２Ａ,092-522-6611,清喜　精肉室,食肉販売業,一般,福,中保衛,32330101,2026/12/31,2020/12/28,2020/12/28
,810-0022,福岡市中央区薬院四丁目６番３１号,,092-531-3311,ピアノーパブ　街路樹,飲食店営業,一般食堂,福,中保衛,32020406,2026/12/31,2020/12/28,1984/11/1
株式会社　共立メンテナンス,810-0042,福岡市中央区赤坂一丁目３番１７号,,092-714-1431,ドーミー赤坂けやき通り,飲食店営業,一般食堂,福,中保衛,32020405,2026/12/31,2020/12/28,2002/11/13
,810-0033,福岡市中央区小笹一丁目１２番１８号,,092-524-8577,キナリ,飲食店営業,一般食堂,福,中保衛,32020404,2026/12/31,2020/12/28,2008/10/14
株式会社マッチプラス,810-0041,福岡市中央区大名一丁目１２番３９号,ＡＣＮ大名バルコニー６階,092-406-8122,レモホル酒場　福岡大名店,飲食店営業,一般食堂,福,中保衛,32010701,2026/12/31,2020/12/28,2020/12/28
株式会社CHILL FRENZY,810-0001,福岡市中央区天神三丁目６番２９号,１階,,Ｓｏｎｕ　Ｓｏｎｕ,飲食店営業,一般食堂,福,中保衛,32010572,2026/12/31,2020/12/28,2020/12/28
株式会社ツマミナ,814-0002,福岡市早良区西新四丁目９番１７－５号,,092-831-8807,鮨・酒・肴　杉玉　西新,飲食店営業,すし屋,福,早保衛,32010139,2026/12/31,2020/12/28,2020/12/28
株式会社ＴＩＰ,814-0002,福岡市早良区西新四丁目４番８号　５Ｆ,,092-518-9090,桃源郷,飲食店営業,カフェー,福,早保衛,32010137,2026/12/31,2020/12/28,2020/12/28
まる　株式会社,810-0801,福岡市博多区中洲四丁目１番１８号,２階,092-291-3150,よひづき,飲食店営業,一般食堂,福,博保衛,32010564,2027/3/31,2021/1/4,2021/1/4
,812-0006,福岡市博多区上牟田三丁目６番１２号,,,福来家,飲食店営業,中華店,福,博保衛,32010569,2027/3/31,2021/1/4,2021/1/4
,810-0073,福岡市中央区舞鶴三丁目１番３１号,第三開聞堂ビル２Ｆ,,アンダーカレント,飲食店営業,バー,福,中保衛,32010674,2027/3/31,2021/1/4,2021/1/4
,810-0023,福岡市中央区警固一丁目６番３号,,092-515-4395,＆,飲食店営業,主として喫茶,福,中保衛,32010706,2027/3/31,2021/1/4,2021/1/4
株式会社ＥＦＭ,810-0074,福岡市中央区大手門三丁目１２番３２号,宮田ビル１Ｆ,092-724-9844,株式会社ＥＦＭ,食肉販売業,一般,福,中保衛,32330105,2027/3/31,2021/1/4,2021/1/4
株式会社ｔｅａｍ　ＴＡ９,810-0042,福岡市中央区赤坂一丁目１４番２９号,畑添ビル３階３０５号,,サラダボール　ＰａｒｉＰａｒｉ,飲食店営業,仕出し,福,中保衛,32010702,2027/3/31,2021/1/4,2021/1/4
株式会社Ｒｕｎ　ｉｔ　Ｌｉｆｅ,810-0041,福岡市中央区大名一丁目２番５２号,大名木下ビル３Ｆ,092-515-0864,ＬＯＳＴ　ＢＯＹＳ　Ｃｏｆｆｅｅ,飲食店営業,バー,福,中保衛,32010709,2027/3/31,2021/1/5,2021/1/5
株式会社ＦＴＧ　Ｃｏｍｐａｎｙ,810-0041,福岡市中央区大名一丁目９番６号,大名ボノボノ１F,092-791-2539,大阪焼肉・ホルモンふたご　大名店,食肉販売業,一般,福,中保衛,32330106,2027/3/31,2021/1/5,2021/1/5
,815-0082,福岡市南区大楠一丁目３０番２１号,福徳ビル１Ｆ,092-534-0010,地鶏食堂　じん．日赤通り,食肉販売業,一般,福,南保衛,32330031,2027/3/31,2021/1/5,2021/1/5
株式会社　プランニング・アイ,812-0892,福岡市博多区東那珂二丁目１０番５５号,,092-292-3818,ｋｅｉ’ｓ　ｋｉｔｃｈｅｎ　月隈店,飲食店営業,一般食堂,福,博保衛,32010562,2027/3/31,2021/1/6,2021/1/6
株式会社　プランニング・アイ,812-0892,福岡市博多区東那珂二丁目１０番５５号,,092-292-3818,ｋｅｉ’ｓ　ｋｉｔｃｈｅｎ　月隈店,食肉販売業,一般,福,博保衛,32330107,2027/3/31,2021/1/6,2021/1/6
株式会社　すかいらーくレストランツ,812-0894,福岡市博多区諸岡三丁目１番３５号,博多ミスト東棟　１Ｆ,092-588-7055,バーミヤン　博多ミスト,飲食店営業,レストラン,福,博保衛,32010499,2027/3/31,2021/1/6,2021/1/6
株式会社　Ｊ－ＧＡＴＥ,810-0801,福岡市博多区中洲四丁目１番２４号,１階,092-291-8200,牛宴,飲食店営業,一般食堂,福,博保衛,32010568,2027/3/31,2021/1/7,2021/1/7
合同会社　Ｗａｒｍ,810-0801,福岡市博多区中洲三丁目４番３号,多門通り　２階,092-272-0763,メンバーズ　Ｗｂｏｇｇｙ,飲食店営業,バー,福,博保衛,32010509,2027/3/31,2021/1/7,2021/1/7
株式会社　ＴＭオペレーション,810-0801,福岡市博多区中洲四丁目２番１６号,ＲＢコア第一ビル　８階　Ａ号室,092-283-1228,Ａｍｂｉｔｉｏｕｓ,飲食店営業,バー,福,博保衛,32010540,2027/3/31,2021/1/7,2021/1/7
,810-0801,福岡市博多区中洲四丁目１番３５号,岡部ビル１号館　５階　５０１号,092-271-0033,１　ｆｏｒ　ｔｈｅ　ＲＯＡＤ,飲食店営業,バー,福,博保衛,32010510,2027/3/31,2021/1/7,2021/1/7
株式会社GAKU,810-0021,福岡市中央区今泉二丁目４番３６号,ＴＩＯ今泉２階,092-707-0980,Ｐａｒｆａｉｔｅｒｉａ　ｂｅＬ　福岡,飲食店営業,一般食堂,福,中保衛,32010693,2027/3/31,2021/1/7,2021/1/7
,819-0373,福岡市西区周船寺一丁目６番１１号,,,おしゃべり泥棒,飲食店営業,一般食堂,福,西保衛,32020102,2027/3/31,2021/1/7,2015/2/17
株式会社ナビさんハラールフードプラザ,819-0386,福岡市西区元浜一丁目２７番３号,,092-407-1262,ハラールフードプラザ　ナビさん,飲食店営業,弁当屋,福,西保衛,32010089,2027/3/31,2021/1/7,2021/1/7
株式会社ナビさんハラールフードプラザ,819-0386,福岡市西区元浜一丁目２７番３号,,092-407-1262,ハラールフードプラザ　ナビさん,食肉販売業,一般,福,西保衛,32230024,2027/3/31,2021/1/7,2021/1/7
,813-0014,福岡市東区香椎台一丁目１１番１号,,092-284-0312,お好みたい焼きピース,飲食店営業,一般食堂,福,東保衛,32010157,2027/3/31,2021/1/8,2021/1/8
ＫＣ　株式会社,812-0020,福岡市博多区対馬小路１１番１１号,１Ｆ　１０２号,092-262-2211,インドネパール料理　ＫＡＧＢＥＮＩ,飲食店営業,一般食堂,福,博保衛,32010566,2027/3/31,2021/1/8,2021/1/8
ＫＣ　株式会社,812-0020,福岡市博多区対馬小路１１番１１号,１Ｆ　１０１号室,092-262-7755,ＵＮＩＱＵＥ　ＣＡＦＥ＆ＢＡＲ,飲食店営業,バー,福,博保衛,32010565,2027/3/31,2021/1/8,2021/1/8
,811-1302,福岡市南区井尻三丁目１７番２２号,ＭＦビル１０１号,092-558-9600,幸ｊｉｎ,飲食店営業,一般食堂,福,南保衛,32010114,2027/3/31,2021/1/8,2021/1/8
,811-0213,福岡市東区和白丘二丁目８番５号,,,Ｆｉｎｄ Ｍｙｓｅｌｆ,飲食店営業,一般食堂,福,東保衛,32010140,2027/3/31,2021/1/12,2021/1/12
,812-0041,福岡市博多区吉塚一丁目１７番５号,,,Ｃｈａｍｐｉｏｎ,飲食店営業,バー,福,博保衛,32010574,2027/3/31,2021/1/12,2021/1/12
合同会社　ＡＮＤＧ,810-0801,福岡市博多区中洲二丁目３番８号,Ｇ－ＣＵＢＥ中洲　６階　Ａ号室,092-283-6188,アンジー,飲食店営業,バー,福,博保衛,32010572,2027/3/31,2021/1/12,2021/1/12
,810-0801,福岡市博多区中洲四丁目７番８号,ラ・パピヨンビル　４階　４１９号室,092-262-7339,Ａｍｅｔｈｙｓｔ,飲食店営業,カフェー,福,博保衛,32010580,2027/3/31,2021/1/12,2021/1/12
株式会社　Ｏｆｆｉｃｉａｌ　Ａｒｔｓ,810-0801,福岡市博多区中洲三丁目５番１０号,ジョイパックビル　１階　全号室,092-292-5219,ＲＵＤＡＮ,飲食店営業,カフェー,福,博保衛,32010459,2027/3/31,2021/1/12,2021/1/12
,812-0879,福岡市博多区銀天町三丁目６番２７号,エスクビール　Ｂ１Ｆ,092-558-9004,ＤＡＯＮ　だおん,食肉販売業,一般,福,博保衛,32330108,2027/3/31,2021/1/12,2021/1/12
Ｒｉｃｅｂｉｒｄ株式会社,810-0044,福岡市中央区六本松四丁目５番２２号,六本松プラスワン店舗５号,092-707-0016,餃子　おそ松,飲食店営業,一般食堂,福,中保衛,32010720,2027/3/31,2021/1/12,2021/1/12
有限会社大穂商店,813-0016,福岡市東区香椎浜三丁目１２番１号,イオンモール香椎浜２Ｆフードコート,092-673-6888,ミスターケバブ＆インダスカレー,飲食店営業,一般食堂,福,東保衛,32010162,2027/3/31,2021/1/13,2021/1/13
,812-0854,福岡市博多区東月隈三丁目１９番９号,１Ｆ,,ＦＲＵＣＴＵＳ,菓子製造業,一般,福,博保衛,32050035,2027/3/31,2021/1/13,2021/1/13
,810-0801,福岡市博多区中洲四丁目３番８号,中山第一ビル　５階　全号室,092-260-3777,Ｔｈｅ　Ｇｒａｎｄ　Ｈｉｌｌｓ,飲食店営業,バー,福,博保衛,32010548,2027/3/31,2021/1/13,2021/1/13
,810-0801,福岡市博多区中洲四丁目１番１２号,人形小路　２階,092-282-8457,ＦＩＶＥ　ＫＥＹＳ,飲食店営業,バー,福,博保衛,32010581,2027/3/31,2021/1/13,2021/1/13
ゲームクリエイターズギルド　株式会社,810-0801,福岡市博多区中洲三丁目７番１５号,ＴＭ－３０ＢＵＩＬＤＩＮＧ　２階　全室,,ＣＲｏｗｎ　ＣＬｏｗｎ,飲食店営業,バー,福,博保衛,32010578,2027/3/31,2021/1/13,2021/1/13
,810-0014,福岡市中央区平尾五丁目４番３６－１０１号,,,Ｏ’ＣＨＡ茶,飲食店営業,主として喫茶,福,中保衛,32010688,2027/3/31,2021/1/13,2021/1/13
,814-0104,福岡市城南区別府六丁目２番１０号,ローゼ１９９１ １０２号,,Ｖｅｒｏｎｉｃａ　Ｗｏｒｋｓ,菓子製造業,一般,福,城保衛,32050007,2027/3/31,2021/1/13,2021/1/13
,813-0011,福岡市東区香椎一丁目２２番５号,,092-692-1655,七輪炭火焼肉しまじろう,食肉販売業,一般,福,東保衛,32330039,2027/3/31,2021/1/14,2021/1/14
,813-0011,福岡市東区香椎一丁目１８番８号,,092-410-2355,バルＡＲＩＫＡＤＯ,食肉販売業,一般,福,東保衛,32330038,2027/3/31,2021/1/14,2021/1/14
株式会社　ジェリービーンズ,810-0801,福岡市博多区中洲二丁目５番１５号,第１ラインビル　５階　４号,,ＳＡＬＯＮ　ｄｅ　ＪｅｌｌｙＢｅａｎｓ,飲食店営業,バー,福,博保衛,32010584,2027/3/31,2021/1/14,2021/1/14
,810-0801,福岡市博多区中洲二丁目３番１７号,桃山ビル　３階　３号室,,Ｂａｒ　Ｒｅ：ＧｒＡｃｅ,飲食店営業,バー,福,博保衛,32010567,2027/3/31,2021/1/14,2021/1/14
株式会社　鷹勝カレント,812-0026,福岡市博多区上川端町１１番８号,川端中央ビル　２Ｆ,092-283-7788,中洲鷹勝,魚介類販売業,一般,福,博保衛,32130041,2027/3/31,2021/1/14,2021/1/14
有限会社　よし田,812-0025,福岡市博多区店屋町１番１６号,,092-721-0171,割烹　よし田,飲食店営業,料理店,福,博保衛,32010535,2027/3/31,2021/1/14,2021/1/14
有限会社　よし田,812-0025,福岡市博多区店屋町１番１６号,,092-721-0171,割烹　よし田,魚介類販売業,一般,福,博保衛,32130036,2027/3/31,2021/1/14,2021/1/14
株式会社　ｓｔｅａｍ,812-0011,福岡市博多区博多駅前三丁目１３番１２号,アミスタホテル福岡　１Ｆ,092-402-0636,彩食　ゆうなぎ,飲食店営業,一般食堂,福,博保衛,32010571,2027/3/31,2021/1/14,2021/1/14
,812-0026,福岡市博多区上川端町１０番１５号,ローズマンション川端　Ｂ１Ｆ,,ＴＨＥ　ＤＲＯＰ　ＣＬＵＢ,飲食店営業,バー,福,博保衛,32010582,2027/3/31,2021/1/14,2021/1/14
株式会社　春ゆめ,810-0801,福岡市博多区中洲二丁目３番１号,中洲Ｆビル　４階　４０１～４０６号室,092-281-8787,Ｃｌｕｂ　Ｓａｋｕｒａ,飲食店営業,バー,福,博保衛,32010573,2027/3/31,2021/1/14,2021/1/14
株式会社イクティス,810-0005,福岡市中央区清川二丁目１２番１０号,,092-532-7200,花庭食堂,飲食店営業,一般食堂,福,中保衛,32010734,2027/3/31,2021/1/14,2021/1/14
株式会社Ｏ・Ｂ・Ｕ　Ｃｏｍｐａｎｙ,810-0002,福岡市中央区西中洲５番９号,,092-732-3277,博多ほたる西中洲本店,魚介類販売業,一般,福,中保衛,32130049,2027/3/31,2021/1/14,2021/1/14
景商合同会社,812-0054,福岡市東区馬出二丁目２０番２６号１Ｆ,,,Ｍｉｓｓ　１９９８,飲食店営業,一般食堂,福,東保衛,32010167,2027/3/31,2021/1/15,2021/1/15
株式会社　ＴＪｆｏｏｄｓ,812-0016,福岡市博多区博多駅南二丁目１１番１３号,１Ｆ,092-203-8929,赤身焼肉　ＵＳＨＩＯ,食肉販売業,一般,福,博保衛,32330110,2027/3/31,2021/1/15,2021/1/15
,812-0018,福岡市博多区住吉五丁目５番１５号,,050-3461-8830,串しゃぶ専門ギャザー／おかゆや住吉店,飲食店営業,一般食堂,福,博保衛,32010588,2027/3/31,2021/1/15,2021/1/15
,812-0888,福岡市博多区板付二丁目２番３号,,092-451-2935,焼肉定食専門店　お肉最高～！　チエちゃん　福岡本店,飲食店営業,一般食堂,福,博保衛,32010589,2027/3/31,2021/1/15,2021/1/15
,810-0073,福岡市中央区舞鶴一丁目１番３０号,天神ウイングⅡ　４階,092-791-8900,親不孝エンカウント,飲食店営業,バー,福,中保衛,32010736,2027/3/31,2021/1/15,2021/1/15
,810-0003,福岡市中央区春吉一丁目１番１１号,,092-710-6146,ＬＯＣＯ　ＷＯＲＫＳ　ＣＯＦＦＥＥ,飲食店営業,主として喫茶,福,中保衛,32010723,2027/3/31,2021/1/15,2021/1/15
株式会社スーパーラップ,810-0013,福岡市中央区大宮一丁目４番２２号,武石大宮第１コーポ２０１号室,,ＯｕｒＳｏｕｐ,飲食店営業,一般食堂,福,中保衛,32010733,2027/3/31,2021/1/15,2021/1/15
,810-0072,福岡市中央区長浜二丁目５番,港ビル１Ｆ,092-791-1333,居酒屋　松明,飲食店営業,一般食堂,福,中保衛,32010740,2027/3/31,2021/1/15,2021/1/15
株式会社ＭＵＳＴＡＣＨＥ６,810-0022,福岡市中央区薬院三丁目７番１４号,古川ビル２Ｆ,092-406-3703,ＨＩＧＥ６ＣＨＯ,飲食店営業,一般食堂,福,中保衛,32010745,2027/3/31,2021/1/15,2021/1/15
,810-0041,福岡市中央区大名一丁目８番４０号,林毛町通りビル１０１,050-8881-0210,ＦＲＥＥＭＡＮ　ｄｉｎｉｎｇ,飲食店営業,一般食堂,福,中保衛,32010615,2027/3/31,2021/1/15,2021/1/15
株式会社ＭＵＳＴＡＣＨＥ６,810-0022,福岡市中央区薬院三丁目７番１４号,古川ビル１Ｆ,092-406-3703,ヒゲから,飲食店営業,一般食堂,福,中保衛,32010744,2027/3/31,2021/1/15,2021/1/15
ＥＮ’n株式会社,810-0041,福岡市中央区大名二丁目１番５０号,公建ビル１　５Ｆ,,ＢＡＲ　ＮＩＷＡＫＡ,飲食店営業,バー,福,中保衛,32010719,2027/3/31,2021/1/15,2021/1/15
株式会社１１０ＢＵＳＩＮＥＳＳ,814-0002,福岡市早良区西新五丁目８番２８号,,092-407-3229,博多　アイアンマン　西新店,飲食店営業,一般食堂,福,早保衛,32010140,2027/3/31,2021/1/15,2021/1/15
,819-0025,福岡市西区石丸三丁目３８番１２号,,092-883-5395,セブン－イレブン福岡石丸３丁目店,飲食店営業,一般食堂,福,西保衛,32010087,2027/3/31,2021/1/15,2021/1/15
株式会社墨朋,819-0055,福岡市西区生の松原一丁目３４番３５号,,092-707-7597,生之松原測候所,菓子製造業,一般,福,西保衛,32050001,2027/3/31,2021/1/15,2021/1/15
,813-0004,福岡市東区松香台一丁目２２番４０号,,,お好み焼 ダンボ,飲食店営業,仕出し,福,東保衛,32010161,2027/3/31,2021/1/18,2021/1/18
,813-0062,福岡市東区松島五丁目２９番２０号,,,ラーメン工房にへい,飲食店営業,一般食堂,福,東保衛,32010164,2027/3/31,2021/1/18,2021/1/18
,810-0801,福岡市博多区中洲四丁目１番,清流公園（中洲街園）,,博多屋台よっちゃん,飲食店営業,ろ店(定置屋台),福,博保衛,32030002,2026/3/31,2021/1/18,2021/1/18
,812-0853,福岡市博多区東平尾一丁目４番３５号,,,テクニックエンジニアサービス赤福食堂,飲食店営業,一般食堂,福,博保衛,32010596,2027/3/31,2021/1/18,2021/1/18
,810-0801,福岡市博多区中洲三丁目４番１０号,中洲Ｕビル　５階　５０３号室,092-261-2220,ｃｌｕｂ　ＶＥＧＡ　ＶＩＰ,飲食店営業,カフェー,福,博保衛,32010528,2027/3/31,2021/1/18,2021/1/18
,810-0801,福岡市博多区中洲三丁目４番１０号,中洲Ｕビル　５階　５０４号室,092-261-2220,ｃｌｕｂ　ＶＥＧＡ　ＦＵＫＵＯＫＡ,飲食店営業,カフェー,福,博保衛,32010529,2027/3/31,2021/1/18,2021/1/18
有限会社　シティ空調設備工業,810-0801,福岡市博多区中洲四丁目２番１５号,メインストリートビル　５階,092-291-0170,マブハイ,飲食店営業,カフェー,福,博保衛,32010586,2027/3/31,2021/1/18,2021/1/18
,810-0801,福岡市博多区中洲三丁目４番５号,多門ビル　２階　Ａ号室,092-271-2233,鶏ｄｉｎｉｎｇ　蓮尾,食肉販売業,一般,福,博保衛,32330109,2027/3/31,2021/1/18,2021/1/18
,810-0073,福岡市中央区舞鶴一丁目３番３１号,ハイラーク舞鶴１０４－Ａ,092-401-0677,Ａｎｇｅｌ’ｓ　Ｋｉｔｃｈｅｎ,飲食店営業,一般食堂,福,中保衛,32010630,2027/3/31,2021/1/18,2021/1/18
株式会社サンスイ,810-0073,福岡市中央区舞鶴一丁目８番３８号,ＷＡＶＥ　ＢＬＤＧ　１Ｆ－２,,300,飲食店営業,一般食堂,福,中保衛,32010741,2027/3/31,2021/1/18,2021/1/18
,810-0073,福岡市中央区舞鶴一丁目８番３８号,ＷＡＶＥビル３０１,,ｕｎｇｒ,飲食店営業,バー,福,中保衛,32010743,2027/3/31,2021/1/18,2021/1/18
有限会社どらごんフーズ,810-0044,福岡市中央区六本松四丁目１１番３２号,,092-771-7066,どらごんその２,食肉販売業,一般,福,中保衛,32330110,2027/3/31,2021/1/18,2021/1/18
株式会社ＡＮＤ　ＴＨＥ　ＳＯＩＬ．,810-0011,福岡市中央区高砂二丁目６番１号,,092-791-7825,ＡＮＤ　ＴＨＥ　ＳＯＩＬ．,飲食店営業,主として喫茶,福,中保衛,32010679,2027/3/31,2021/1/18,2021/1/18
,811-1302,福岡市南区井尻五丁目８番１８号,サンアドレス井尻１Ｆ,092-593-3728,Ｐｕｂｌｉｃ　ｈｏｕｓｅ　ＬＩＮＫ,飲食店営業,一般食堂,福,南保衛,32010132,2027/3/31,2021/1/18,2021/1/18
,814-0022,福岡市早良区原五丁目１４番２５号,,,韓国市場,飲食店営業,一般食堂,福,早保衛,32010142,2027/3/31,2021/1/18,2021/1/18
,819-0379,福岡市西区北原一丁目７番８号,,092-707-7333,ＡＬＩＳＯＮ,飲食店営業,一般食堂,福,西保衛,32010084,2027/3/31,2021/1/18,2021/1/18
,812-0053,福岡市東区箱崎二丁目４１番７号,メモリアル箱崎１階,092-641-6612,明秀苑,飲食店営業,一般食堂,福,東保衛,32010168,2027/3/31,2021/1/19,2021/1/19
,811-0212,福岡市東区美和台三丁目４番４号,,092-688-1141,ｆｕｌｆｉｌ／ＣＵＯ Ｃｏｆｆｅｅ,飲食店営業,一般食堂,福,東保衛,32010165,2027/3/31,2021/1/19,2021/1/19
,812-0013,福岡市博多区博多駅東二丁目３番２９号,東福博多駅東ビル　２Ｆ,092-483-6766,とんとん,飲食店営業,一般食堂,福,博保衛,32010515,2027/3/31,2021/1/19,2021/1/19
株式会社　ＡＰ　ＢＲＥＣＣＩＡ,812-0011,福岡市博多区博多駅前四丁目３３番３６号,,092-451-7725,ＳＡＮＴＡ　ＣＲＵＺ,飲食店営業,一般食堂,福,博保衛,32010570,2027/3/31,2021/1/19,2021/1/19
株式会社　ライズ・エンターテイメント,810-0801,福岡市博多区中洲二丁目４番２０号,第２１ポールスタービル　１階　７・８Ｂ号室,092-409-1421,Ｃｌｕｂ　Ｎｅｗ　Ｅｖｅｒ,飲食店営業,カフェー,福,博保衛,32010536,2027/3/31,2021/1/19,2021/1/19
株式会社ＶＺＬｅ　Ｅｎｔｅｒｔａｉｎｍｅｎｔ,810-0001,福岡市中央区天神三丁目７番３号,タワーズ天神３Ｆ,,Ｗｏｎｄｅｒ　Ｓｐｏｔ,飲食店営業,バー,福,中保衛,32010705,2027/3/31,2021/1/19,2021/1/19
有限会社ルクラティブカンパニー,810-0021,福岡市中央区今泉一丁目１６番１号,今泉ハイツ２Ｆ,,Ｂａｒ　ｙ’ｓ,飲食店営業,バー,福,中保衛,32010742,2027/3/31,2021/1/19,2021/1/19
,810-0003,福岡市中央区春吉三丁目１６番２２号,イルレガーロ天神１Ｆ,,メリケン,飲食店営業,一般食堂,福,中保衛,32010711,2027/3/31,2021/1/19,2021/1/19
有限会社どらごんフーズ,810-0003,福岡市中央区春吉三丁目２４番１６号,パステルビル１０　１F,092-741-6868,どらごん春吉店,食肉販売業,一般,福,中保衛,32330112,2027/3/31,2021/1/19,2021/1/19
コアグローバルマネジメント株式会社,810-0001,福岡市中央区天神三丁目２番１０号,,092-401-0883,クインテッサホテル福岡天神,飲食店営業,レストラン,福,中保衛,32010728,2027/3/31,2021/1/19,2021/1/19
,810-0001,福岡市中央区天神三丁目５番１５号,銀河ビル３Ｆ,,Anglers Bar Chase,飲食店営業,一般食堂,福,中保衛,32010749,2027/3/31,2021/1/19,2021/1/19
株式会社ｇａｍｂｌｅｒ,810-0003,福岡市中央区春吉二丁目２番１１号,コーポ王丸２０１,092-781-0032,春吉ラーメン恭や,飲食店営業,一般食堂,福,中保衛,32010752,2027/3/31,2021/1/19,2021/1/19
株式会社Ｄｅｕｘ　ａｎｎｅａｕ,814-0011,福岡市早良区高取一丁目２８番３３号,伊佐ビル　１Ｆ,092-831-1885,フロレスタ藤崎店,飲食店営業,一般食堂,福,早保衛,32010143,2027/3/31,2021/1/19,2021/1/19
株式会社Ｄｅｕｘ　ａｎｎｅａｕ,814-0011,福岡市早良区高取一丁目２８番３３号,伊佐ビル　１Ｆ,092-831-1885,フロレスタ藤崎店,菓子製造業,一般,福,早保衛,32050021,2027/3/31,2021/1/19,2021/1/19
ＰＲＩＮＳＨＡ株式会社,819-0022,福岡市西区福重三丁目８番１７号,,092-407-4875,Ｉｔｏ　ＭＯＭＯ　Ｃｕｒｒｙ　Ｈｏｕｓｅ,飲食店営業,一般食堂,福,西保衛,32010091,2027/3/31,2021/1/19,2021/1/19
,812-0884,福岡市博多区寿町二丁目１番１号,メゾン南福岡　１Ｆ　１０３号,092-593-5553,安家,飲食店営業,一般食堂,福,博保衛,32010599,2027/3/31,2021/1/20,2021/1/20
株式会社　一優亭,812-0025,福岡市博多区店屋町５番８号,,092-262-0477,一優亭,飲食店営業,一般食堂,福,博保衛,32010590,2027/3/31,2021/1/20,2021/1/20
,812-0885,福岡市博多区相生町三丁目２番３４号,サンラインビル　２Ｆ　２０１号室,092-558-8620,5351,飲食店営業,バー,福,博保衛,32010605,2027/3/31,2021/1/20,2021/1/20
,812-0018,福岡市博多区住吉二丁目８番３号,丸吉ビル　１Ｆ　１０２号,092-263-4450,須恵　三洋軒,飲食店営業,一般食堂,福,博保衛,32010601,2027/3/31,2021/1/20,2021/1/20
株式会社　ｓａｍ　ｃｌａｐ,810-0801,福岡市博多区中洲二丁目１番１１号,プレイスポットしんばしビル　５階　５０９号,092-282-3939,ｂａｒ　ｌｉｖｉｎｇ,飲食店営業,バー,福,博保衛,32010508,2027/3/31,2021/1/20,2021/1/20
有限会社　アーバンクラフト,812-0037,福岡市博多区御供所町５番２９号,,092-291-6511,博多奥堂,食肉販売業,一般,福,博保衛,32330111,2027/3/31,2021/1/20,2021/1/20
,810-0801,福岡市博多区中洲二丁目８番９号,２階,092-409-4432,Ｓｈｅｅｓｈａ　ｂａｒ　ＢＵＬＬ,飲食店営業,バー,福,博保衛,32010489,2027/3/31,2021/1/20,2021/1/20
,810-0801,福岡市博多区中洲五丁目４番１９号,変なホテル　１階,092-291-1105,ＯＫ　Ｂａｇｅｌ,飲食店営業,一般食堂,福,博保衛,32010594,2027/3/31,2021/1/20,2021/1/20
,810-0801,福岡市博多区中洲四丁目３番１８号,福岡東映プラザ　５階　５０８号室,092-282-0337,Ｔｉｏ　ＰｅＰｅ,飲食店営業,カフェー,福,博保衛,32010600,2027/3/31,2021/1/20,2021/1/20
株式会社　Ｅｖｅｒ　Ｐｒｏｇｒｅｓｓ,810-0801,福岡市博多区中洲四丁目１番２１号,１階,092-272-5353,博多牛たん　たん博,飲食店営業,一般食堂,福,博保衛,32010603,2027/3/31,2021/1/20,2021/1/20
株式会社　シーエスエム,812-0879,福岡市博多区銀天町二丁目２番５号,ＧⅢビル　２Ｆ,092-584-2202,和食バル　れぼりゅーしょん,飲食店営業,一般食堂,福,博保衛,32010606,2027/3/31,2021/1/20,2021/1/20
,810-0003,福岡市中央区春吉三丁目１３番２１号,中原ビルⅡ　２０１,,ｂａｒ　たまご,飲食店営業,バー,福,中保衛,32010753,2027/3/31,2021/1/20,2021/1/20
株式会社マッチプラス,810-0041,福岡市中央区大名一丁目９番１４号,シティマンション大名別館１階,092-791-2276,レモホル酒場×Ｍｒ．チージュ　福岡天神店,飲食店営業,一般食堂,福,中保衛,32010755,2027/3/31,2021/1/20,2021/1/20
合同会社人－Ｃｏｍｐａｎｙ,815-0082,福岡市南区大楠一丁目２９番２９号,三笠ビル１０１号,,福岡炭処おおくす大橋高宮平尾本店,飲食店営業,一般食堂,福,南保衛,32010133,2027/3/31,2021/1/20,2021/1/20
有限会社藤－ＫＥＮ,814-0121,福岡市城南区神松寺二丁目５番１３号,,092-707-6280,Ｆ－Ｄｉｒｅｃｔ,飲食店営業,弁当屋,福,城保衛,32010047,2027/3/31,2021/1/20,2021/1/20
株式会社　ＵＰ,812-0013,福岡市博多区博多駅東二丁目１番２４号,ギャラリー博多ビル　５Ｆ,092-472-1551,博多牛臓,食肉販売業,一般,福,博保衛,32330113,2027/3/31,2021/1/21,2021/1/21
株式会社　ＵＰ,812-0013,福岡市博多区博多駅東二丁目１番２４号,ギャラリー博多ビル　５Ｆ,092-472-3773,ＮＩＫＵＬＡＢ,食肉販売業,一般,福,博保衛,32330112,2027/3/31,2021/1/21,2021/1/21
,812-0016,福岡市博多区博多駅南二丁目３番１８号,大真ビル　２Ｆ,092-483-3872,ＢＡＲ　ムーンライト,飲食店営業,バー,福,博保衛,32010597,2027/3/31,2021/1/21,2021/1/21
株式会社アップエス,810-0023,福岡市中央区警固一丁目１５番３８号,カイタックスクエアガーデン４Ｆ,092-721-0892,鉄板焼　三ヶ森,食肉販売業,一般,福,中保衛,32330113,2027/3/31,2021/1/21,2021/1/21
株式会社アップエス,810-0023,福岡市中央区警固一丁目１５番３８号,カイタックスクエアガーデン４Ｆ,092-721-0892,鉄板焼　三ヶ森,めん類製造業,生めん,福,中保衛,32550007,2027/3/31,2021/1/21,2021/1/21
,810-0022,福岡市中央区薬院二丁目１番４号,アルモニ薬院５Ｆ,,ＢＵＺＺ　ＣＵＲＲＹ,飲食店営業,一般食堂,福,中保衛,32010758,2027/3/31,2021/1/21,2021/1/21
株式会社モスストアカンパニー,810-0062,福岡市中央区荒戸二丁目１番１８号,アスエリア大濠公園１Ｆ,092-401-0097,モスバーガー大濠公園前店,飲食店営業,一般食堂,福,中保衛,32010696,2027/3/31,2021/1/21,2021/1/21
合資会社ネクスト,810-0014,福岡市中央区平尾二丁目５番８号,,092-522-3590,ローソン平尾駅前店,飲食店営業,一般食堂,福,中保衛,32010769,2027/3/31,2021/1/21,2021/1/21
,810-0801,福岡市博多区中洲四丁目１番１９号,人形小路　サインズ　２階,,Ｕｍｉｌｔａ（ウミルタ）※,飲食店営業,バー,福,博保衛,32010618,2027/3/31,2021/1/22,2021/1/22
,810-0801,福岡市博多区中洲四丁目３番１８号,東映プラザ　７階,092-263-7688,クラブ　シャングリラ,飲食店営業,カフェー,福,博保衛,32010575,2027/3/31,2021/1/22,2021/1/22
株式会社　愛光フーズ,812-0897,福岡市博多区半道橋二丁目６番４号,ファーストレジデンス　１Ｆ,,株式会社愛光フーズ　Ｌａｂ＆Ｆａｃｔｏｒｙ,飲食店営業,弁当屋,福,博保衛,32010607,2027/3/31,2021/1/22,2021/1/22
株式会社　愛光フーズ,812-0897,福岡市博多区半道橋二丁目６番４号,ファーストレジデンス　１Ｆ,,株式会社愛光フーズ　Ｌａｂ＆Ｆａｃｔｏｒｙ,魚介類販売業,一般,福,博保衛,32130042,2027/3/31,2021/1/22,2021/1/22
株式会社　愛光フーズ,812-0897,福岡市博多区半道橋二丁目６番４号,ファーストレジデンス　１Ｆ,,株式会社愛光フーズ　Ｌａｂ＆Ｆａｃｔｏｒｙ,食肉販売業,一般,福,博保衛,32330114,2027/3/31,2021/1/22,2021/1/22
株式会社　愛光フーズ,812-0897,福岡市博多区半道橋二丁目６番４号,ファーストレジデンス　１Ｆ,,株式会社愛光フーズ　Ｌａｂ＆Ｆａｃｔｏｒｙ,そうざい製造業,なし,福,博保衛,32570016,2027/3/31,2021/1/22,2021/1/22
株式会社　愛光フーズ,812-0897,福岡市博多区半道橋二丁目６番４号,ファーストレジデンス　１Ｆ,,株式会社愛光フーズ　Ｌａｂ＆Ｆａｃｔｏｒｙ,食品の冷凍又は冷蔵業,なし,福,博保衛,32190014,2027/3/31,2021/1/22,2021/1/22
,810-0022,福岡市中央区薬院二丁目３番５号,エコール薬院１Ｆ,,ｈａｋａｔａ　Ｄｃｕｒｒｙ,飲食店営業,一般食堂,福,中保衛,32010767,2027/3/31,2021/1/22,2021/1/22
株式会社SANHAI,810-0021,福岡市中央区今泉二丁目５番２４号,権藤ビル１０１,050-8881-0222,ひろき家,飲食店営業,一般食堂,福,中保衛,32010712,2027/3/31,2021/1/22,2021/1/22
株式会社ひげん,815-0041,福岡市南区野間三丁目１３番２２号,ロマネスク野間１Ｆ,092-408-9833,野間焼肉ひげん,飲食店営業,一般食堂,福,南保衛,32010135,2027/3/31,2021/1/22,2021/1/22
株式会社Ｄｅｕｘ　ａｎｎｅａｕ,813-0044,福岡市東区千早四丁目１５番１２号,ＴＨＥ　ＬＩＮＤＯＳ　１Ｆ,092-661-8118,ビオワルン千早店,飲食店営業,一般食堂,福,東保衛,32010171,2027/3/31,2021/1/25,2021/1/25
ロイヤルコントラクトサービス　株式会社,812-0045,福岡市博多区東公園７番７号,県庁本庁舎　Ｂ１Ｆ　西側,092-643-2550,福岡県庁地下食堂,飲食店営業,一般食堂,福,博保衛,32010625,2027/3/31,2021/1/25,2021/1/25
有限会社　楽天地,812-0013,福岡市博多区博多駅東一丁目１８番１号,アパホテル＆リゾート＜博多駅東＞　１Ｆ,,元祖もつ鍋　楽天地,飲食店営業,一般食堂,福,博保衛,32010617,2027/3/31,2021/1/25,2021/1/25
ミニストップ株式会社,812-0894,福岡市博多区諸岡三丁目７番７号,,092-592-0831,ミニストップ博多諸岡店,飲食店営業,一般食堂,福,博保衛,32010616,2027/3/31,2021/1/25,2021/1/25
,810-0014,福岡市中央区平尾二丁目６番１号,,,フルーツサワーテラダ,飲食店営業,バー,福,中保衛,32010771,2027/3/31,2021/1/25,2021/1/25
株式会社ＭＥＲＵ,810-0073,福岡市中央区舞鶴三丁目８番１号,まいづる中央ビル１階１０５号室,092-791-6771,福岡いくら家丼よしよし,飲食店営業,一般食堂,福,中保衛,32010671,2027/3/31,2021/1/25,2021/1/25
,810-0014,福岡市中央区平尾一丁目１３番８号,エスティメゾン薬院１０１,092-758-7847,ＣＡＬＩＦＯＲＮＩＡ　ＫＩＴＣＨＥＮ,飲食店営業,一般食堂,福,中保衛,32010731,2027/3/31,2021/1/25,2021/1/25
太陽の船株式会社,810-0004,福岡市中央区渡辺通五丁目１番２６号,アローマンション１０３号館－Ｃ号室,092-738-2919,焼肉酒場　にくまる春吉店,飲食店営業,一般食堂,福,中保衛,32010722,2027/3/31,2021/1/25,2021/1/25
株式会社いっかくカンパニー,815-0075,福岡市南区長丘五丁目１６番４号,長幸ビル,,いっかく食堂　セントラル,飲食店営業,弁当屋,福,南保衛,32010131,2027/3/31,2021/1/25,2021/1/25
ハーベスト株式会社,819-0025,福岡市西区石丸三丁目２０番８号,,,おあしす石丸店,飲食店営業,一般食堂,福,西保衛,32010090,2027/3/31,2021/1/25,2021/1/25
,813-0033,福岡市東区多々良一丁目２５番２３号,たたらグリーンビル１－Ａ,092-663-4533,カラオケ　カンチャン,飲食店営業,一般食堂,福,東保衛,32010173,2027/3/31,2021/1/26,2021/1/26
,812-0013,福岡市博多区博多駅東二丁目４番３１号,第５岡部ビル　１Ｆ,092-474-6900,焼鳥とり源,飲食店営業,一般食堂,福,博保衛,32010583,2027/3/31,2021/1/26,2021/1/26
,810-0801,福岡市博多区中洲二丁目１番１１号,プレイスポットしんばしビル　４階　４０７Ａ,092-282-8887,Ａｉｒ,飲食店営業,バー,福,博保衛,32010613,2027/3/31,2021/1/26,2021/1/26
,810-0801,福岡市博多区中洲二丁目７番９号,第１スコッチビル桂和　６階,092-409-1330,ＢＡＲ　ＲＩＣＨ,飲食店営業,バー,福,博保衛,32010620,2027/3/31,2021/1/26,2021/1/26
,812-0025,福岡市博多区店屋町７番１号,フジメンビル　１Ｆ,,ＵＺＵＳＨＩＯ,飲食店営業,一般食堂,福,博保衛,32010629,2027/3/31,2021/1/26,2021/1/26
,810-0041,福岡市中央区大名一丁目１１番１５号,小谷ビル１Ｆ,092-726-6555,セブン－イレブン福岡大名中央通り店,飲食店営業,一般食堂,福,中保衛,32010710,2027/3/31,2021/1/26,2021/1/26
株式会社シンクロファーマネット１４,814-0171,福岡市早良区野芥七丁目８番２号,,092-874-3555,ファミリーガーデンペリカン薬局野芥店,飲食店営業,主として喫茶,福,早保衛,32010146,2027/3/31,2021/1/26,2021/1/26
,811-1132,福岡市早良区石釜８２８－７,,092-804-5166,石釜そば　ひさ屋,食肉販売業,一般,福,早保衛,32330021,2027/3/31,2021/1/26,2021/1/26
,813-0036,福岡市東区若宮四丁目２番３７号,,,家庭料理　ほろよい,飲食店営業,一般食堂,福,東保衛,32010172,2027/3/31,2021/1/27,2021/1/27
株式会社　プレナス,812-0016,福岡市博多区博多駅南六丁目８番３０号,トピレック博多　１Ｆ,092-413-5717,ほっともっと駅南扇町店,飲食店営業,弁当屋,福,博保衛,32010609,2027/3/31,2021/1/27,2021/1/27
リタファーム　株式会社,812-0021,福岡市博多区築港本町１３番６号,ベイサイドプレイス博多　Ａ館　１Ｆ,092-282-0288,リタの農園,菓子製造業,一般,福,博保衛,32050039,2027/3/31,2021/1/27,2021/1/27
リタファーム　株式会社,812-0021,福岡市博多区築港本町１３番６号,ベイサイドプレイス博多　Ａ館　１Ｆ,092-282-0288,リタの農園,そうざい製造業,なし,福,博保衛,32570017,2027/3/31,2021/1/27,2021/1/27
フレッシュエアー　株式会社,812-0004,福岡市博多区榎田二丁目８番３５号,,092-436-3380,榎田センター,魚介類販売業,一般,福,博保衛,32130043,2027/3/31,2021/1/27,2021/1/27
,812-0021,福岡市博多区築港本町２番３号,ふよう港ハイツ　１１２号,092-402-1004,＃ヤセタイナラ,飲食店営業,弁当屋,福,博保衛,32010632,2027/3/31,2021/1/27,2021/1/27
ルートインジャパン　株式会社,812-0016,福岡市博多区博多駅南二丁目８番１９号,,092-473-4123,ホテルルートイン　博多駅南,飲食店営業,一般食堂,福,博保衛,32020465,2027/3/31,2021/1/27,2003/1/29
,810-0004,福岡市中央区渡辺通二丁目３番２号,三角市場１Ｆ,092-726-2888,エンムス,飲食店営業,バー,福,中保衛,32010260,2027/3/31,2021/1/27,2021/1/27
株式会社萬や,810-0022,福岡市中央区薬院一丁目１６番５号,松井ビル１０２,092-791-4419,鮨 米島,飲食店営業,すし屋,福,中保衛,32010768,2027/3/31,2021/1/27,2021/1/27
,810-0073,福岡市中央区舞鶴一丁目８番３８号,ＷＡＶＥビル５Ｆ,092-733-1199,ｇｒａｆ,飲食店営業,バー,福,中保衛,32010778,2027/3/31,2021/1/27,2021/1/27
,815-0033,福岡市南区大橋四丁目２８番６号,柳アパート１Ｆ,092-512-8126,ＫＯＡＬＡ,飲食店営業,一般食堂,福,南保衛,32010140,2027/3/31,2021/1/27,2021/1/27
,815-0084,福岡市南区市崎一丁目２番８号,高宮マンション１２０号,092-791-5676,ＭＯＲＯＰＡＩＮ,菓子製造業,パン,福,南保衛,32050021,2027/3/31,2021/1/27,2021/1/27
,815-0084,福岡市南区市崎一丁目２番８号,高宮マンション１２０号,092-791-5676,ＭＯＲＯＰＡＩＮ,飲食店営業,弁当屋,福,南保衛,32010137,2027/3/31,2021/1/27,2021/1/27
,811-1352,福岡市南区鶴田一丁目３番３号,,092-710-2087,é３３,飲食店営業,一般食堂,福,南保衛,32010141,2027/3/31,2021/1/27,2021/1/27
,819-0043,福岡市西区野方一丁目１９番１号,,,ころたこ,飲食店営業,一般食堂,福,西保衛,32020104,2027/3/31,2021/1/27,2015/2/4
,819-0373,福岡市西区周船寺二丁目１５番４４号,,092-807-3377,ホルトの木,飲食店営業,一般食堂,福,西保衛,32020105,2027/3/31,2021/1/27,2003/2/28
株式会社　ＡＮＳ,810-0801,福岡市博多区中洲四丁目３番１号,中洲岡部ビルⅡ号館　４階　４０５号,092-263-1766,Ｆｒｅｅｄｏｍ,飲食店営業,バー,福,博保衛,32010612,2027/3/31,2021/1/28,2021/1/28
株式会社　ジャンプ,810-0801,福岡市博多区中洲五丁目１番７号,ＳＰＯＯＮ　４階　Ａ室,092-273-1326,マーチャオプルート中洲,飲食店営業,一般食堂,福,博保衛,32010576,2027/3/31,2021/1/28,2021/1/28
,810-0801,福岡市博多区中洲二丁目３番５号,中洲会館　６階　６０８号室,,Ｓｐｉｒｉｔ,飲食店営業,バー,福,博保衛,32010633,2027/3/31,2021/1/28,2021/1/28
合同会社　エフワイ・ムーン,812-0011,福岡市博多区博多駅前二丁目１番１号,福岡朝日ビル　Ｂ２Ｆ,092-471-8005,博多魚市,飲食店営業,一般食堂,福,博保衛,32010598,2027/3/31,2021/1/28,2021/1/28
株式会社ドゥ・パワー,810-0001,福岡市中央区天神三丁目１６番２１号,中村第１ビル１階,092-739-3575,玄海丸　天神店,飲食店営業,すし屋,福,中保衛,32010750,2027/3/31,2021/1/28,2021/1/28
,810-0031,福岡市中央区谷一丁目１４番２号,２階,,ろっぽんぽん　タニス,飲食店営業,一般食堂,福,中保衛,32010770,2027/3/31,2021/1/28,2021/1/28
株式会社とりのてつ,810-0041,福岡市中央区大名一丁目１０番２９号,ステージ１大名２Ｆ,092-725-2008,とりのてつ　大名店,食肉販売業,一般,福,中保衛,32330116,2027/3/31,2021/1/28,2021/1/28
,811-1321,福岡市南区柳瀬二丁目９番１０号,,,Ｂｌａｎｋｅｙ,飲食店営業,一般食堂,福,南保衛,32010143,2027/3/31,2021/1/28,2021/1/28
,814-0123,福岡市城南区長尾五丁目１８番１２号,グレイス長尾１階店舗,,Ｐａｌｍｅａｌ,菓子製造業,一般,福,城保衛,32050009,2027/3/31,2021/1/28,2021/1/28
,814-0171,福岡市早良区野芥七丁目４８番３号,,092-866-0066,からあげ　てんてん,飲食店営業,そうざい,福,早保衛,32010151,2027/3/31,2021/1/28,2021/1/28
,814-0171,福岡市早良区野芥七丁目４８番３号,,092-866-0066,ＢＡＲ　ＤＲＯＰ,飲食店営業,一般食堂,福,早保衛,32010152,2027/3/31,2021/1/28,2021/1/28
,814-0171,福岡市早良区野芥六丁目４番３６号,,,バリバリキッチン,飲食店営業,一般食堂,福,早保衛,32010150,2027/3/31,2021/1/28,2021/1/28
,813-0032,福岡市東区土井一丁目２番５号,,092-231-0146,肉炉端さかいめし,飲食店営業,一般食堂,福,東保衛,32010126,2027/3/31,2021/1/29,2021/1/29
株式会社　味蔵,812-0011,福岡市博多区博多駅前一丁目２４番１２号,１Ｆ,092-471-1696,株式会社　味蔵,食品の冷凍又は冷蔵業,なし,福,博保衛,32190013,2027/3/31,2021/1/29,2021/1/29
,810-0041,福岡市中央区大名一丁目１３番１４号,２Ｆ,092-791-1339,ＤｉｎｉｎｇＢａｒ　ＡＳＡＤＯ,飲食店営業,一般食堂,福,中保衛,32010799,2027/3/31,2021/1/29,2021/1/29
株式会社ＬＳＯ,810-0041,福岡市中央区大名一丁目３番５２号,紺屋町横丁１０９,,台湾カステラ　九份,菓子製造業,一般,福,中保衛,32050100,2027/3/31,2021/1/29,2021/1/29
,815-0041,福岡市南区野間一丁目１番２号,野間サンシャインビル１Ｆ,,朗．朗,飲食店営業,一般食堂,福,南保衛,32010111,2027/3/31,2021/1/29,2021/1/29
,815-0033,福岡市南区大橋一丁目１３番１６号,１Ｆ,,ガールズバー３５８大橋,飲食店営業,一般食堂,福,南保衛,32010130,2027/3/31,2021/1/29,2021/1/29
和の精密工業株式会社,815-0034,福岡市南区南大橋二丁目１３番１６号,,,７Ｇｏ室,飲食店営業,一般食堂,福,南保衛,32010138,2027/3/31,2021/1/29,2021/1/29
,811-1346,福岡市南区老司四丁目６２２番地１,,,中村農園,飲食店営業,一般食堂,福,南保衛,32010144,2027/3/31,2021/1/29,2021/1/29
株式会社ＬＥ　ＢＥＡＵ　ＴＥＭＰＳ,814-0014,福岡市早良区弥生二丁目３番２号,ラヴェッロ　１Ｆ,092-231-9675,株式会社　ＬＥ　ＢＥＡＵ　ＴＥＭＰＳ,飲食店営業,一般食堂,福,早保衛,32010131,2027/3/31,2021/1/29,2021/1/29
株式会社ＬＥ　ＢＥＡＵ　ＴＥＭＰＳ,814-0014,福岡市早良区弥生二丁目３番２号,ラヴェッロ　１Ｆ,092-231-9675,株式会社　ＬＥ　ＢＥＡＵ　ＴＥＭＰＳ,菓子製造業,一般,福,早保衛,32050020,2027/3/31,2021/1/29,2021/1/29
,819-0025,福岡市西区石丸三丁目９番３号,,092-881-3366,巴寿司,飲食店営業,すし屋,福,西保衛,32020107,2027/3/31,2021/1/29,1997/1/8
,811-0213,福岡市東区和白丘二丁目１１番４４号,,092-606-3089,いちかばち家,飲食店営業,一般食堂,福,東保衛,32020136,2027/3/31,2021/2/1,2009/3/23
株式会社 GO　WELL,,福岡市東区松香台一丁目７番２６号,,092-662-5352,カレーハウスココ壱番屋 九産大前店,飲食店営業,一般食堂,福,東保衛,32020135,2027/3/31,2021/2/1,2015/3/13
福岡市東部農業協同組合,812-0063,福岡市東区原田四丁目２９番１８号,,092-621-5677,ふれあい夢工房,みそ製造業,なし,福,東保衛,32440002,2027/3/31,2021/2/1,2003/3/12
日清医療食品株式会社,813-0011,福岡市東区香椎三丁目３番１号,,092-672-4062,日清医療食品株式会社　香椎原病院事業所,飲食店営業,一般食堂,福,東保衛,32010175,2027/3/31,2021/2/1,2021/2/1
,812-0018,福岡市博多区住吉五丁目１９番５号,,092-431-7118,博多ホルモンセンター,食肉販売業,一般,福,博保衛,32330117,2027/3/31,2021/2/1,2021/2/1
有限会社　もつ幸,812-0024,福岡市博多区綱場町７番１４号,,092-291-5046,もつ幸,食肉販売業,一般,福,博保衛,32330120,2027/3/31,2021/2/1,2021/2/1
有限会社　もつ幸,812-0024,福岡市博多区綱場町７番１４号,,092-291-5046,もつ幸,めん類製造業,一般,福,博保衛,32550006,2027/3/31,2021/2/1,2021/2/1
,812-0884,福岡市博多区寿町三丁目１番３２号,香月ビル　１Ｆ　１０３号室,,Ａｉ,飲食店営業,バー,福,博保衛,32010604,2027/3/31,2021/2/1,2021/2/1
,810-0011,福岡市中央区高砂二丁目１１番１－２０１号,,,ＰＥＮＴＡＧＯＮ,飲食店営業,バー,福,中保衛,32010791,2027/3/31,2021/2/1,2021/2/1
有限会社ピー・プロペラーズ,810-0014,福岡市中央区平尾四丁目５番９号,シキタビル１０１,,マリンバコーヒー,飲食店営業,主として喫茶,福,中保衛,32010751,2027/3/31,2021/2/1,2021/2/1
ＨＲＦ株式会社,810-0022,福岡市中央区薬院一丁目１１番１６号,ＳＫビル１Ｆ,092-707-0920,八海,飲食店営業,一般食堂,福,中保衛,32010757,2027/3/31,2021/2/1,2021/2/1
,810-0022,福岡市中央区薬院二丁目３番６号,Ｍビル２Ｆ,092-733-0061,プラウチャイ,飲食店営業,一般食堂,福,中保衛,32010790,2027/3/31,2021/2/1,2021/2/1
ロヂウラベーカリー株式会社,814-0002,福岡市早良区西新五丁目６番５号,楢木荘　１Ｆ,092-847-7710,ロヂウラベーカリー,菓子製造業,パン,福,早保衛,32060012,2027/3/31,2021/2/1,2015/2/3
ロヂウラベーカリー株式会社,814-0002,福岡市早良区西新五丁目６番５号,楢木荘　１Ｆ,092-847-7710,ロヂウラベーカリーカフェ,飲食店営業,一般食堂,福,早保衛,32020148,2027/3/31,2021/2/1,2015/2/3
コンパスグループ・ジャパン株式会社,811-1113,福岡市早良区板屋５３０番地,,092-804-5288,背振少年自然の家,飲食店営業,一般食堂,福,早保衛,32020149,2027/3/31,2021/2/1,2015/4/1
日清医療食品株式会社,814-0002,福岡市早良区西新一丁目１番３５号,,092-833-8052,福岡記念病院,飲食店営業,一般食堂,福,早保衛,32010153,2027/3/31,2021/2/1,2021/2/1
,819-0006,福岡市西区姪浜駅南三丁目１番１７号,,092-894-6030,ファミリーマート　福岡姪浜駅南店,飲食店営業,一般食堂,福,西保衛,32020108,2027/3/31,2021/2/1,2015/3/23
株式会社木曽路,819-0022,福岡市西区福重三丁目３５番３号,,092-895-1331,木曽路福重店,飲食店営業,一般食堂,福,西保衛,32020111,2027/3/31,2021/2/1,2015/4/1
,813-0005,福岡市東区御島崎一丁目６番７号,,,伍縁,飲食店営業,一般食堂,福,東保衛,32010176,2027/3/31,2021/2/2,2021/2/2
,813-0001,福岡市東区唐原一丁目２番４６号,,092-662-8685,Ｎｅｗ ＫＩＮＣＨＡＮ,飲食店営業,一般食堂,福,東保衛,32020137,2027/3/31,2021/2/2,2003/3/7
日清医療食品株式会社,812-0054,福岡市東区馬出三丁目１番１号,,092-409-0025,日清医療食品（株）福岡支店　九州大学病院事業所,飲食店営業,一般食堂,福,東保衛,32010178,2027/3/31,2021/2/2,2021/2/2
,810-0801,福岡市博多区中洲三丁目１番２号,川丈ビル　２階　Ｂ号室,,Ｄａｙｓ,飲食店営業,バー,福,博保衛,32010638,2027/3/31,2021/2/2,2021/2/2
,810-0801,福岡市博多区中洲四丁目１番３５号,中洲岡部ビル１号館　２階　２０２号,092-282-1078,ミモザ,飲食店営業,一般食堂,福,博保衛,32010631,2027/3/31,2021/2/2,2021/2/2
,810-0003,福岡市中央区春吉三丁目１１番４号,,,博多屋台春吉ラーメン,飲食店営業,一般食堂,福,中保衛,32010803,2027/3/31,2021/2/2,2021/2/2
株式会社シェイクハンズ,810-0061,福岡市中央区西公園４番３４号,,092-406-8770,株式会社シェイクハンズ,菓子製造業,一般,福,中保衛,32050109,2027/3/31,2021/2/2,2021/2/2
株式会社シェイクハンズ,810-0061,福岡市中央区西公園４番３４号,,092-406-8770,株式会社シェイクハンズ,飲食店営業,主として喫茶,福,中保衛,32010795,2027/3/31,2021/2/2,2021/2/2
,810-0023,福岡市中央区警固一丁目６番３号,ハナタレ横丁２Ｆ,,ＢＡＲ　ＴＨＥ　ＢＲＩＤＧＥ,飲食店営業,バー,福,中保衛,32010713,2027/3/31,2021/2/2,2021/2/2
,810-0042,福岡市中央区赤坂一丁目２番６号,赤坂パインマンション１Ｆ３Ｂ,092-791-6534,いでの上料理店,飲食店営業,一般食堂,福,中保衛,32010584,2027/3/31,2021/2/2,2021/2/2
株式会社ニューガイア,810-0013,福岡市中央区大宮一丁目１番６号,ホテルニューガイア薬院１Ｆ,092-534-3811,博多割烹凛屋,食肉販売業,一般,福,中保衛,32330118,2027/3/31,2021/2/2,2021/2/2
株式会社ヴァンクール,810-0073,福岡市中央区舞鶴一丁目１番１５号,天神ＫＰビル１Ｆ,092-406-2322,天神肉酒場　よいしょ！,飲食店営業,一般食堂,福,中保衛,32010794,2027/3/31,2021/2/2,2021/2/2
,811-1346,福岡市南区老司一丁目５番４８号,,,スナック夢幻,飲食店営業,一般食堂,福,南保衛,32010139,2027/3/31,2021/2/2,2021/2/2
株式会社ジョリーパスタ,815-0031,福岡市南区清水一丁目７番１７号,,092-555-5100,ジョリーパスタ福岡清水店,飲食店営業,一般食堂,福,南保衛,32010146,2027/3/31,2021/2/2,2021/2/2
,814-0002,福岡市早良区西新六丁目１０番５８号,,092-836-7890,酒菜だんだん,飲食店営業,一般食堂,福,早保衛,32020150,2027/3/31,2021/2/2,2015/2/18
,814-0002,福岡市早良区西新四丁目４番１５号,,092-832-5651,和子の部屋,飲食店営業,一般食堂,福,早保衛,32020151,2027/3/31,2021/2/2,2003/3/31
,819-0002,福岡市西区姪の浜六丁目１２番３０号,,092-891-3001,味工房　なか山,飲食店営業,一般食堂,福,西保衛,32020112,2027/3/31,2021/2/2,2015/2/20
,819-0005,福岡市西区内浜二丁目４番５２号,,,鶏屋山﨑　姪浜店,飲食店営業,弁当屋,福,西保衛,32010094,2027/3/31,2021/2/2,2021/2/2
株式会社とり市,819-0015,福岡市西区愛宕三丁目１番６号,,092-883-1000,喜市,飲食店営業,すし屋,福,西保衛,32010097,2027/3/31,2021/2/2,2021/2/2
株式会社とり市,819-0015,福岡市西区愛宕三丁目１番６号,,092-883-0808,味三秀,飲食店営業,料理店,福,西保衛,32010098,2027/3/31,2021/2/2,2021/2/2
日清医療食品株式会社,819-0041,福岡市西区拾六町二丁目２３番１０号,,092-883-2109,日清医療食品（株）　拾六町病院事業所,飲食店営業,一般食堂,福,西保衛,32010095,2027/3/31,2021/2/2,2021/2/2
株式会社 ケーアイプラン,813-0016,福岡市東区香椎浜三丁目１２番１号,,,バーガーキングイオンモール香椎浜店,飲食店営業,一般食堂,福,東保衛,32020140,2027/3/31,2021/2/3,2015/3/5
,811-0201,福岡市東区三苫五丁目１番７２号,,092-608-0798,焼鳥 せいちゃん,飲食店営業,一般食堂,福,東保衛,32020138,2027/3/31,2021/2/3,2009/1/26
株式会社 ウチダ,813-0034,福岡市東区多の津一丁目１３番３号,,092-623-9100,ほっともっと 多の津店,飲食店営業,弁当屋,福,東保衛,32020141,2027/3/31,2021/2/3,2015/1/14
,812-0054,福岡市東区馬出二丁目２番２１号,,092-651-4121,ザ・カクウチ,飲食店営業,一般食堂,福,東保衛,32020139,2027/3/31,2021/2/3,2003/1/16
,810-0801,福岡市博多区中洲二丁目５番１８号,第２０ラインビル　７階　２号室,092-263-0220,ｃｌｕｂ＋Ｒ．．．,飲食店営業,カフェー,福,博保衛,32010619,2027/3/31,2021/2/3,2021/2/3
,810-0801,福岡市博多区中洲二丁目１番１０号,新橋リングビル　１階,092-710-4660,アニソン＆サブカルバー　ファティマ,飲食店営業,バー,福,博保衛,32010640,2027/3/31,2021/2/3,2021/2/3
株式会社　鷹勝カレント,812-0026,福岡市博多区上川端町１１番８号,川端中央ビル　２Ｆ,092-283-7788,中洲鷹勝,食肉販売業,一般,福,博保衛,32330122,2027/3/31,2021/2/3,2021/2/3
ワイエスフード　株式会社,812-0026,福岡市博多区上川端町１２番４号,,092-292-0005,筑豊ホルモン鍋　香春,飲食店営業,一般食堂,福,博保衛,32010646,2027/3/31,2021/2/3,2021/2/3
有限会社　ディー・ディー・カンパニー,812-0011,福岡市博多区博多駅前二丁目１４番１５号,ザ　ロイヤルパークホテル　福岡　１Ｆ,092-414-1131,Ｐｒｅｃｉｏｕｓ　ＯＮＯ　ＨＡＫＡＴＡ,飲食店営業,一般食堂,福,博保衛,32010624,2027/3/31,2021/2/3,2021/2/3
日清医療食品　株式会社,812-0033,福岡市博多区大博町１番８号,東館　１Ｆ,092-262-7478,日清医療食品（株）　福岡支店　原三信病院　事業所,飲食店営業,一般食堂,福,博保衛,32010637,2027/3/31,2021/2/3,2021/2/3
ジョイントシナジー株式会社,810-0044,福岡市中央区六本松三丁目１１番３９号,名古屋ビル１０３,,べじ縁,飲食店営業,主として喫茶,福,中保衛,32010695,2027/3/31,2021/2/3,2021/2/3
株式会社ＦＲＥＳＡ,810-0004,福岡市中央区渡辺通二丁目３番３４号,,092-600-0119,美味伊都,飲食店営業,弁当屋,福,中保衛,32010704,2027/3/31,2021/2/3,2021/2/3
株式会社ＦＲＥＳＡ,810-0004,福岡市中央区渡辺通二丁目３番３４号,,092-600-0119,美味伊都,そうざい製造業,なし,福,中保衛,32570027,2027/3/31,2021/2/3,2021/2/3
株式会社ＦＲＥＳＡ,810-0004,福岡市中央区渡辺通二丁目３番３４号,,092-600-0119,美味伊都,菓子製造業,一般,福,中保衛,32050097,2027/3/31,2021/2/3,2021/2/3
株式会社ａｃｔ,810-0003,福岡市中央区春吉二丁目１２番１９号,フラワーコーポ春吉１Ｆ,,ウサギよりカメ,飲食店営業,一般食堂,福,中保衛,32010797,2027/3/31,2021/2/3,2021/2/3
株式会社イルルピーノジャパン,810-0065,福岡市中央区地行浜二丁目２番６号,Ｅ・ＺＯ　ＦＵＫＵＯＫＡ　３Ｆ,092-707-5313,ＩＬ　Ｌｕｐｉｎｏ　Ｗｉｎｅ＆Ｂａｒ／Ｓｃａｌｅｓ,飲食店営業,一般食堂,福,中保衛,32010817,2027/3/31,2021/2/3,2021/2/3
響コーポレーション株式会社,814-0104,福岡市城南区別府三丁目２番３号,緒方ビル１階,,別府スタンド,飲食店営業,そうざい,福,城保衛,32010050,2027/3/31,2021/2/3,2021/2/3
,814-0002,福岡市早良区西新四丁目３番３号,,092-851-7120,一酔,飲食店営業,一般食堂,福,早保衛,32020152,2027/3/31,2021/2/3,1989/3/25
有限会社エス・エフ・マーケット,814-0031,福岡市早良区南庄三丁目２２番８号,,092-844-2238,ストロベリィーフィールズ,菓子製造業,一般,福,早保衛,32060013,2027/3/31,2021/2/3,1997/1/16
,814-0171,福岡市早良区野芥一丁目９番１５号,,092-864-6573,碧,飲食店営業,一般食堂,福,早保衛,32020153,2027/3/31,2021/2/3,1997/2/5
株式会社福岡県南部給食センター,814-0023,福岡市早良区原三丁目５番２０号,,,大原保育園給食室,飲食店営業,一般食堂,福,早保衛,32020154,2027/3/31,2021/2/3,2015/3/23
,819-0042,福岡市西区壱岐団地１３５番１０３号,,092-812-4186,シュテファン,飲食店営業,弁当屋,福,西保衛,32020113,2027/3/31,2021/2/3,2015/2/25
,819-0163,福岡市西区今宿上ノ原９３２番地７２,,092-806-6310,堀ちゃん牧場,そうざい製造業,なし,福,西保衛,32580004,2027/3/31,2021/2/3,2015/3/3
株式会社　加里部,819-0373,福岡市西区周船寺二丁目１３番４７号,,092-807-9092,レストラン加里部,飲食店営業,一般食堂,福,西保衛,32020114,2027/3/31,2021/2/3,2015/1/16
有限会社Ｆｏｏｄｉｅｓ,819-0162,福岡市西区今宿青木１０５９番地２９,,092-805-1788,母家,飲食店営業,一般食堂,福,西保衛,32020115,2027/3/31,2021/2/3,2009/2/25
有限会社Ｆｏｏｄｉｅｓ,819-0162,福岡市西区今宿青木１０５９番地２９,,092-805-1788,花野季,菓子製造業,一般,福,西保衛,32060014,2027/3/31,2021/2/3,2009/2/25
,813-0044,福岡市東区千早五丁目１２番９－１０１号,,092-673-3575,博多お好み焼き 一番星 別館,飲食店営業,一般食堂,福,東保衛,32010181,2027/3/31,2021/2/4,2021/2/4
株式会社 志のぶ,813-0004,福岡市東区松香台二丁目３番１号,九州産業大学 図書館内,,イタリアレストラン クオーレ,飲食店営業,一般食堂,福,東保衛,32020143,2027/3/31,2021/2/4,2009/3/24
,813-0043,福岡市東区名島二丁目４１番８号,,092-663-3987,家庭料理エプロンママ,飲食店営業,一般食堂,福,東保衛,32010177,2027/3/31,2021/2/4,2021/2/4
株式会社　内田家ＪＡＰＡＮ,812-0857,福岡市博多区西月隈三丁目１５番１１号,,,ラーメン内田家,飲食店営業,一般食堂,福,博保衛,32010622,2027/3/31,2021/2/4,2021/2/4
株式会社　丸井,812-0012,福岡市博多区博多駅中央街９番１号,１Ｆ,092-415-0101,博多マルイ　イベントスペース,飲食店営業,一般食堂,福,博保衛,32010647,2027/3/31,2021/2/4,2021/2/4
,810-0022,福岡市中央区薬院一丁目１１番３号,福一第二ビル２Ｆ,092-406-8959,Ｂｉｓｔｒｏ　かど,飲食店営業,一般食堂,福,中保衛,32010801,2027/3/31,2021/2/4,2021/2/4
,810-0073,福岡市中央区舞鶴一丁目６番２８号,エステート天神倶楽部３０１,,アル　ピコッタ,飲食店営業,一般食堂,福,中保衛,32010823,2027/3/31,2021/2/4,2021/2/4
,810-0021,福岡市中央区今泉一丁目１７番１８号,２Ｆ,,博多苑,飲食店営業,一般食堂,福,中保衛,32010825,2027/3/31,2021/2/4,2021/2/4
株式会社ふくや,810-0004,福岡市中央区渡辺通一丁目１１番１６号,,092-731-3014,（株）ふくや　たべごろ百旬館,そうざい製造業,なし,福,中保衛,32570028,2027/3/31,2021/2/4,2021/2/4
株式会社Ｈ＆Ｙ,810-0001,福岡市中央区天神二丁目４番１９号,第８ラインビル３Ｆ,092-714-6255,希林＆檪林館,飲食店営業,バー,福,中保衛,32010828,2027/3/31,2021/2/4,2021/2/4
日清医療食品株式会社,810-0042,福岡市中央区赤坂三丁目２番１３号,,092-739-3033,日清医療食品（株）福岡支店　石蔵病院事業所,飲食店営業,一般食堂,福,中保衛,32010796,2027/3/31,2021/2/4,2021/2/4
株式会社Ｋｅｙ　ｔａｂｌｅ,810-0011,福岡市中央区高砂一丁目２３番１７号,三浦ビル１Ｆ,092-534-4500,博多うずまき　薬院店,飲食店営業,一般食堂,福,中保衛,32010802,2027/3/31,2021/2/4,2021/2/4
,814-0133,福岡市城南区七隈五丁目７番１５号,,092-864-2269,キッチン　はな,飲食店営業,一般食堂,福,城保衛,32020061,2027/3/31,2021/2/4,2003/2/28
,814-0002,福岡市早良区西新四丁目４番１５号,横丁ビル,092-851-7113,スナックニューエルベ,飲食店営業,一般食堂,福,早保衛,32020159,2027/3/31,2021/2/4,1997/3/31
,811-1101,福岡市早良区重留二丁目１５番３１号,,092-803-0400,セブンイレブン　福岡重留２丁目店,飲食店営業,一般食堂,福,早保衛,32020160,2027/3/31,2021/2/4,2015/2/20
株式会社サトル,814-0032,福岡市早良区小田部一丁目１１番１号,,092-831-2539,カレー料理専門店　亜橋　小田部店,飲食店営業,一般食堂,福,早保衛,32020155,2027/3/31,2021/2/4,2009/3/18
イオン九州株式会社,811-1122,福岡市早良区早良一丁目１４番５３号,,092-803-1726,マックスバリュエクスプレス内野店,飲食店営業,すし屋,福,早保衛,32020156,2027/3/31,2021/2/4,1997/3/11
イオン九州株式会社,811-1122,福岡市早良区早良一丁目１４番５３号,,092-803-1726,マックスバリュエクスプレス内野店,飲食店営業,そうざい,福,早保衛,32020157,2027/3/31,2021/2/4,1997/3/11
イオン九州株式会社,811-1122,福岡市早良区早良一丁目１４番５３号,,092-803-1726,マックスバリュエクスプレス内野店,魚介類販売業,一般,福,早保衛,32140018,2027/3/31,2021/2/4,1997/3/11
イオン九州株式会社,811-1122,福岡市早良区早良一丁目１４番５３号,,092-803-1726,マックスバリュエクスプレス内野店,食肉販売業,一般,福,早保衛,32340020,2027/3/31,2021/2/4,1997/3/11
,819-0161,福岡市西区今宿東二丁目３３番１２号,,092-807-4522,奈加山,飲食店営業,一般食堂,福,西保衛,32020116,2027/3/31,2021/2/4,2009/4/1
社会福祉法人 明日へ向かって,813-0025,福岡市東区青葉二丁目４番７号,,092-663-6706,ワークショップたちばな,菓子製造業,一般,福,東保衛,32060016,2027/3/31,2021/2/5,2009/3/2
,812-0041,福岡市博多区吉塚一丁目１８番６号,,,カンボジア料理　シェムリアップ,飲食店営業,一般食堂,福,博保衛,32010628,2027/3/31,2021/2/5,2021/2/5
有限会社　韓国食品,812-0041,福岡市博多区吉塚一丁目１７番１９号,,092-611-6699,キムチスタジオ,飲食店営業,一般食堂,福,博保衛,32010642,2027/3/31,2021/2/5,2021/2/5
合同会社　じゅじゅ,812-0045,福岡市博多区東公園２番２５－１号,,092-651-4075,焼肉　じゅじゅ亭,飲食店営業,一般食堂,福,博保衛,32010645,2027/3/31,2021/2/5,2021/2/5
,812-0892,福岡市博多区東那珂二丁目１９番１９号,２Ｆ,092-231-9529,ＧＲＡＣＥ,飲食店営業,バー,福,博保衛,32010643,2027/3/31,2021/2/5,2021/2/5
合同会社　吉栄,810-0801,福岡市博多区中洲四丁目５番６号,ＶＯＲＴ中洲　８階,,ＧＥＩＳＨＡ,飲食店営業,主として喫茶,福,博保衛,32010623,2027/3/31,2021/2/5,2021/2/5
株式会社　Ｋｅｙ　ｔａｂｌｅ,812-0013,福岡市博多区博多駅東三丁目３番１２号,クレスティ博多　１Ｆ、２Ｆ,,博多　八十八,飲食店営業,一般食堂,福,博保衛,32010641,2027/3/31,2021/2/5,2021/2/5
株式会社　ＩＣ,810-0801,福岡市博多区中洲四丁目５番５号,エーデル中洲　５階　Ｂ号室,092-292-1505,ｋｏｒｅａｎ　ｂａｒ　ＰＬＡＹ,飲食店営業,バー,福,博保衛,32010652,2027/3/31,2021/2/5,2021/2/5
,810-0012,福岡市中央区白金二丁目１１番３１号,コープオリンピア平尾１０３,092-406-5772,Ｓｈｉｒｏｇａｎｅ　Ｓｙｏｋｕｄｏｕ,飲食店営業,一般食堂,福,中保衛,32010809,2027/3/31,2021/2/5,2021/2/5
,810-0041,福岡市中央区大名一丁目６番１１号,Ｂａｒｂｉｚｏｎ９９　５Ｆ,092-739-1919,ＳＵＧＩＹＡ,飲食店営業,一般食堂,福,中保衛,32010724,2027/3/31,2021/2/5,2021/2/5
株式会社ジェイ．アーク,810-0002,福岡市中央区西中洲１番３５号,寺埜ビル１０１号,,表邸　西中洲,飲食店営業,一般食堂,福,中保衛,32010805,2027/3/31,2021/2/5,2021/2/5
,810-0034,福岡市中央区笹丘一丁目３５番２１号,笹丘名店街,,家庭料理　海,飲食店営業,一般食堂,福,中保衛,32010831,2027/3/31,2021/2/5,2021/2/5
株式会社Ｓｍａｌｌ　Ｆｌｏｃｋ,810-0041,福岡市中央区大名一丁目１３番１５号,ＴＥＮＪＩＮアーク参番館３階,092-753-6744,Ｃａｆｅ＆Ｂａｒ　Ｍｅｒｒｙ,飲食店営業,バー,福,中保衛,32010635,2027/3/31,2021/2/5,2021/2/5
株式会社ｇａｍｂｌｅｒ,810-0003,福岡市中央区春吉二丁目２番１１号,王丸コーポ２０３,,豚足はこうだ,飲食店営業,バー,福,中保衛,32010800,2027/3/31,2021/2/5,2021/2/5
合同会社Ｍ．Ｔグループ,815-0041,福岡市南区野間一丁目５番１５号,,,４ＴＨ　ＢＡＲ　高宮,飲食店営業,一般食堂,福,南保衛,32010129,2027/3/31,2021/2/5,2021/2/5
株式会社かな川グループ,815-0033,福岡市南区大橋一丁目１番１７号,サンシャイン東１０１号,092-710-1786,はる　大橋店,飲食店営業,一般食堂,福,南保衛,32010148,2027/3/31,2021/2/5,2021/2/5
,815-0082,福岡市南区大楠三丁目７番１６－１０３号,,,ＫＯＩＭＡＲＩ,飲食店営業,一般食堂,福,南保衛,32020139,2027/3/31,2021/2/5,2015/3/18
ＳＴＲ　株式会社,814-0133,福岡市城南区七隈四丁目１１番５号,,092-874-3371,三代目　鳥メロ　七隈四ッ角店,飲食店営業,一般食堂,福,城保衛,32020062,2027/3/31,2021/2/5,2015/2/17
西南学院大学生活協同組合,814-0002,福岡市早良区西新七丁目４番６３号,,092-841-2400,西南学院大学生活協同組合２Ｆ食堂,飲食店営業,一般食堂,福,早保衛,32020161,2027/3/31,2021/2/5,1997/3/18
株式会社　西鉄ストア,819-0373,福岡市西区周船寺二丁目１４番１５号,,092-807-4330,株式会社　西鉄ストア周船寺店,飲食店営業,弁当屋,福,西保衛,32020117,2027/3/31,2021/2/5,1992/4/1
株式会社Ｙ２Ｋインダストリー,813-0041,福岡市東区水谷二丁目５０番１号,,092-673-0215,とり焼肉 エイト,食肉販売業,一般,福,東保衛,32330041,2027/3/31,2021/2/8,2021/2/8
株式会社 三協デリカ,812-0051,福岡市東区箱崎ふ頭六丁目８番４１号,,092-632-4033,株式会社 三協デリカ　福岡工場,菓子製造業,一般,福,東保衛,32060017,2027/3/31,2021/2/8,2015/2/23
株式会社　ワークスエンタテイメント,811-0321,福岡市東区大字西戸崎１８番２５号,,092-603-1111,デイキャンプ場売店,飲食店営業,一般食堂,福,東保衛,32020147,2027/3/31,2021/2/8,2015/4/1
株式会社　ダイヤ,810-0801,福岡市博多区中洲三丁目２番７号,第９ラインビル　１階　２号室,,酒家　にし山,飲食店営業,バー,福,博保衛,32010650,2027/3/31,2021/2/8,2021/2/8
,810-0801,福岡市博多区中洲二丁目５番２０号,第６ラインビル　６階　１号室,,葵,飲食店営業,カフェー,福,博保衛,32010585,2027/3/31,2021/2/8,2021/2/8
株式会社　ＬＩＢＥＲ,812-0018,福岡市博多区住吉一丁目２番２２号,キャナルシティＯＰＡ　Ｂ１Ｆ,092-263-2700,築地銀だこ　キャナルシティ博多店,飲食店営業,一般食堂,福,博保衛,32010654,2027/3/31,2021/2/8,2021/2/8
,810-0801,福岡市博多区中洲二丁目８番１９号,丸源３６ビル　６階　６１０号,092-271-2389,ぐみの木,飲食店営業,一般食堂,福,博保衛,32020466,2027/3/31,2021/2/8,2003/3/27
,810-0023,福岡市中央区警固二丁目１５番３号,ＣＡＮＮＥＲＹ警固本通り４０１,,Ｔｒｕｃｋｓ,飲食店営業,バー,福,中保衛,32010813,2027/3/31,2021/2/8,2021/2/8
ＮＰＯ法人花の花,810-0001,福岡市中央区天神一丁目７番１１号,ＩＭＳビル６０６．６０７,092-707-0566,花の花農園ＩＭＳ店,飲食店営業,一般食堂,福,中保衛,32010725,2027/3/31,2021/2/8,2021/2/8
,810-0011,福岡市中央区高砂二丁目２３番２号,リーベ高砂１０３号,092-287-4937,おきなわ宮古島食堂　彩家,飲食店営業,一般食堂,福,中保衛,32010808,2027/3/31,2021/2/8,2021/2/8
,810-0025,福岡市中央区薬院伊福町１６番地１,３Ｆ,,ＫＩＣＨＩ／ｃｏｏｋｌｕｃｋ,飲食店営業,一般食堂,福,中保衛,32010815,2027/3/31,2021/2/8,2021/2/8
,811-1356,福岡市南区花畑二丁目２０番２２号,,092-566-2109,戸田珈琲,飲食店営業,一般食堂,福,南保衛,32020141,2027/3/31,2021/2/8,2009/1/29
,815-0033,福岡市南区大橋一丁目２１番７号,,092-561-8879,敦煌,飲食店営業,一般食堂,福,南保衛,32010154,2027/3/31,2021/2/8,2021/2/8
,815-0035,福岡市南区向野二丁目１番５号,,092-562-1551,セブンイレブン福岡向野２丁目店,飲食店営業,一般食堂,福,南保衛,32020140,2027/3/31,2021/2/8,2015/2/23
合同会社ＴＮＫ,815-0035,福岡市南区向野一丁目２０番８号,,092-551-9505,来来亭　大橋店,飲食店営業,一般食堂,福,南保衛,32010149,2027/3/31,2021/2/8,2021/2/8
,811-1362,福岡市南区長住五丁目１６番１２号,,092-561-8630,こみち,飲食店営業,一般食堂,福,南保衛,32010152,2027/3/31,2021/2/8,2021/2/8
株式会社ＺＩＯＮ,814-0002,福岡市早良区西新五丁目１番１１号,,,ＨＡＣＨＩＤ８ＲＩ,飲食店営業,バー,福,早保衛,32010154,2027/3/31,2021/2/8,2021/2/8
株式会社　タナカフーズ,819-0379,福岡市西区北原二丁目２３番１８号,,092-806-2244,（株）タナカフーズ,そうざい製造業,なし,福,西保衛,32580005,2027/3/31,2021/2/8,2009/3/12
株式会社エムアンドエス,811-0321,福岡市東区西戸崎四丁目４番１３号,,,Mako's cafe,飲食店営業,一般食堂,福,東保衛,32020151,2027/3/31,2021/2/9,2015/4/1
株式会社 阪神ミート,812-0055,福岡市東区東浜二丁目８５番２０号,,092-645-1139,株式会社 阪神ミート,食肉処理業,食肉処理,福,東保衛,32320004,2027/3/31,2021/2/9,2009/2/5
株式会社 阪神ミート,812-0055,福岡市東区東浜二丁目８５番２０号,,092-645-1139,株式会社 阪神ミート,食肉販売業,一般,福,東保衛,32340040,2027/3/31,2021/2/9,2009/2/5
株式会社ビー・アズ,813-0013,福岡市東区香椎駅前三丁目１９番１０号,,092-672-6005,博多 あき津゛,魚介類販売業,一般,福,東保衛,32130020,2027/3/31,2021/2/9,2021/2/9
,813-0003,福岡市東区香住ヶ丘六丁目４番６号,,092-673-6252,もつ鍋 たく味,飲食店営業,一般食堂,福,東保衛,32020150,2027/3/31,2021/2/9,2015/2/25
株式会社　葉隠,812-0881,福岡市博多区井相田二丁目２番１８号,,092-591-0700,株式会社　葉隠,食肉販売業,一般,福,博保衛,32330121,2027/3/31,2021/2/9,2021/2/9
有限会社フリー・フード,810-0034,福岡市中央区笹丘一丁目２８番７４号,イオン笹丘店内B１F,092-738-0009,銀志朗　イオン笹丘店,飲食店営業,一般食堂,福,中保衛,32020407,2027/3/31,2021/2/9,2009/2/26
,810-0041,福岡市中央区大名二丁目１番５０号,公建ビル１　４０１,,Ｄ－ＣＬＡＰ,飲食店営業,バー,福,中保衛,32010838,2027/3/31,2021/2/9,2021/2/9
,810-0041,福岡市中央区大名一丁目４番２８号,２Ｆ,092-739-9105,ようはのにかい,飲食店営業,一般食堂,福,中保衛,32010822,2027/3/31,2021/2/9,2021/2/9
株式会社ＨＦ,810-0005,福岡市中央区清川三丁目２６番２０号,ＢＢＱ王ＢＵＩＬＤ,092-741-7700,ＢＢＱ王 GROUP/頂極,飲食店営業,一般食堂,福,中保衛,32010826,2027/3/31,2021/2/9,2021/2/9
株式会社ゆめマート熊本,810-0075,福岡市中央区港一丁目１０番１号,キテラタウン１Ｆ,092-739-6075,サニー福岡長浜,飲食店営業,弁当屋,福,中保衛,32010812,2027/3/31,2021/2/9,2021/2/9
株式会社ゆめマート熊本,810-0075,福岡市中央区港一丁目１０番１号,キテラタウン１Ｆ,092-739-6075,サニー福岡長浜,飲食店営業,そうざい,福,中保衛,32010810,2027/3/31,2021/2/9,2021/2/9
株式会社ゆめマート熊本,810-0075,福岡市中央区港一丁目１０番１号,キテラタウン１Ｆ,092-739-6075,サニー福岡長浜,菓子製造業,パン,福,中保衛,32050119,2027/3/31,2021/2/9,2021/2/9
株式会社ゆめマート熊本,810-0075,福岡市中央区港一丁目１０番１号,キテラタウン１Ｆ,092-739-6075,サニー福岡長浜,魚介類販売業,一般,福,中保衛,32130053,2027/3/31,2021/2/9,2021/2/9
株式会社ゆめマート熊本,810-0075,福岡市中央区港一丁目１０番１号,キテラタウン１Ｆ,092-739-6075,サニー福岡長浜,飲食店営業,すし屋,福,中保衛,32010811,2027/3/31,2021/2/9,2021/2/9
一般社団法人喫茶ポエム福祉作業所,815-0048,福岡市南区若久団地５７棟－１０６号,,092-541-7773,喫茶ポエム福祉作業所,菓子製造業,一般,福,南保衛,32060014,2027/3/31,2021/2/9,2015/2/27
ＩＭＤ　ＬＡＢＯ株式会社,815-0075,福岡市南区長丘三丁目９番４号,,092-554-3888,ＩＭＤ　ＬＡＢＯ,菓子製造業,一般,福,南保衛,32050002,2027/3/31,2021/2/9,2021/2/9
ビナハウスプロモーション株式会社,814-0142,福岡市城南区片江五丁目４６番２３－２０２号,,,Ｖｉｎａｈｏｕｓｅ,飲食店営業,一般食堂,福,城保衛,32010052,2027/3/31,2021/2/9,2021/2/9
翼フーズ株式会社,814-0033,福岡市早良区有田一丁目３４番４号,,092-847-4572,翼フーズ株式会社,食肉販売業,一般,福,早保衛,32340022,2027/3/31,2021/2/9,2009/2/2
株式会社ハローデイ,814-0165,福岡市早良区次郎丸一丁目９番４５号,,092-873-8666,ハローデイ次郎丸店,飲食店営業,弁当屋,福,早保衛,32020164,2027/3/31,2021/2/9,2003/3/18
株式会社かじや水産,814-0165,福岡市早良区次郎丸一丁目９番４５号,,092-973-8666,ハローデイ次郎丸店（株）かじや水産,魚介類販売業,一般,福,早保衛,32140020,2027/3/31,2021/2/9,2003/3/18
株式会社かじや水産,814-0165,福岡市早良区次郎丸一丁目９番４５号,,092-973-8666,ハローデイ次郎丸店（株）かじや水産,飲食店営業,すし屋,福,早保衛,32020165,2027/3/31,2021/2/9,2003/3/18
,814-0032,福岡市早良区小田部五丁目１番１４号,クリーンゴールド　１Ｆ南,092-844-0080,ｏｌｉｏ,飲食店営業,一般食堂,福,早保衛,32020163,2027/3/31,2021/2/9,2015/3/30
,814-0002,福岡市早良区西新四丁目４番１６号,,092-831-0531,西新,飲食店営業,一般食堂,福,早保衛,32020166,2027/3/31,2021/2/9,1985/2/16
,814-0011,福岡市早良区高取一丁目２８番３４号,,,脇坂ミート,食肉販売業,一般,福,早保衛,32330022,2027/3/31,2021/2/9,2021/2/9
,814-0171,福岡市早良区野芥七丁目４８番３号,,,カラオケ喫茶福ちゃん,飲食店営業,一般食堂,福,早保衛,32010149,2027/3/31,2021/2/9,2021/2/9
株式会社ハローデイ,814-0165,福岡市早良区次郎丸一丁目９番４５号,,092-873-8666,ハローデイ次郎丸店,食肉販売業,一般,福,早保衛,32340023,2027/3/31,2021/2/9,2003/3/18
有限会社　フリー・フード,819-0014,福岡市西区豊浜三丁目１番１０号,,092-894-1150,銀志朗　マリナタウン店,飲食店営業,一般食堂,福,西保衛,32020119,2027/3/31,2021/2/9,2009/2/27
株式会社　ハローデイ,819-0031,福岡市西区橋本一丁目１０番７８号,,092-894-8181,ハローデイ　橋本店,菓子製造業,一般,福,西保衛,32060015,2027/3/31,2021/2/9,2015/1/13
,819-0022,福岡市西区福重五丁目２４番３４号,,092-891-7900,加ま川寿司,飲食店営業,一般食堂,福,西保衛,32020120,2027/3/31,2021/2/9,1988/2/3
,812-0053,福岡市東区箱崎一丁目１８番８号,,092-631-1777,手作りぱん工房 粉の実,菓子製造業,パン,福,東保衛,32060018,2027/3/31,2021/2/10,2009/2/18
,812-0053,福岡市東区箱崎一丁目１８番８号,,092-631-1777,手作りぱん工房 粉の実,飲食店営業,一般食堂,福,東保衛,32020154,2027/3/31,2021/2/10,2009/2/18
,812-0053,福岡市東区箱崎三丁目９番４２号,平川ビル４０１号,,Ｎ,飲食店営業,バー,福,東保衛,32010188,2027/3/31,2021/2/10,2021/2/10
,812-0039,福岡市博多区冷泉町８番２１号,,092-282-7233,てつ屋,飲食店営業,一般食堂,福,博保衛,32010627,2027/3/31,2021/2/10,2021/2/10
ＧＯＯＤ　ＩＤＥＡ　ＣＯＭＰＡＮＹ　株式会社,812-0018,福岡市博多区住吉一丁目２番２２号,キャナルシティオーパ　ＣＢ－１０２Ａ区画,092-292-4245,Ｓｔｒａｗｂｅｒｒｙ　Ｆｅｔｉｓｈ,菓子製造業,一般,福,博保衛,32050038,2027/3/31,2021/2/10,2021/2/10
ＧＯＯＤ　ＩＤＥＡ　ＣＯＭＰＡＮＹ　株式会社,812-0018,福岡市博多区住吉一丁目２番２２号,キャナルシティオーパ　ＣＢ－１０２Ａ区画,092-292-4245,Ｓｔｒａｗｂｅｒｒｙ　Ｆｅｔｉｓｈ,喫茶店営業,一般,福,博保衛,32230039,2027/3/31,2021/2/10,2021/2/10
株式会社ＬＩＢＥＲ,810-0065,福岡市中央区地行浜二丁目２番２号,ＰａｙＰａｙドーム３Ｆ,,築地銀だこＰａｙＰａｙドーム店,飲食店営業,一般食堂,福,中保衛,32010827,2027/3/31,2021/2/10,2021/2/10
株式会社ＴＯＲＡＩＳＭ,810-0002,福岡市中央区西中洲１２番６号,３Ｆ,092-791-3715,虎乃家,そうざい製造業,なし,福,中保衛,32570029,2027/3/31,2021/2/10,2021/2/10
,810-0041,福岡市中央区大名一丁目８番５号,養巴コープ１０１,,ＢＡＲ　ＲＯＧＥＲ,飲食店営業,一般食堂,福,中保衛,32010840,2027/3/31,2021/2/10,2021/2/10
,810-0041,福岡市中央区大名一丁目１０番２７号,第２小谷ビル１Ｆ,092-707-2898,Ｂａｒ　Ｍａｈａｌｏ,飲食店営業,バー,福,中保衛,32010835,2027/3/31,2021/2/10,2021/2/10
有限会社マルイチフーズ,811-1314,福岡市南区的場一丁目３番２６号,,092-581-2139,（有）マルイチフーズ,飲食店営業,仕出し,福,南保衛,32020145,2027/3/31,2021/2/10,2003/12/9
有限会社マルイチフーズ,811-1314,福岡市南区的場一丁目３番２６号,,092-581-2139,（有）マルイチフーズ,食肉販売業,一般,福,南保衛,32340020,2027/3/31,2021/2/10,2009/2/9
有限会社マルイチフーズ,811-1314,福岡市南区的場一丁目３番２６号,,092-581-2139,（有）マルイチフーズ,魚介類販売業,一般,福,南保衛,32140023,2027/3/31,2021/2/10,2009/2/9
,815-0033,福岡市南区大橋一丁目８番８号,１丁目８番館ビル５０２号,092-408-4444,Ｑｕｅｅｎ,飲食店営業,バー,福,南保衛,32020143,2027/3/31,2021/2/10,2015/2/6
,815-0082,福岡市南区大楠二丁目１５番１８号,イヌイビル１階,,キッチン　タナカ,飲食店営業,一般食堂,福,南保衛,32020144,2027/3/31,2021/2/10,2015/3/24
一冨士フードサービス株式会社,811-1353,福岡市南区柏原五丁目２１番１号,（柏原小学校）,092-565-4555,４６２０事業所,飲食店営業,一般食堂,福,南保衛,32020142,2027/3/31,2021/2/10,2015/4/1
,814-0112,福岡市城南区友丘二丁目１０番３号,４F,092-874-3077,天地　Ｂａｒ,飲食店営業,バー,福,城保衛,32010053,2027/3/31,2021/2/10,2021/2/10
,814-0015,福岡市早良区室見四丁目１番２号,,092-851-7686,くらり庵,飲食店営業,一般食堂,福,早保衛,32020168,2027/3/31,2021/2/10,1993/3/26
,811-1123,福岡市早良区内野四丁目４番１号,,092-804-6901,兼ちゃん亭,飲食店営業,一般食堂,福,早保衛,32020167,2027/3/31,2021/2/10,2009/3/27
有限会社ＧＣ,819-0031,福岡市西区橋本二丁目２７番２号,,092-812-1129,精肉の おがた,飲食店営業,一般食堂,福,西保衛,32010100,2027/3/31,2021/2/10,2021/2/10
一冨士フードサービス株式会社,819-0373,福岡市西区周船寺一丁目２２番３９号,（福岡市立周船寺小学校　給食室）,,４６１９事業所,飲食店営業,一般食堂,福,西保衛,32020123,2027/3/31,2021/2/10,2015/4/1
株式会社　クックチャムプラスシー,819-0379,福岡市西区北原一丁目６１,スタンダード九大学研都市ビル１階,092-836-7299,クック・チャム伊都店,飲食店営業,そうざい,福,西保衛,32020122,2027/3/31,2021/2/10,2015/2/6
アトム株式会社,813-0062,福岡市東区松島五丁目１８番６号,,092-622-9144,アトム株式会社 松島第３工場,食品の冷凍又は冷蔵業,なし,福,東保衛,32200009,2027/3/31,2021/2/12,2009/3/27
株式会社 マルキョウ,812-0051,福岡市東区箱崎ふ頭六丁目１０番４号,,092-633-5111,株式会社 マルキョウ鮮魚センター,飲食店営業,仕出し,福,東保衛,32020155,2027/3/31,2021/2/12,2015/3/24
株式会社　三嶋,811-0202,福岡市東区和白五丁目５番２０号,,092-605-6277,ファミリーマート福岡和白五丁目店,飲食店営業,一般食堂,福,東保衛,32020156,2027/3/31,2021/2/12,2015/3/24
株式会社　オネスト,812-0885,福岡市博多区相生町三丁目２番３１号,シャトー観光ビル　１Ｆ　１０２号室,092-586-1100,Ｊａｃｋ　＆　Ｂｅｔｔｙ,飲食店営業,カフェー,福,博保衛,32010688,2027/3/31,2021/2/12,2021/2/12
株式会社　博多松栄軒,812-0895,福岡市博多区竹下一丁目１５番２３号,,092-292-4820,株式会社　博多松栄軒,そうざい製造業,なし,福,博保衛,32570019,2027/3/31,2021/2/12,2021/2/12
,810-0801,福岡市博多区中洲三丁目１番８号,ＴＭ－３２ＢＵＩＬＤＩＮＧ　２階　２０１号室,,ＦＬＯＵＲＩＳＨ,飲食店営業,バー,福,博保衛,32010684,2027/3/31,2021/2/12,2021/2/12
,812-0884,福岡市博多区寿町三丁目１番１３号,浦部ビル　１Ｆ,092-593-8318,ラウンジ　世隠人,飲食店営業,カフェー,福,博保衛,32010685,2027/3/31,2021/2/12,2021/2/12
,812-0884,福岡市博多区寿町三丁目１番１３号,浦部ビル　５Ｆ,092-593-9334,ラウンジ　彗異人,飲食店営業,カフェー,福,博保衛,32010686,2027/3/31,2021/2/12,2021/2/12
,810-0023,福岡市中央区警固二丁目１１番１０号,高橋ビル１０３,,豆庵ふわふわ,飲食店営業,主として喫茶,福,中保衛,32010834,2027/3/31,2021/2/12,2021/2/12
,810-0073,福岡市中央区舞鶴一丁目８番３８号,ＷＡＶＥ　ＢＬＤＧ　２０１号,,Ｓｈｏｗ　ｄｏｗｎ,飲食店営業,バー,福,中保衛,32010682,2027/3/31,2021/2/12,2021/2/12
株式会社ＦＳＥ,810-0023,福岡市中央区警固一丁目６番５６号,サウスガーデン２Ｆ,092-791-9909,ＢＡＲ　ＷＯＯＺ,飲食店営業,バー,福,中保衛,32010852,2027/3/31,2021/2/12,2021/2/12
株式会社なか尾,810-0022,福岡市中央区薬院二丁目１番１４号,１Ｆ,092-791-7980,スタンド・エピドール,飲食店営業,一般食堂,福,中保衛,32010830,2027/3/31,2021/2/12,2021/2/12
株式会社なか尾,810-0022,福岡市中央区薬院二丁目１番１４号,１Ｆ,092-791-7980,エピドール,菓子製造業,パン,福,中保衛,32050120,2027/3/31,2021/2/12,2021/2/12
株式会社なか尾,810-0022,福岡市中央区薬院二丁目１番１４号,２Ｆ,092-791-7980,エピドール・カフェ＆レストラン,飲食店営業,一般食堂,福,中保衛,32010829,2027/3/31,2021/2/12,2021/2/12
,815-0083,福岡市南区高宮三丁目１番１６－１０２号,,092-533-0539,一期一会ごえん,飲食店営業,一般食堂,福,南保衛,32020146,2027/3/31,2021/2/12,2009/2/25
,815-0032,福岡市南区塩原二丁目３番１号南警察署内,,092-542-0110,食堂たなか,飲食店営業,一般食堂,福,南保衛,32020147,2027/3/31,2021/2/12,2003/3/25
,811-1356,福岡市南区花畑二丁目３５番２３－１０６号,,092-555-9599,Ｆｉａｓ,喫茶店営業,一般,福,南保衛,32230008,2027/3/31,2021/2/12,2021/2/12
,814-0144,福岡市城南区梅林三丁目３番２号,,,ＴＳＵＩＢＯ　梅林店,飲食店営業,弁当屋,福,城保衛,32010051,2027/3/31,2021/2/12,2021/2/12
,814-0123,福岡市城南区長尾一丁目１０番１１号,,092-865-5111,天ぷら定食ながお,飲食店営業,一般食堂,福,城保衛,32020063,2027/3/31,2021/2/12,1992/3/12
,814-0021,福岡市早良区荒江二丁目１４番４号,,092-841-3703,天龍,飲食店営業,一般食堂,福,早保衛,32020173,2027/3/31,2021/2/12,1987/2/13
,814-0002,福岡市早良区西新四丁目４番２３－３号,,092-210-3050,博多てんき屋,飲食店営業,一般食堂,福,早保衛,32020172,2027/3/31,2021/2/12,2009/3/16
有限会社こまどり,814-0175,福岡市早良区田村一丁目１１番６号,,092-862-1098,こまどりうどん田村店,飲食店営業,一般食堂,福,早保衛,32020174,2027/3/31,2021/2/12,2009/1/8
株式会社大明物産,814-0175,福岡市早良区田村二丁目１６番１号,,092-865-3885,大明担担麺　田村店,菓子製造業,一般,福,早保衛,32050023,2027/3/31,2021/2/12,2021/2/12
株式会社大明物産,814-0175,福岡市早良区田村二丁目１６番１号,,092-865-3885,大明担担麺　田村店,そうざい製造業,なし,福,早保衛,32570010,2027/3/31,2021/2/12,2021/2/12
株式会社川部食品,814-0165,福岡市早良区次郎丸三丁目２４番８号,,092-874-7755,中華工房　点心点,そうざい製造業,なし,福,早保衛,32580004,2027/3/31,2021/2/12,2003/3/3
株式会社ＬＥＯＣ,819-0165,福岡市西区今津４７６０番地,,092-807-3733,川添記念病院,飲食店営業,一般食堂,福,西保衛,32020124,2027/3/31,2021/2/12,2009/4/1
株式会社ＬＥＯＣ,819-0165,福岡市西区今津３８１0番地,,092-806-0888,シーサイド病院,飲食店営業,一般食堂,福,西保衛,32020125,2027/3/31,2021/2/12,2009/4/1
株式会社 フィプロ,813-0013,福岡市東区香椎駅前二丁目１番２２号,,092-673-4451,ほっともっと香椎駅前２丁目店,飲食店営業,弁当屋,福,東保衛,32020157,2027/3/31,2021/2/15,2015/3/27
株式会社 アペックス西日本,811-0201,福岡市東区三苫六丁目１４番２号,レフティヒルズ三苫１F,,SWEETS&GIFT KANON,喫茶店営業,自動販売機,福,東保衛,32240025,2027/3/31,2021/2/15,2015/3/25
株式会社ＨＩＧＨ－ＦＩＶＥ,813-0043,福岡市東区名島二丁目３２番２号,宮本ビル１０２,,貝そば　珠や,飲食店営業,一般食堂,福,東保衛,32010185,2027/3/31,2021/2/15,2021/2/15
株式会社　樋口精肉店,812-0037,福岡市博多区御供所町５番８号,,092-271-2727,樋口精肉店,食肉販売業,一般,福,博保衛,32340036,2027/3/31,2021/2/15,1992/1/23
株式会社　ドンク,812-0007,福岡市博多区東比恵三丁目１７番３１号,,092-481-3250,(株)ドンク　九州工場,菓子製造業,一般,福,博保衛,32060014,2027/3/31,2021/2/15,2003/4/1
株式会社　しょうき企画,812-0897,福岡市博多区半道橋二丁目２番７号,ラウンドワン敷地内,092-260-8434,木林商店,飲食店営業,一般食堂,福,博保衛,32020468,2027/3/31,2021/2/15,2015/1/16
有限会社　たまご,812-0026,福岡市博多区上川端町６番１７号,ホースビル,092-291-2100,博多割烹　水音,飲食店営業,一般食堂,福,博保衛,32020469,2027/3/31,2021/2/15,2015/3/23
,812-0018,福岡市博多区住吉五丁目１７番１４号,太平ビル　１Ｆ,092-482-5733,Ｂａｒ　Ｃｌｉｃｋ,飲食店営業,バー,福,博保衛,32010644,2027/3/31,2021/2/15,2021/2/15
株式会社　双富士,812-0039,福岡市博多区冷泉町８番２１号,ひふみよベース冷泉　４Ｆ,092-272-0033,二代目　藤屋,食品の冷凍又は冷蔵業,なし,福,博保衛,32190015,2027/3/31,2021/2/15,2021/2/15
株式会社　双富士,812-0039,福岡市博多区冷泉町８番２１号,ひふみよベース冷泉　１Ｆ,092-272-0033,二代目　藤屋,魚介類販売業,一般,福,博保衛,32130049,2027/3/31,2021/2/15,2021/2/15
,810-0801,福岡市博多区中洲二丁目７番１２号,藤本ビル　２階,,ＫＡＲＡ,飲食店営業,バー,福,博保衛,32010488,2027/3/31,2021/2/15,2021/2/15
,810-0801,福岡市博多区中洲三丁目４番８号,多門通り　１階,092-282-9665,ａ・ｚ,飲食店営業,バー,福,博保衛,32020471,2027/3/31,2021/2/15,2015/3/31
株式会社　目利きのたか志,812-0025,福岡市博多区店屋町２番３０号,,092-409-3178,目利きのたか志,飲食店営業,一般食堂,福,博保衛,32020470,2027/3/31,2021/2/15,2015/2/5
株式会社　共立メンテナンス,812-0032,福岡市博多区石城町３番１１号,,092-273-1138,ドーミー呉服町,飲食店営業,一般食堂,福,博保衛,32020467,2027/3/31,2021/2/15,2009/3/25
,810-0024,福岡市中央区桜坂一丁目６番１号,,,ミモザテラス,菓子製造業,一般,福,中保衛,32050121,2027/3/31,2021/2/15,2021/2/15
株式会社ボナー,810-0075,福岡市中央区港一丁目１０番４号,キテラタウン福岡長浜２Ｆ,092-718-1717,コロッケ倶楽部　長浜,飲食店営業,一般食堂,福,中保衛,32010819,2027/3/31,2021/2/15,2021/2/15
,810-0011,福岡市中央区高砂二丁目８番１５号,ガットタカサゴプレチサメンテ１Ｆ,092-406-6407,らりご,飲食店営業,一般食堂,福,中保衛,32010727,2027/3/31,2021/2/15,2021/2/15
株式会社ＴＷＩＣＥ－ＵＰ．,810-0041,福岡市中央区大名一丁目９番１５－１号,井原共同ビル３Ｆ,092-751-8685,Ｎｏｗ４ｋａ,飲食店営業,一般食堂,福,中保衛,32010855,2027/3/31,2021/2/15,2021/2/15
,810-0022,福岡市中央区薬院四丁目８番２８号,チサンマンション第５博多１Ｆ,050-5262-9295,博多　一陽,飲食店営業,一般食堂,福,中保衛,32010843,2027/3/31,2021/2/15,2021/2/15
,815-0033,福岡市南区大橋一丁目２１番２号,,092-552-3547,むらさこ,飲食店営業,一般食堂,福,南保衛,32020148,2027/3/31,2021/2/15,2003/3/19
,815-0033,福岡市南区大橋四丁目１番１号,メモリープラザ大橋２Ｆ,092-408-1505,Ｌｏｕｎｇｅ　Ｓ,飲食店営業,一般食堂,福,南保衛,32010157,2027/3/31,2021/2/15,2021/2/15
株式会社福岡県南部給食センター,811-1355,福岡市南区桧原二丁目４０番１号,,092-512-1368,桧原こひつじ幼稚園　給食室,飲食店営業,一般食堂,福,南保衛,32020150,2027/3/31,2021/2/15,2015/3/26
,814-0011,福岡市早良区高取一丁目１番３０号,油屋ビル　１Ｆ,092-844-2289,ＩＣＨＩ,飲食店営業,一般食堂,福,早保衛,32020175,2027/3/31,2021/2/15,2009/3/23
,814-0001,福岡市早良区百道浜二丁目３番２号,ＴＮＣ放送会館　１Ｆ,092-852-5430,まさ庄,飲食店営業,一般食堂,福,早保衛,32020178,2027/3/31,2021/2/15,1997/3/14
有限会社あしずり定食センター,814-0022,福岡市早良区原六丁目２７番５２－１０２号,,092-707-7929,あしずり食堂,飲食店営業,一般食堂,福,早保衛,32010141,2027/3/31,2021/2/15,2021/2/15
株式会社ゆめマート熊本,814-0033,福岡市早良区有田五丁目２４番３４号,,092-801-6115,サニー有田,魚介類販売業,一般,福,早保衛,32140021,2027/3/31,2021/2/15,2003/2/20
株式会社ゆめマート熊本,814-0033,福岡市早良区有田五丁目２４番３４号,,092-801-6115,サニー有田,飲食店営業,すし屋,福,早保衛,32020177,2027/3/31,2021/2/15,2003/2/20
,819-0031,福岡市西区橋本二丁目１７番２７号,,092-812-5200,スナック恋夜,飲食店営業,一般食堂,福,西保衛,32020127,2027/3/31,2021/2/15,1992/2/28
有限会社葵,819-0161,福岡市西区今宿東三丁目３８番８号,,092-806-0535,ブルーミングデイホテル,飲食店営業,旅館,福,西保衛,32020126,2027/3/31,2021/2/15,1985/2/4
株式会社極東フーズコーポレーション,819-0014,福岡市西区豊浜三丁目１番１０号,,092-885-8295,ミスタードーナツ　イオンマリナタウンショップ,飲食店営業,一般食堂,福,西保衛,32020129,2027/3/31,2021/2/15,2009/2/27
株式会社極東フーズコーポレーション,819-0014,福岡市西区豊浜三丁目１番１０号,,092-885-8295,ミスタードーナツ　イオンマリナタウンショップ,菓子製造業,一般,福,西保衛,32060016,2027/3/31,2021/2/15,2015/7/16
,811-0202,福岡市東区和白三丁目２７番３７号,,092-606-2502,舟越精肉店,食肉販売業,一般,福,東保衛,32340042,2027/3/31,2021/2/16,1993/3/2
株式会社　夢創作,812-0018,福岡市博多区住吉二丁目６番２４号,１２３博多店内,,夢創作,そうざい製造業,なし,福,博保衛,32570018,2027/3/31,2021/2/16,2021/2/16
,812-0026,福岡市博多区上川端町１２番１８３号,,092-271-9271,はかた　遊膳,飲食店営業,一般食堂,福,博保衛,32020475,2027/3/31,2021/2/16,2009/2/23
,812-0026,福岡市博多区上川端町２番１１号,,092-283-7001,火備屋,飲食店営業,一般食堂,福,博保衛,32020473,2027/3/31,2021/2/16,2009/1/19
,812-0011,福岡市博多区博多駅前三丁目１２番１４号,,092-411-9558,珈琲館ポエジー,飲食店営業,一般食堂,福,博保衛,32020472,2027/3/31,2021/2/16,1980/2/20
,810-0801,福岡市博多区中洲四丁目３番８号,中山第一ビル　１階　１０２号室,092-292-2375,ＢＡＲ　ＢＩＬＬＩＫＥＮ,飲食店営業,バー,福,博保衛,32020474,2027/3/31,2021/2/16,2015/3/4
株式会社　リオグループ,810-0801,福岡市博多区中洲二丁目５番１８号,第２０ラインビル　地下１階,092-262-7133,ｃｌｕｂ　Ｒｕｆ,飲食店営業,カフェー,福,博保衛,32020476,2027/3/31,2021/2/16,2015/2/4
,812-0045,福岡市博多区東公園７番１１号,,092-631-2888,うまか処　卸百家,飲食店営業,一般食堂,福,博保衛,32020477,2027/3/31,2021/2/16,2003/3/5
,810-0073,福岡市中央区舞鶴一丁目８番２号,オベリスク天神　１Ｆ,092-731-9392,Ｂｉｎｇｏ　Ｌｏｖｅ,飲食店営業,一般食堂,福,中保衛,32020408,2027/3/31,2021/2/16,2009/4/1
株式会社洒落と卵,810-0041,福岡市中央区大名一丁目２番４１号,ツイン西通り１０６,092-707-3290,ｇａｔｔｏ,飲食店営業,主として喫茶,福,中保衛,32010836,2027/3/31,2021/2/16,2021/2/16
株式会社クボカリー,810-0041,福岡市中央区大名一丁目４番２３号,ロワールマンション大名１０１,092-732-3630,クボカリー　大名店,飲食店営業,一般食堂,福,中保衛,32010856,2027/3/31,2021/2/16,2021/2/16
,810-0073,福岡市中央区舞鶴一丁目１番３０号,天神ウイングⅡ　４０Ｂ,092-707-0015,ＢＡＲ　ＥＬ　ＤＯＲＡＤＯ,飲食店営業,バー,福,中保衛,32010841,2027/3/31,2021/2/16,2021/2/16
有限会社楽天地,810-0001,福岡市中央区天神一丁目１番１号,アクロス福岡地下２階,,元祖もつ鍋楽天地　天神本店,飲食店営業,一般食堂,福,中保衛,32010766,2027/3/31,2021/2/16,2021/2/16
有限会社焼鳥高宮,815-0041,福岡市南区野間一丁目１番１９号,,092-553-6349,焼鳥高宮駅前店,飲食店営業,一般食堂,福,南保衛,32020152,2027/3/31,2021/2/16,2003/3/3
有限会社焼鳥高宮,815-0083,福岡市南区高宮二丁目３番４号,,092-522-8026,焼鳥高宮本店,飲食店営業,一般食堂,福,南保衛,32020151,2027/3/31,2021/2/16,2003/3/3
,814-0002,福岡市早良区西新五丁目１５番４７号,,092-843-9945,としょかん,飲食店営業,一般食堂,福,早保衛,32020179,2027/3/31,2021/2/16,1997/2/17
,814-0002,福岡市早良区西新一丁目１２番１５号,ダイナコート西新　１Ｆ,092-821-2262,コナ・エ・ウフ,菓子製造業,パン,福,早保衛,32060014,2027/3/31,2021/2/16,2003/2/4
,814-0002,福岡市早良区西新四丁目３番６－１０１号,,092-846-6668,Ｗｖｅ,飲食店営業,バー,福,早保衛,32020180,2027/3/31,2021/2/16,2015/3/3
株式会社サンディー,814-0022,福岡市早良区原六丁目２７番５２号,,092-822-5511,パスタフレスカ　英　はな,飲食店営業,一般食堂,福,早保衛,32010157,2027/3/31,2021/2/16,2021/2/16
株式会社サンディー,814-0022,福岡市早良区原六丁目２７番５２号,,092-822-5511,パスタフレスカ　英　はな,めん類製造業,一般,福,早保衛,32550002,2027/3/31,2021/2/16,2021/2/16
株式会社ＳＷＩＮＧ,814-0004,福岡市早良区曙一丁目１１番１号,ハイツ曙　１Ｆ,,ＦＯＯＤ　ＢＡＳＥ／おかゆや／元祖博多蒸し手羽ＴＥＢＡＳＵＴＡ　西新店／からあげ禅閤　西新店,飲食店営業,一般食堂,福,早保衛,32010158,2027/3/31,2021/2/16,2021/2/16
,812-0053,福岡市東区箱崎三丁目８番４３号,,,いろは,飲食店営業,一般食堂,福,東保衛,32020159,2027/3/31,2021/2/17,2009/3/18
,813-0043,福岡市東区名島三丁目３２番８号,ラッキービル１Ｆ,092-682-6540,小料理 将,飲食店営業,一般食堂,福,東保衛,32020158,2027/3/31,2021/2/17,2003/1/20
有限会社 デボン神戸屋,812-0063,福岡市東区原田一丁目１９番３７号,,092-611-8667,有限会社 デボン神戸屋東工場,食肉処理業,食肉処理,福,東保衛,32320005,2027/3/31,2021/2/17,1997/3/31
有限会社 デボン神戸屋,812-0063,福岡市東区原田一丁目１９番３７号,,092-611-8667,有限会社 デボン神戸屋東工場,食品の冷凍又は冷蔵業,なし,福,東保衛,32200010,2027/3/31,2021/2/17,1997/3/31
エームサービスジャパン株式会社,813-0044,福岡市東区千早二丁目３０番１号,,092-692-7135,エームサービス株式会社 千早病院事業所,飲食店営業,一般食堂,福,東保衛,32010192,2027/3/31,2021/2/17,2021/2/17
株式会社　豚舞,812-0011,福岡市博多区博多駅前三丁目４番８号,サットンホテル博多シティ　１Ｆ,092-412-3600,焼肉　豚舞,飲食店営業,一般食堂,福,博保衛,32010626,2027/3/31,2021/2/17,2021/2/17
シダックス大新東ヒューマンサービス　株式会社,812-0017,福岡市博多区美野島一丁目３番２０号,,092-451-1687,前田建設工業（株）九州支店　美野島寮,飲食店営業,一般食堂,福,博保衛,32020482,2027/3/31,2021/2/17,2009/2/13
株式会社　ラブ,812-0025,福岡市博多区店屋町７番２８号,,092-262-8136,もつ鍋　おおやま,飲食店営業,一般食堂,福,博保衛,32020479,2027/3/31,2021/2/17,2009/3/4
,812-0039,福岡市博多区冷泉町１番１２号,,092-283-2081,ファミリーマート　博多冷泉町店,飲食店営業,一般食堂,福,博保衛,32020480,2027/3/31,2021/2/17,2009/3/17
サントリービバレッジソリューション　株式会社,812-0027,福岡市博多区下川端町３番１号,博多リバレイン　Ｂ２Ｆ,,東神開発（株）,喫茶店営業,自動販売機,福,博保衛,32240053,2027/3/31,2021/2/17,2015/3/2
株式会社　Ｓ３,812-0025,福岡市博多区店屋町２番３５号,,092-262-1183,テンヤマチ鈴太郎,そうざい製造業,なし,福,博保衛,32570020,2027/3/31,2021/2/17,2021/2/17
株式会社　九州第一興商,812-0011,福岡市博多区博多駅前三丁目３０番１号,タイセイ第一ビル　３，４Ｆ,092-292-1460,ビッグエコー　はかた駅前通り店,飲食店営業,一般食堂,福,博保衛,32020481,2027/3/31,2021/2/17,2015/1/29
,810-0031,福岡市中央区谷一丁目１２番３０号,,092-406-7745,ＢＡＧＵＥＴＴＥ,飲食店営業,一般食堂,福,中保衛,32020409,2027/3/31,2021/2/17,2015/2/13
,810-0023,福岡市中央区警固三丁目４番１１号,,092-406-9192,スタジオーネ,飲食店営業,一般食堂,福,中保衛,32020411,2027/3/31,2021/2/17,2015/3/3
,810-0023,福岡市中央区警固二丁目１９番９号,,092-731-4722,ピエロ,飲食店営業,一般食堂,福,中保衛,32020410,2027/3/31,2021/2/17,1985/1/22
,810-0073,福岡市中央区舞鶴三丁目８番７号,クレインビル１Ｆ,092-761-6761,スパイシーカリー　シップスログ,飲食店営業,一般食堂,福,中保衛,32020412,2027/3/31,2021/2/17,1997/1/17
,810-0022,福岡市中央区薬院一丁目１４番９号,,092-731-4368,サエラ,飲食店営業,一般食堂,福,中保衛,32020413,2027/3/31,2021/2/17,1992/3/16
株式会社ミック工房,810-0042,福岡市中央区赤坂一丁目１番５号,鶴田けやきビル２F,092-737-7788,東方遊酒菜　ヌワラエリヤ,そうざい製造業,なし,福,中保衛,32580007,2027/3/31,2021/2/17,2009/3/3
株式会社アライズ,810-0001,福岡市中央区天神三丁目１４番２号,公建ビルⅡ－２０１,,オタクＢＡＲ　ＡＲＩＳＥ,飲食店営業,一般食堂,福,中保衛,32010857,2027/3/31,2021/2/17,2021/2/17
,810-0003,福岡市中央区春吉三丁目１３番２８号,,092-751-0773,エアーザ．バー,飲食店営業,一般食堂,福,中保衛,32010804,2027/3/31,2021/2/17,2021/2/17
株式会社海星ムサシ,810-0071,福岡市中央区那の津五丁目４番１９号,リュウセイ那の津ビル,092-400-0528,海星ムサシ　精肉プロセスセンター,食肉販売業,一般,福,中保衛,32330119,2027/3/31,2021/2/17,2021/2/17
株式会社マック,814-0155,福岡市城南区東油山一丁目７番２９号,,092-861-4151,鯛宝楽油山本店,飲食店営業,一般食堂,福,城保衛,32020065,2027/3/31,2021/2/17,2009/1/9
,814-0002,福岡市早良区西新五丁目６番１号,パークヒルズ西新　１０２,092-846-8135,洋風そば食堂　グリチネ,飲食店営業,一般食堂,福,早保衛,32020182,2027/3/31,2021/2/17,2015/3/20
株式会社　ＵＰ,812-0013,福岡市博多区博多駅東二丁目１０番１６号,川辺ビル　１Ｆ,092-409-4455,磯っこ商店,魚介類販売業,一般,福,博保衛,32130051,2027/3/31,2021/2/18,2021/2/18
,810-0801,福岡市博多区中洲五丁目４番１０号,グランエターナ　１階,092-282-7609,ＢＡＣＫ　ＵＰ,飲食店営業,一般食堂,福,博保衛,32010694,2027/3/31,2021/2/18,2021/2/18
,810-0801,福岡市博多区中洲三丁目１番８号,ＴＭ－３２ＢＵＩＬＤＩＮＧ　３階　３０１号室,092-262-5539,めんばーず　Ｖｏｉｒ　～ぶぁーる～,飲食店営業,一般食堂,福,博保衛,32010693,2027/3/31,2021/2/18,2021/2/18
,810-0801,福岡市博多区中洲四丁目３番１２号,２階,,Ｂｏｎｃｏｕｒａｇｅ,飲食店営業,バー,福,博保衛,32010655,2027/3/31,2021/2/18,2021/2/18
有限会社　イートレスト,812-0038,福岡市博多区祇園町８番２３号,岡本祗園ビル　３Ｆ,092-409-5388,炉,飲食店営業,一般食堂,福,博保衛,32020483,2027/3/31,2021/2/18,2015/2/13
株式会社　さかえ屋,812-0012,福岡市博多区博多駅中央街１番１号,博多マイング　１F,092-414-5882,なんばん往来　博多マイング店,菓子製造業,一般,福,博保衛,32050041,2027/3/31,2021/2/18,2021/2/18
株式会社　ＳＡＬＴ水産,812-0012,福岡市博多区博多駅中央街１番１号,デイトスアネックスビル　２Ｆ,092-433-7575,しらすくじら博多駅前店１号店,魚介類販売業,一般,福,博保衛,32130050,2027/3/31,2021/2/18,2021/2/18
,810-0801,福岡市博多区中洲三丁目１番８号,ＴＭ－３２ＢＵＩＬＤＩＮＧ　４階　４１２号室,,スナックバー韓,飲食店営業,一般食堂,福,博保衛,32010699,2027/3/31,2021/2/18,2021/2/18
,810-0003,福岡市中央区春吉二丁目１６番１４号,中村ビル３Ｆ,092-717-6432,九〇萬,飲食店営業,一般食堂,福,中保衛,32020414,2027/3/31,2021/2/18,2015/2/9
リンガーハットジャパン株式会社,810-0034,福岡市中央区笹丘一丁目２８番７４号,イオンスタイル笹丘店B1F,092-738-5335,リンガーハット笹丘店,飲食店営業,一般食堂,福,中保衛,32020418,2027/3/31,2021/2/18,2009/3/2
株式会社ＥＬＭＯ,810-0001,福岡市中央区天神三丁目１４番２号,公建ビル２－７階,,ガールズアニソンバー　もふる,飲食店営業,バー,福,中保衛,32010867,2027/3/31,2021/2/18,2021/2/18
株式会社ヤスナガ,810-0003,福岡市中央区春吉二丁目１５番８号,,092-722-5051,セブンイレブン福岡春吉２丁目店,飲食店営業,一般食堂,福,中保衛,32010756,2027/3/31,2021/2/18,2021/2/18
株式会社アヴニール,810-0041,福岡市中央区大名二丁目１０番２号,シャンボール大名Ｂ１０３,092-739-5111,Ｔｓｕｂｏｍｉｎａ,そうざい製造業,なし,福,中保衛,32570030,2027/3/31,2021/2/18,2021/2/18
ＳＥＲＥＡＬ株式会社,810-0021,福岡市中央区今泉一丁目２１番２号,ステージ天神３　１Ｆ,,ｐｏｐｕｐ,飲食店営業,主として喫茶,福,中保衛,32010853,2027/3/31,2021/2/18,2021/2/18
,810-0073,福岡市中央区舞鶴一丁目３番１１号,リフレ庵１Ｆ,092-737-2703,食堂　ＰＯＮＴＥ,飲食店営業,一般食堂,福,中保衛,32020419,2027/3/31,2021/2/18,2015/1/29
Ｄｉｎｉｎｇ　Ｆｏｒ　Ｙｏｕ株式会社,810-0012,福岡市中央区白金一丁目２１番１５号,薬院ロイヤルビル３Ｆ,092-525-0029,蔵元　薬院駅前店,飲食店営業,一般食堂,福,中保衛,32010859,2027/3/31,2021/2/18,2021/2/18
,810-0002,福岡市中央区西中洲１番６号,西中洲Ａビル２０３,092-752-8885,Ｂａｒ　とりあえず春吉,飲食店営業,バー,福,中保衛,32010832,2027/3/31,2021/2/18,2021/2/18
株式会社ウエスト,815-0041,福岡市南区野間一丁目５２０番地,,092-554-1811,（株）ウエスト野間店,飲食店営業,一般食堂,福,南保衛,32020153,2027/3/31,2021/2/18,2003/2/25
,811-1324,福岡市南区警弥郷二丁目１４番１号,,092-571-6128,五庄屋,菓子製造業,一般,福,南保衛,32060015,2027/3/31,2021/2/18,1992/2/26
,,福岡市城南区七隈六丁目３番３号,,,呑喰処　貞助,飲食店営業,一般食堂,福,城保衛,32010056,2027/3/31,2021/2/18,2021/2/18
,814-0174,福岡市早良区田隈二丁目３３番１０号,,092-834-2747,ＰＡＩＮ　ＣＨＡＲＭＡＮＴ,菓子製造業,パン,福,早保衛,32060015,2027/3/31,2021/2/18,2015/2/4
,814-0175,福岡市早良区田村二丁目１２番３号,,092-866-0016,カレーショップ　河,飲食店営業,一般食堂,福,早保衛,32020185,2027/3/31,2021/2/18,2009/1/5
,814-0175,福岡市早良区田村四丁目１２番５号,,092-865-2662,セブンイレブン　福岡田村４丁目店,飲食店営業,一般食堂,福,早保衛,32020186,2027/3/31,2021/2/18,2015/1/9
,811-1132,福岡市早良区大字石釜１８６８番地の６,,092-804-7440,石釜いおり,飲食店営業,一般食堂,福,早保衛,32020183,2027/3/31,2021/2/18,2003/1/6
有限会社そのだ,819-0386,福岡市西区元浜一丁目２７番５号,,092-805-3250,ファミリーマート福岡元岡店,飲食店営業,一般食堂,福,西保衛,32020131,2027/3/31,2021/2/18,2015/2/17
福岡市農業協同組合,819-0022,福岡市西区福重一丁目９番８号,,092-711-2065,ＪＡ福岡市みそ加工場,みそ製造業,なし,福,西保衛,32440002,2027/3/31,2021/2/18,2009/1/13
福岡市農業協同組合,819-0022,福岡市西区福重一丁目９番８号,,092-711-2065,ＪＡ福岡市パン工房,菓子製造業,一般,福,西保衛,32060017,2027/3/31,2021/2/18,2009/1/13
,811-0321,福岡市東区西戸崎三丁目８番２号,,092-603-0694,ともえ寿司,飲食店営業,弁当屋,福,東保衛,32020161,2027/3/31,2021/2/19,1977/3/30
コンパスグループ・ジャパン 株式会社,811-0202,福岡市東区和白五丁目１５番１３号,,092-605-5888,和白苑,飲食店営業,一般食堂,福,東保衛,32020163,2027/3/31,2021/2/19,2003/3/17
株式会社　喰道楽,812-0896,福岡市博多区東光寺町二丁目９番３８号,,092-483-3299,博多とよ唐亭　那珂店,飲食店営業,弁当屋,福,博保衛,32020484,2027/3/31,2021/2/19,2015/3/30
株式会社　ＧＯＳＵＫＥ,812-0015,福岡市博多区山王一丁目１２番３０号,アバンダント８０　１Ｆ,,Ａｎｄａｎｔｅ,飲食店営業,一般食堂,福,博保衛,32010679,2027/3/31,2021/2/19,2021/2/19
,810-0801,福岡市博多区中洲三丁目７番１０号,若松ビル　地下１階,092-282-7743,ウィリーウォン,飲食店営業,バー,福,博保衛,32020486,2027/3/31,2021/2/19,2009/3/19
株式会社　共立メンテナンス,812-0039,福岡市博多区冷泉町１番１２号,,092-271-5489,ドーミーイン　博多祇園,飲食店営業,旅館,福,博保衛,32020488,2027/3/31,2021/2/19,2009/3/6
,812-0018,福岡市博多区住吉五丁目１９番２号,１Ｆ,,火男,飲食店営業,一般食堂,福,博保衛,32020487,2027/3/31,2021/2/19,2015/1/20
学校法人　滋慶学園,812-0032,福岡市博多区石城町２０番９号,３Ｆ,092-262-4488,福岡ホテル・ウェディング＆製菓調理専門学校,飲食店営業,一般食堂,福,博保衛,32020485,2027/3/31,2021/2/19,2009/3/17
学校法人　滋慶学園,812-0032,福岡市博多区石城町２０番９号,２Ｆ,092-262-4488,福岡ホテル・ウェディング＆製菓調理専門学校,菓子製造業,一般,福,博保衛,32060015,2027/3/31,2021/2/19,2009/3/17
株式会社　マンジャ,810-0033,福岡市中央区小笹一丁目２２番２５号,,092-531-9888,マンジャ,飲食店営業,そうざい,福,中保衛,32020424,2027/3/31,2021/2/19,2003/2/26
,810-0041,福岡市中央区大名一丁目３番３９号,養巴ビル２F,092-771-3103,オン　ザ　ロックス,飲食店営業,一般食堂,福,中保衛,32020427,2027/3/31,2021/2/19,2009/2/16
株式会社　パ－クウエスト,810-0062,福岡市中央区荒戸二丁目１番１９号,２Ｆ　３Ｆ,092-751-4628,ラブリオッシュ,菓子製造業,一般,福,中保衛,32060026,2027/3/31,2021/2/19,2003/3/28
,810-0041,福岡市中央区大名一丁目１３番８号,,092-731-6554,あさ山,飲食店営業,一般食堂,福,中保衛,32020425,2027/3/31,2021/2/19,2003/4/1
株式会社魚頂天,810-0004,福岡市中央区渡辺通一丁目１番１号,サンセルコＢ１,092-401-0004,ＢＥＬＩＮＤＡ,飲食店営業,バー,福,中保衛,32010848,2027/3/31,2021/2/19,2021/2/19
株式会社共立メンテナンス,810-0064,福岡市中央区地行二丁目２番１６号,ＣＬＡＳＳ＋１　西大濠　１Ｆ,092-725-1123,ＣＬＡＳＳ＋１　西大濠食堂,飲食店営業,一般食堂,福,中保衛,32020420,2027/3/31,2021/2/19,2009/3/6
,810-0042,福岡市中央区赤坂一丁目１５番１５号,平和台ハイツ１Ｆ,,月竹,飲食店営業,主として喫茶,福,中保衛,32020423,2027/3/31,2021/2/19,2015/3/27
株式会社タナカダイニング,810-0021,福岡市中央区今泉一丁目１１番７号,ＫＹビル　１Ｆ,092-771-8822,町飯タナカＢ作,飲食店営業,一般食堂,福,中保衛,32020426,2027/3/31,2021/2/19,2009/3/18
有限会社サンクス,815-0074,福岡市南区寺塚一丁目２６番１８－１０６号,,092-541-0266,中華そば 郷家,飲食店営業,一般食堂,福,南保衛,32020155,2027/3/31,2021/2/19,2009/3/13
,815-0033,福岡市南区大橋一丁目１２番１９号,益永ビル１Ｆ,092-561-6625,炭処　吉,飲食店営業,一般食堂,福,南保衛,32020156,2027/3/31,2021/2/19,2009/2/24
,814-0144,福岡市城南区梅林三丁目２番５号,Ａ棟,092-834-6981,居心地屋　ぷらっと,飲食店営業,一般食堂,福,城保衛,32020066,2027/3/31,2021/2/19,2015/3/24
,814-0155,福岡市城南区東油山５１５番地の１４,３Ｆ,,ＴＳＵＩＢＯ　本店,飲食店営業,一般食堂,福,城保衛,32010054,2027/3/31,2021/2/19,2021/2/19
九州大学生活協同組合,819-0385,福岡市西区元岡７４４番地,,092-805-7701,生活支援施設ビックさんどメインダイニング,飲食店営業,一般食堂,福,西保衛,32020132,2027/3/31,2021/2/19,2009/3/25
九州大学生活協同組合,819-0385,福岡市西区元岡７４４番地,,092-805-7701,生活支援施設ビックさんどメインダイニング,菓子製造業,パン,福,西保衛,32060018,2027/3/31,2021/2/19,2009/3/25
九州大学生活協同組合,819-0385,福岡市西区元岡７４４番地,,092-805-7701,生活支援施設ビックさんどメインダイニング,喫茶店営業,一般,福,西保衛,32240008,2027/3/31,2021/2/19,2009/3/25
九州大学生活協同組合,819-0385,福岡市西区元岡７４４番地,,092-805-7701,生活支援施設ビックさんどメインダイニング,飲食店営業,一般食堂,福,西保衛,32020133,2027/3/31,2021/2/19,2009/3/25
九州大学生活協同組合,819-0385,福岡市西区元岡７４４番地,,092-805-7701,生活支援施設ビックさんどビックダイニング,飲食店営業,一般食堂,福,西保衛,32020134,2027/3/31,2021/2/19,2009/3/25
九州大学生活協同組合,819-0385,福岡市西区元岡７４４番地,,092-805-7703,ビックオレンジレストラン,飲食店営業,一般食堂,福,西保衛,32020135,2027/3/31,2021/2/19,2009/3/10
九州大学生活協同組合,819-0385,福岡市西区元岡７４４番地,,092-805-7703,センター地区２号館食堂　クアシス,飲食店営業,一般食堂,福,西保衛,32020136,2027/3/31,2021/2/19,2009/3/10
,813-0062,福岡市東区松島五丁目２９番２０号,,092-623-5572,須恵三洋軒,飲食店営業,一般食堂,福,東保衛,32020164,2027/3/31,2021/2/22,2015/3/20
有限会社　博多松美屋,812-0043,福岡市博多区堅粕三丁目２１番６号,,092-472-5350,博多松美屋,飲食店営業,弁当屋,福,博保衛,32020494,2027/3/31,2021/2/22,1980/3/4
,810-0801,福岡市博多区中洲四丁目１番７号,中洲セントラルビル　３階　全室,,ＣＬＵＢ　りんこ,飲食店営業,カフェー,福,博保衛,32010691,2027/3/31,2021/2/22,2021/2/22
,810-0801,福岡市博多区中洲三丁目５番１１号,松和ビル　５階,092-292-4222,ｆａｍｉｌｙ,飲食店営業,一般食堂,福,博保衛,32010681,2027/3/31,2021/2/22,2021/2/22
株式会社　アンコモンジャパン,812-0017,福岡市博多区美野島二丁目１９番４号,,,ＳＡＩＧＯＮ,飲食店営業,一般食堂,福,博保衛,32010683,2027/3/31,2021/2/22,2021/2/22
トリゼンダイニング　株式会社,812-0041,福岡市博多区吉塚一丁目１７番９号,,092-624-9411,韓国家庭料理　火の村,飲食店営業,一般食堂,福,博保衛,32010636,2027/3/31,2021/2/22,2021/2/22
株式会社　明月堂,812-0892,福岡市博多区東那珂二丁目１１番２３号,,092-411-7777,株式会社　明月堂　第４工場,菓子製造業,一般,福,博保衛,32060016,2027/3/31,2021/2/22,2009/3/13
株式会社　サンケイフーヅ,812-0893,福岡市博多区那珂三丁目２６番２０号の１,,092-414-1140,（株）サンケイフーヅ,そうざい製造業,なし,福,博保衛,32580004,2027/3/31,2021/2/22,2015/3/11
,812-0023,福岡市博多区奈良屋町４番１１号,,092-291-5631,キッチン　あや,飲食店営業,一般食堂,福,博保衛,32020495,2027/3/31,2021/2/22,2003/1/27
,812-0028,福岡市博多区須崎町５番７号,,092-282-4030,月善,飲食店営業,うどん屋,福,博保衛,32020492,2027/3/31,2021/2/22,2003/3/14
株式会社　ｉ・ライフソリューションズ,812-0013,福岡市博多区博多駅東二丁目４番２０号,,092-477-8861,コメダ珈琲店博多駅東店,飲食店営業,主として喫茶,福,博保衛,32020493,2027/3/31,2021/2/22,2015/2/20
株式会社　みさか,812-0016,福岡市博多区博多駅南三丁目５番１号,エルザビル　１Ｆ　１０３号,092-473-7865,みさか亭,飲食店営業,弁当屋,福,博保衛,32020490,2027/3/31,2021/2/22,1992/1/8
,810-0002,福岡市中央区西中洲４番６号,リップルビル１Ｆ,092-724-6139,其一,飲食店営業,バー,福,中保衛,32020429,2027/3/31,2021/2/22,2015/3/3
,810-0062,福岡市中央区荒戸三丁目３番６８号,,092-712-2690,さくらや,喫茶店営業,一般,福,中保衛,32240026,2027/3/31,2021/2/22,1979/3/7
,810-0023,福岡市中央区警固二丁目１４番７号,,092-711-3388,けご２の１４,飲食店営業,一般食堂,福,中保衛,32020434,2027/3/31,2021/2/22,2003/3/20
,810-0001,福岡市中央区天神三丁目１６番１号,天神日若ビル　B1F,092-751-7302,レストラン　達,飲食店営業,レストラン,福,中保衛,32020433,2027/3/31,2021/2/22,1987/2/25
,810-0074,福岡市中央区大手門一丁目３番１７－１０５号,,092-732-3007,和食　とくなが,飲食店営業,一般食堂,福,中保衛,32020432,2027/3/31,2021/2/22,2015/3/19
,810-0041,福岡市中央区大名一丁目３番５３号,ＡＲＫ ＫＯＮＹＡＭＡＣＨＩ　２階２０１号,092-712-7375,ホルモン大名。,飲食店営業,一般食堂,福,中保衛,32020431,2027/3/31,2021/2/22,2015/1/26
,810-0005,福岡市中央区清川三丁目２０番３１号,クラウンビル１０６号,092-526-3090,酒場　桐山,飲食店営業,一般食堂,福,中保衛,32020430,2027/3/31,2021/2/22,2015/3/11
,810-0022,福岡市中央区薬院四丁目１５番２９号,,092-526-1737,鮨かず矢,飲食店営業,すし屋,福,中保衛,32020437,2027/3/31,2021/2/22,2015/3/19
有限会社ポルターダ,810-0041,福岡市中央区大名一丁目１１番２９号,,092-716-3668,マーブルブラン,飲食店営業,一般食堂,福,中保衛,32020435,2027/3/31,2021/2/22,2015/3/23
株式会社　エス・エイ商事,810-0003,福岡市中央区春吉二丁目４番１７号,,092-734-4531,ホテル　アンドマックス,飲食店営業,旅館,福,中保衛,32020436,2027/3/31,2021/2/22,1997/1/29
合同会社倉吉,810-0041,福岡市中央区大名一丁目３番３２号,ラ・コルテ大名７Ｆ,092-726-9405,ＢＡＲ倉吉　大名,飲食店営業,バー,福,中保衛,32020438,2027/3/31,2021/2/22,2015/2/6
株式会社ボン洋酒店,810-0073,福岡市中央区舞鶴二丁目４番２８号,,092-761-4771,ボン洋酒店,乳製品製造業,なし,福,中保衛,32100003,2027/3/31,2021/2/22,2009/2/23
,810-0023,福岡市中央区警固二丁目１６番１１号,坂口ビル１０２,092-791-3573,ＢＲＡＮＣＯ,飲食店営業,バー,福,中保衛,32010870,2027/3/31,2021/2/22,2021/2/22
株式会社ＵＰ,810-0001,福岡市中央区天神二丁目６番３２号,天神サザン通りパルスビル地下１階,092-731-7130,磯っこ商店　天神店,魚介類販売業,一般,福,中保衛,32130056,2027/3/31,2021/2/22,2021/2/22
,810-0041,福岡市中央区大名一丁目８番５号,養巴コープ３０６,,Ｋａｚｚｏ,飲食店営業,バー,福,中保衛,32010854,2027/3/31,2021/2/22,2021/2/22
,810-0021,福岡市中央区今泉一丁目２３番４号,新天神ビル１０４,092-715-7022,樹扇,飲食店営業,一般食堂,福,中保衛,32020428,2027/3/31,2021/2/22,2015/3/9
シダックス大新東ヒューマンサービス株式会社,811-1302,福岡市南区井尻一丁目１番１号,,092-581-0361,福岡市立宮竹小学校,飲食店営業,一般食堂,福,南保衛,32020157,2027/3/31,2021/2/22,2015/4/1
株式会社　スイッチ,814-0133,福岡市城南区七隈六丁目１４番２６号,,092-407-3304,ナナクマキッチン,飲食店営業,一般食堂,福,城保衛,32020067,2027/3/31,2021/2/22,2015/3/23
株式会社はたなか,814-0002,福岡市早良区西新六丁目１番１０号,,092-847-8659,Ｄｅｌｉｇｈｔ,飲食店営業,一般食堂,福,早保衛,32020187,2027/3/31,2021/2/22,2015/3/30
,819-0166,福岡市西区横浜二丁目１９番２号,,092-807-1896,あいきょう,飲食店営業,一般食堂,福,西保衛,32020137,2027/3/31,2021/2/22,2003/3/28
,819-0202,福岡市西区西浦１２６５番地３８,,,鯛や大洋丸のお魚,飲食店営業,弁当屋,福,西保衛,32020138,2027/3/31,2021/2/22,2015/1/15
富士自動車株式会社,819-0001,福岡市西区小戸二丁目２番５５号,,092-836-8809,ＣＡＦＥ　ＢＬＵＥ　ＢＥＥ,菓子製造業,一般,福,西保衛,32050015,2027/3/31,2021/2/22,2021/2/22
富士自動車株式会社,819-0001,福岡市西区小戸二丁目２番５５号,,092-836-8809,ＣＡＦＥ　ＢＬＵＥ　ＢＥＥ,飲食店営業,主として喫茶,福,西保衛,32010104,2027/3/31,2021/2/22,2021/2/22
株式会社そえるて,819-0001,福岡市西区小戸三丁目４９番３号,,,Ｆｏｏｄ　Ｍａｃｈｉｎｅ,菓子製造業,一般,福,西保衛,32050016,2027/3/31,2021/2/22,2021/2/22
シダックス大新東ヒューマンサービス株式会社,819-0035,福岡市西区金武２０２８番地１,,092-811-1303,福岡市立金武小学校,飲食店営業,一般食堂,福,西保衛,32020139,2027/3/31,2021/2/22,2015/3/30
,812-0053,福岡市東区箱崎一丁目３７番２１号,,,箱崎水族舘 喫茶室,飲食店営業,一般食堂,福,東保衛,32020166,2027/3/31,2021/2/24,2009/3/10
,812-0053,福岡市東区箱崎三丁目１９番１６号,,092-641-0389,カフェ・ド・ながしま,飲食店営業,一般食堂,福,東保衛,32020168,2027/3/31,2021/2/24,1981/3/10
,811-0214,福岡市東区和白東二丁目１４番３０号,,,焼鳥居酒屋　旭,飲食店営業,一般食堂,福,東保衛,32020169,2027/3/31,2021/2/24,2015/2/20
株式会社　吉之水木,812-0894,福岡市博多区諸岡三丁目２９番８号,,092-501-7888,芋花堂,菓子製造業,一般,福,博保衛,32050046,2027/3/31,2021/2/24,2021/2/24
,812-0018,福岡市博多区住吉三丁目１３番１号,１Ｆ,092-292-5633,からあげ輝鶏,飲食店営業,弁当屋,福,博保衛,32010700,2027/3/31,2021/2/24,2021/2/24
株式会社　Ｓｕｍｉｔｏｋｏ,812-0038,福岡市博多区祇園町２番３５号,プレスト博多祇園ビル　１Ｆ－Ａ,092-292-5789,グリルｓｕｍｉｔｏｋｏ,飲食店営業,一般食堂,福,博保衛,32010706,2027/3/31,2021/2/24,2021/2/24
株式会社　Ｓｕｍｉｔｏｋｏ,812-0038,福岡市博多区祇園町２番３５号,プレスト博多祇園ビル　１Ｆ－Ａ,092-292-5789,グリルｓｕｍｉｔｏｋｏ,食肉販売業,一般,福,博保衛,32330132,2027/3/31,2021/2/24,2021/2/24
株式会社　吉村商店,810-0801,福岡市博多区中洲二丁目８番１０号,美代ビル,092-282-3335,地鶏屋　亜門,飲食店営業,一般食堂,福,博保衛,32020501,2027/3/31,2021/2/24,2015/3/27
,810-0801,福岡市博多区中洲二丁目１番１１号,しんばしビル　６階,,ＧＧ－ＢＢ☆,飲食店営業,バー,福,博保衛,32020499,2027/3/31,2021/2/24,2015/3/26
,810-0801,福岡市博多区中洲四丁目３番１０号,丸源４３ビル　１階　１０２号,092-272-0627,エレガンス　明美,飲食店営業,一般食堂,福,博保衛,32020500,2027/3/31,2021/2/24,1987/2/26
,810-0801,福岡市博多区中洲三丁目５番１１号,松和ビル　５Ｆ,092-281-8534,髙森,飲食店営業,一般食堂,福,博保衛,32020497,2027/3/31,2021/2/24,1977/2/26
株式会社　フォーシーズンミラン,810-0044,福岡市中央区六本松四丁目９番１０号,,092-731-3132,インド料理　フォーシーズンミラン,飲食店営業,一般食堂,福,中保衛,32020440,2027/3/31,2021/2/24,2009/1/8
株式会社ぶんコーポレーション,810-0041,福岡市中央区大名二丁目６番５号,天神西通り館２階,092-731-7133,Ｄｉ　ＰＵＮＴＯ　天神西通り店,飲食店営業,一般食堂,福,中保衛,32020443,2027/3/31,2021/2/24,2015/3/4
,810-0022,福岡市中央区薬院二丁目４番２６号,ライオンズマンション薬院第５　１Ｆ,092-716-2502,喜人,飲食店営業,一般食堂,福,中保衛,32020444,2027/3/31,2021/2/24,2003/1/8
有限会社ＮＥＳＴ　ｄｅｓｉｇｎ,810-0022,福岡市中央区薬院二丁目１３番２７号,ネストビルⅡ１Ｆ,092-725-5959,ｕｇｌｅ,飲食店営業,バー,福,中保衛,32020448,2027/3/31,2021/2/24,2009/3/27
,810-0012,福岡市中央区白金一丁目１５番７号,ダイアパレス白金１０１号,092-521-2915,Ｒｏｔｉｓｓｅｒｉｅ　Ｌａｍｐｅ,飲食店営業,レストラン,福,中保衛,32020449,2027/3/31,2021/2/24,2015/3/27
株式会社カーペディエム,810-0013,福岡市中央区大宮二丁目６番１３号,アリエス平尾１０２,092-526-5515,焼き酒場　金ＤＡＲＵＭＡ,飲食店営業,一般食堂,福,中保衛,32020446,2027/3/31,2021/2/24,2015/3/19
有限会社　マルウ商事,810-0071,福岡市中央区那の津五丁目８番１０号,,092-735-1500,(有)マルウ商事,飲食店営業,弁当屋,福,中保衛,32020441,2027/3/31,2021/2/24,2009/1/29
朝日商幸株式会社,814-0171,福岡市早良区野芥七丁目４８番２号,,092-874-2323,カラオケスタジオ　歌声,飲食店営業,一般食堂,福,早保衛,32020188,2027/3/31,2021/2/24,2009/3/26
,814-0165,福岡市早良区次郎丸三丁目１番２７号,,,一凛,飲食店営業,一般食堂,福,早保衛,32020190,2027/3/31,2021/2/24,2009/1/13
社会福祉法人アイリス,814-0171,福岡市早良区野芥四丁目３１番４号,,092-873-7008,野芥デイサービスセンター,飲食店営業,一般食堂,福,早保衛,32020191,2027/3/31,2021/2/24,2015/1/19
,814-0165,福岡市早良区次郎丸三丁目２８番１０号,,092-836-7768,ママアジア料理,飲食店営業,一般食堂,福,早保衛,32010161,2027/3/31,2021/2/24,2021/2/24
,819-0002,福岡市西区姪の浜四丁目１２番１８号,,092-884-1027,お弁当の大鶴,飲食店営業,弁当屋,福,西保衛,32020140,2027/3/31,2021/2/24,1992/3/24
コンパスグループ・ジャパン株式会社,819-0167,福岡市西区今宿二丁目１２番７号,,092-806-2667,今宿病院,飲食店営業,一般食堂,福,西保衛,32020141,2027/3/31,2021/2/24,2009/3/24
三菱電機ライフサービス株式会社,819-0386,福岡市西区元浜一丁目２６番２号,,,ＳＡＫＡＥ館伊都学生寮,飲食店営業,一般食堂,福,西保衛,32010107,2027/3/31,2021/2/24,2021/2/24
,813-0002,福岡市東区下原四丁目１１番２号,,092-661-1510,自家製生パスタの店 バニヤン,飲食店営業,一般食堂,福,東保衛,32020172,2027/3/31,2021/2/25,2003/3/7
有限会社 シンコー,813-0062,福岡市東区松島三丁目１番２７号,,092-629-2291,ほっともっと　松島店,飲食店営業,弁当屋,福,東保衛,32010195,2027/3/31,2021/2/25,2021/2/25
有限会社 サンライズミート,813-0034,福岡市東区多の津四丁目１７番１１号,,092-612-5829,（有）サンライズミート,飲食店営業,一般食堂,福,東保衛,32010193,2027/3/31,2021/2/25,2021/2/25
,812-0054,福岡市東区馬出二丁目６番５-４号,,092-641-6060,モモンチ,飲食店営業,一般食堂,福,東保衛,32010201,2027/3/31,2021/2/25,2021/2/25
,812-0016,福岡市博多区博多駅南四丁目１３番１２号,,,酒宴家　善,飲食店営業,一般食堂,福,博保衛,32010703,2027/3/31,2021/2/25,2021/2/25
株式会社　プレジデントハカタ,812-0013,福岡市博多区博多駅東一丁目１番２９号,ホテル　ラ　フォレスタ　１Ｆ,092-483-7733,ＰＩＴＢＵＬＬ　ＢＲＯＴＨＥＲＳ,飲食店営業,一般食堂,福,博保衛,32010639,2027/3/31,2021/2/25,2021/2/25
株式会社　石原ＰＲＯ,812-0027,福岡市博多区下川端町３番１号,博多リバレインモール　１Ｆ,092-292-9190,焼肉処石原牛,飲食店営業,一般食堂,福,博保衛,32010680,2027/3/31,2021/2/25,2021/2/25
株式会社　ＡＪＧ,812-0027,福岡市博多区下川端町３番１号,博多リバレイン　１Ｆ,,Ｏ２　ｏｒｇａｎｉｃ　ｉｓ　ｏｒｄｉｎａｒｙ,飲食店営業,一般食堂,福,博保衛,32010714,2027/3/31,2021/2/25,2021/2/25
,812-0894,福岡市博多区諸岡三丁目２６番３９号,,092-513-8181,トラットリア　章正（あきまさ）,飲食店営業,一般食堂,福,博保衛,32010702,2027/3/31,2021/2/25,2021/2/25
,812-0894,福岡市博多区諸岡三丁目２６番３９号,,092-513-8181,トラットリア　章正（あきまさ）,菓子製造業,パン,福,博保衛,32050047,2027/3/31,2021/2/25,2021/2/25
,812-0894,福岡市博多区諸岡三丁目２６番３９号,,092-513-8181,トラットリア　章正（あきまさ）,そうざい製造業,なし,福,博保衛,32570021,2027/3/31,2021/2/25,2021/2/25
株式会社　昭和イーティング,812-0041,福岡市博多区吉塚四丁目１２番２５号,,,有料老人ホーム桜寿のさと,飲食店営業,一般食堂,福,博保衛,32020506,2027/3/31,2021/2/25,2015/1/29
,812-0023,福岡市博多区奈良屋町４番１１－８号,,092-263-0832,そば処　うえ村,飲食店営業,そば屋,福,博保衛,32020505,2027/3/31,2021/2/25,1997/3/4
,810-0801,福岡市博多区中洲三丁目４番６号,多門ビル’８３　１Ｆ,092-282-3776,メンバーズ・永田,飲食店営業,一般食堂,福,博保衛,32020504,2027/3/31,2021/2/25,2009/2/12
,810-0801,福岡市博多区中洲三丁目６番２３号,和田ビル　１Ｆ,092-271-3785,つぼ,飲食店営業,バー,福,博保衛,32020503,2027/3/31,2021/2/25,2015/3/2
,810-0801,福岡市博多区中洲四丁目１番１３号,第１きよたけビル　２Ｆ,092-281-1469,うまいもの処　いろは島,飲食店営業,一般食堂,福,博保衛,32020502,2027/3/31,2021/2/25,1987/3/10
ストアコマース　株式会社,812-0011,福岡市博多区博多駅前二丁目３番１２号,１Ｆ,092-412-0851,お酒の美術館博多駅前店,飲食店営業,バー,福,博保衛,32010697,2027/3/31,2021/2/25,2021/2/25
,810-0016,福岡市中央区平和三丁目１２番１号,イルシオン平和１０２,,福岡ワインカンパニー事務所,飲食店営業,一般食堂,福,中保衛,32020450,2027/3/31,2021/2/25,2009/2/25
,810-0004,福岡市中央区渡辺通二丁目８番２４号,,092-741-6846,市兵衛,飲食店営業,一般食堂,福,中保衛,32020451,2027/3/31,2021/2/25,2009/3/3
有限会社パライット,810-0041,福岡市中央区大名一丁目６番８号,バルビゾン９６　２Ｆ,092-791-6009,ＬＩＶ　ＬＡＢＯ,飲食店営業,一般食堂,福,中保衛,32020452,2027/3/31,2021/2/25,2015/3/23
,810-0022,福岡市中央区薬院三丁目１２番４１号,１Ｆ,092-406-1129,ＢＡＫＵＲＯ,飲食店営業,一般食堂,福,中保衛,32020454,2027/3/31,2021/2/25,2009/1/26
株式会社ｅｎｆａｎｔ　ｔｅｒｒｉｂｌｅ,810-0041,福岡市中央区大名一丁目９番５２号,バレンチノエレガンスビル１Ｆ,,Ｌａ　ｊａｖａｎａｉｓｅ,飲食店営業,バー,福,中保衛,32020457,2027/3/31,2021/2/25,2009/1/21
有限会社Ｒ．Ｃ.　ＷＯＲＫＳ,810-0041,福岡市中央区大名一丁目１５番３５号,大名２４７ビル４Ｆ－Ａ,092-716-3367,コーデュロイカフェ,飲食店営業,一般食堂,福,中保衛,32020455,2027/3/31,2021/2/25,2009/3/26
海馬株式会社,810-0014,福岡市中央区平尾二丁目１番１６号,,092-525-4117,東方餃子房,飲食店営業,中華店,福,中保衛,32020456,2027/3/31,2021/2/25,2015/1/27
株式会社雷橋,810-0004,福岡市中央区渡辺通五丁目２４番３７号,第５レジデンス江崎　２Ｆ,,肉の雷橋,飲食店営業,一般食堂,福,中保衛,32020458,2027/3/31,2021/2/25,2015/2/10
,810-0041,福岡市中央区大名二丁目１０番３９号,サンマリノビル２０２号室,,多か喜家,飲食店営業,一般食堂,福,中保衛,32010879,2027/3/31,2021/2/25,2021/2/25
株式会社　西鉄ストア,810-0001,福岡市中央区天神二丁目１１番３号,ソラリアステージ２Ｆ,092-736-1080,ドトールコーヒーショップ西鉄福岡駅店,飲食店営業,一般食堂,福,中保衛,32020453,2027/3/31,2021/2/25,2009/2/27
,811-1302,福岡市南区井尻三丁目２５番２９号,,092-558-2339,中津からあげ　鶏笑　井尻駅前店,飲食店営業,弁当屋,福,南保衛,32010159,2027/3/31,2021/2/25,2021/2/25
,814-0002,福岡市早良区西新一丁目７番３号,,092-831-7503,肉のいろは,食肉販売業,一般,福,早保衛,32340026,2027/3/31,2021/2/25,1976/3/15
有限会社冨士丸,814-0032,福岡市早良区小田部四丁目５番５１号,,092-833-5546,廻転寿司　冨士丸,飲食店営業,一般食堂,福,早保衛,32020194,2027/3/31,2021/2/25,2015/3/10
ＪＯＹＮＥＸＴ株式会社,814-0174,福岡市早良区田隈三丁目２４番１２号,,092-865-2727,ローソン野芥小学校前店,飲食店営業,一般食堂,福,早保衛,32020193,2027/3/31,2021/2/25,2015/4/1
,814-0002,福岡市早良区西新五丁目１４番４２号,,092-821-1317,ローソン福岡西新五丁目店,飲食店営業,一般食堂,福,早保衛,32020195,2027/3/31,2021/2/25,1997/2/24
,814-0033,福岡市早良区有田二丁目３０番１４号,,092-843-9431,すし　藤吉郎,飲食店営業,一般食堂,福,早保衛,32020192,2027/3/31,2021/2/25,1993/3/8
リンガーハットジャパン株式会社,819-0014,福岡市西区豊浜三丁目１番１０号,,092-885-8657,リンガーハット　マリナタウン店,飲食店営業,一般食堂,福,西保衛,32020142,2027/3/31,2021/2/25,2009/3/12
有限会社　エスペランサ,819-0041,福岡市西区拾六町三丁目８番１２号,,092-881-4136,あおば,飲食店営業,弁当屋,福,西保衛,32020143,2027/3/31,2021/2/25,2009/1/5
,812-0061,福岡市東区筥松二丁目１１番１０号,,092-629-7666,居酒屋　さくら,飲食店営業,一般食堂,福,東保衛,32020177,2027/3/31,2021/2/26,2003/2/27
株式会社 一二三,813-0062,福岡市東区松島五丁目２０番２３号,,092-612-9123,一二三食堂,飲食店営業,一般食堂,福,東保衛,32010200,2027/3/31,2021/2/26,2021/2/26
学校法人 中村学園,811-0202,福岡市東区和白一丁目６番４１号,,092-661-6193,中村学園事業部２２３６０,飲食店営業,一般食堂,福,東保衛,32020175,2027/3/31,2021/2/26,2003/1/31
学校法人 中村学園,811-0203,福岡市東区塩浜一丁目６番１号,,,２６５８０　中村学園事業部,飲食店営業,一般食堂,福,東保衛,32020173,2027/3/31,2021/2/26,2015/3/27
学校法人 中村学園,813-0003,福岡市東区香住ヶ丘三丁目１０番１号,,,２６５７０中村学園事業部,飲食店営業,一般食堂,福,東保衛,32020174,2027/3/31,2021/2/26,2015/3/27
,811-0215,福岡市東区高美台二丁目１番２２号,,092-609-9229,ＧｏＧｏミート （高美台店）,食肉販売業,一般,福,東保衛,32330045,2027/3/31,2021/2/26,2021/2/26
日清医療食品株式会社,811-0204,福岡市東区奈多一丁目４番１号,,092-605-3261,東福岡和仁会病院事業所,飲食店営業,一般食堂,福,東保衛,32020176,2027/3/31,2021/2/26,2009/3/31
,812-0879,福岡市博多区銀天町二丁目２番５号,ＧⅢビル　５Ｆ　５－Ａ,,Ｎｕｍｂｅｒ　８６,飲食店営業,一般食堂,福,博保衛,32010719,2027/3/31,2021/2/26,2021/2/26
,810-0801,福岡市博多区中洲四丁目５番９号,リバーサイドビル　４階　Ｄ号室,,スタンドバー　イベール,飲食店営業,バー,福,博保衛,32010682,2027/3/31,2021/2/26,2021/2/26
,812-0018,福岡市博多区住吉五丁目２２番９号,渡辺コーポ　２Ｆ　２０２号,,ＬＣフードサービス,飲食店営業,一般食堂,福,博保衛,32010726,2027/3/31,2021/2/26,2021/2/26
株式会社　ワイエムフーズ,812-0041,福岡市博多区吉塚七丁目２番１６号,１Ｆ,092-623-0560,ファミエールよしづか,飲食店営業,一般食堂,福,博保衛,32010695,2027/3/31,2021/2/26,2021/2/26
,810-0801,福岡市博多区中洲二丁目５番１０号,銀ビル　３階,092-262-9302,バー　楽家,飲食店営業,バー,福,博保衛,32010716,2027/3/31,2021/2/26,2021/2/26
ＫＯＫＯ　株式会社,810-0801,福岡市博多区中洲二丁目６番７号,ジョイフルヤマモトビル　４階　４号室,,華れ,飲食店営業,バー,福,博保衛,32010721,2027/3/31,2021/2/26,2021/2/26
,810-0801,福岡市博多区中洲一丁目８番,清流公園,,省ちゃん,飲食店営業,ろ店(定置屋台),福,博保衛,32040010,2026/3/31,2021/2/26,2016/2/1
,810-0801,福岡市博多区中洲四丁目３番１０号,丸源４３ビル　１階　１０３号,092-272-3003,あおいの紋,飲食店営業,一般食堂,福,博保衛,32020511,2027/3/31,2021/2/26,1987/3/10
株式会社　マルキョウ,812-0879,福岡市博多区銀天町一丁目３番８号,,092-591-4122,（株）マルキョウ雑餉隈店,飲食店営業,すし屋,福,博保衛,32010690,2027/3/31,2021/2/26,2021/2/26
株式会社　共立メンテナンス,812-0016,福岡市博多区博多駅南一丁目６番２０号,,092-433-8202,ドーミー博多駅南,飲食店営業,一般食堂,福,博保衛,32020510,2027/3/31,2021/2/26,2015/3/17
株式会社　共立メンテナンス,812-0874,福岡市博多区光丘町一丁目３番１７号,,092-572-1854,ドーミー南福岡,飲食店営業,一般食堂,福,博保衛,32020509,2027/3/31,2021/2/26,2015/3/26
学校法人　中村学園,812-0893,福岡市博多区那珂六丁目２６番１号,,092-593-5711,中村学園事業部　７０００１,飲食店営業,仕出し,福,博保衛,32020507,2027/3/31,2021/2/26,2003/3/11
学校法人　中村学園,812-0007,福岡市博多区東比恵三丁目１番２３号,２Ｆ,092-483-3236,中村学園事業部　２５６３０,飲食店営業,一般食堂,福,博保衛,32020508,2027/3/31,2021/2/26,2009/2/25
,812-0883,福岡市博多区南本町一丁目３番１１号,松隈ビル　１Ｆ,,Ｓｎａｃｋ　Ｉｖｏｒｙ,飲食店営業,一般食堂,福,博保衛,32010649,2027/3/31,2021/2/26,2021/2/26
,810-0002,福岡市中央区西中洲１番６号,西中洲Ａビル　１０１,,Ｋａｒｅｎ,飲食店営業,バー,福,中保衛,32020459,2027/3/31,2021/2/26,2015/2/3
株式会社アークホテル,810-0001,福岡市中央区天神三丁目１３番２０号１F,,092-724-2222,アークホテルロイヤル福岡天神「ラウンジ」,飲食店営業,一般食堂,福,中保衛,32020460,2027/3/31,2021/2/26,1992/3/7
株式会社アークホテル,810-0001,福岡市中央区天神三丁目１３番２０号１F,,092-724-2222,アークホテルロイヤル福岡天神「花水木」,飲食店営業,レストラン,福,中保衛,32020461,2027/3/31,2021/2/26,1992/3/7
株式会社アークホテル,810-0001,福岡市中央区天神三丁目１３番２０号３F,,092-724-2222,アークホテルロイヤル福岡天神「洗浄室」,飲食店営業,仕出し,福,中保衛,32020462,2027/3/31,2021/2/26,1992/3/7
株式会社アークホテル,810-0001,福岡市中央区天神三丁目１３番２０号２F,,092-724-2222,アークホテルロイヤル福岡天神「主厨房」,飲食店営業,旅館,福,中保衛,32020463,2027/3/31,2021/2/26,1992/3/7
,810-0041,福岡市中央区大名一丁目９番１８号,,092-401-0792,魚喜,飲食店営業,一般食堂,福,中保衛,32010877,2027/3/31,2021/2/26,2021/2/26
ＩＭＤ　Ａｌｌｉａｎｃｅ株式会社,810-0023,福岡市中央区警固三丁目１３番６号,,092-521-7766,ＡＵＴＨＥＮＴＩＣ　ＬＩＶＩＮＧ　ＢＵＴＣＨＥＲ,飲食店営業,一般食堂,福,中保衛,32020464,2027/3/31,2021/2/26,2015/3/20
株式会社プレナス,810-0073,福岡市中央区舞鶴二丁目１番４号,,092-713-6213,ほっともっと　舞鶴店,飲食店営業,弁当屋,福,中保衛,32010845,2027/3/31,2021/2/26,2021/2/26
株式会社ディーズプランニング,810-0073,福岡市中央区舞鶴一丁目８番４０号,天神ビーンズビル１Ｆ,092-739-0298,やっぱりステーキ　親不孝通り店,飲食店営業,一般食堂,福,中保衛,32010858,2027/3/31,2021/2/26,2021/2/26
株式会社ＪＩＭ,810-0001,福岡市中央区天神五丁目７番１２号,１Ｆ,092-738-5780,Ｖｅｇｅ　Ｆａｒｍ　Ｔｏｋｙｏ,飲食店営業,そうざい,福,中保衛,32010880,2027/3/31,2021/2/26,2021/2/26
,810-0041,福岡市中央区大名一丁目１３番１２号,ことうビル１Ｆ,092-725-7225,博仏ダイニングＫＩＮＯＳＨＩＴＡ,飲食店営業,一般食堂,福,中保衛,32020465,2027/3/31,2021/2/26,2015/1/26
,811-1302,福岡市南区井尻三丁目１７番３３号,,,ことぶき商店,飲食店営業,一般食堂,福,南保衛,32010168,2027/3/31,2021/2/26,2021/2/26
株式会社ダイキョープラザ,811-1321,福岡市南区柳瀬一丁目３３番１号,,092-571-0886,ダイキョーキッチン,飲食店営業,一般食堂,福,南保衛,32010147,2027/3/31,2021/2/26,2021/2/26
株式会社イートルズ,811-1355,福岡市南区桧原五丁目１８番１２号,,092-555-2543,オリーブの木　ひばる,飲食店営業,一般食堂,福,南保衛,32010164,2027/3/31,2021/2/26,2021/2/26
株式会社黒田屋,814-0153,福岡市城南区樋井川一丁目２３番３８号,,092-861-4841,（株）黒田屋　樋井川店,飲食店営業,一般食堂,福,城保衛,32020073,2027/3/31,2021/2/26,1984/3/31
日清医療食品株式会社,814-0121,福岡市城南区神松寺二丁目１１番５号,,092-961-6880,医療法人　松寿会　メディホーム神松寺,飲食店営業,一般食堂,福,城保衛,32020069,2027/3/31,2021/2/26,2015/3/3
日清医療食品株式会社,814-0142,福岡市城南区片江一丁目４番３８号,,092-874-3894,松永病院,飲食店営業,一般食堂,福,城保衛,32020071,2027/3/31,2021/2/26,2015/1/22
日清医療食品株式会社,814-0103,福岡市城南区鳥飼六丁目８番５号,,092-821-2024,福岡鳥飼病院本厨房食堂,飲食店営業,一般食堂,福,城保衛,32020070,2027/3/31,2021/2/26,2009/1/23
,814-0002,福岡市早良区西新四丁目３番６号,,092-823-0513,焼とり屋　かなかな,飲食店営業,一般食堂,福,早保衛,32020196,2027/3/31,2021/2/26,2009/4/1
,814-0012,福岡市早良区昭代三丁目７番４２号,,092-833-1250,ファミリーマート早良昭代３丁目店,飲食店営業,一般食堂,福,早保衛,32010156,2027/3/31,2021/2/26,2021/2/26
株式会社　パワフルライフ,819-0025,福岡市西区石丸二丁目４０番２６号,,092-894-1121,(株)パワフルライフ　坂口耳鼻咽喉科店,飲食店営業,一般食堂,福,西保衛,32020144,2027/3/31,2021/2/26,2015/3/26
,819-0373,福岡市西区周船寺二丁目１１番３３号,,092-807-6610,ローソン福岡周船寺二丁目店,飲食店営業,一般食堂,福,西保衛,32020146,2027/3/31,2021/2/26,2015/1/27
,819-0002,福岡市西区姪の浜三丁目１１番８号,,092-885-5553,旬や　みなくち,飲食店営業,一般食堂,福,西保衛,32020147,2027/3/31,2021/2/26,2015/1/26
瑞太国際株式会社,819-0014,福岡市西区豊浜一丁目２番２号,,092-400-0630,グリーン菜園,飲食店営業,そうざい,福,西保衛,32010106,2027/3/31,2021/2/26,2021/2/26
,811-0215,福岡市東区高美台二丁目１番２２号,,092-609-9229,ＧｏＧｏミート （高美台店）,そうざい製造業,なし,福,東保衛,32570006,2027/3/31,2021/3/1,2021/3/1
,812-0012,福岡市博多区博多駅中央街６番１２号,ヨドバシ　４Ｆ,092-710-6229,アジアンカレーシンサ,飲食店営業,一般食堂,福,博保衛,32010698,2027/3/31,2021/3/1,2021/3/1
,810-0801,福岡市博多区中洲三丁目６番１５号,会楽園ビル　５階,092-291-1396,スナック　ワイド,飲食店営業,バー,福,博保衛,32010724,2027/3/31,2021/3/1,2021/3/1
,812-0023,福岡市博多区奈良屋町５番１９号,ハビタス奈良屋　１Ｆ,092-262-0833,ふるさと,飲食店営業,そうざい,福,博保衛,32020519,2027/3/31,2021/3/1,1997/1/13
,812-0882,福岡市博多区麦野四丁目８番８号,,092-981-2044,味鉄,飲食店営業,一般食堂,福,博保衛,32020513,2027/3/31,2021/3/1,2009/3/5
有限会社　なごみ,812-0041,福岡市博多区吉塚二丁目１６番４号,,092-292-0235,味市春香なごみ,食品の冷凍又は冷蔵業,なし,福,博保衛,32200007,2027/3/31,2021/3/1,2015/2/26
,812-0038,福岡市博多区祇園町６番３６号,,092-282-9655,タコスキッチン　ばぶばぶ,飲食店営業,一般食堂,福,博保衛,32020516,2027/3/31,2021/3/1,2015/1/20
,812-0011,福岡市博多区博多駅前三丁目２６番２９号,九勧博多ビル　Ｂ１Ｆ,092-452-3434,杏（あんず）,飲食店営業,一般食堂,福,博保衛,32020512,2027/3/31,2021/3/1,1992/3/23
,812-0018,福岡市博多区住吉二丁目４番７号,マイアトリア住吉　１Ｆ　１０５号,092-282-7840,圭　寿司料理,飲食店営業,すし屋,福,博保衛,32020515,2027/3/31,2021/3/1,2009/3/5
株式会社　あきんどスシロー,812-0016,福岡市博多区博多駅南六丁目７番３３号,,092-461-8846,スシロー　博多駅南店,飲食店営業,すし屋,福,博保衛,32020518,2027/3/31,2021/3/1,2015/1/15
,812-0041,福岡市博多区吉塚一丁目１８番４号,,092-611-5160,吉広,魚介類販売業,一般,福,博保衛,32140039,2027/3/31,2021/3/1,1994/1/28
安田建物管理　株式会社,812-0041,福岡市博多区吉塚七丁目６番２９号,,,介護老人保健施設　光,飲食店営業,一般食堂,福,博保衛,32020517,2027/3/31,2021/3/1,2015/1/26
有限会社　ジュジュ,810-0021,福岡市中央区今泉一丁目１２番２３号,西鉄今泉ビル１Ｆ,092-721-6909,ジュジュ,飲食店営業,一般食堂,福,中保衛,32020466,2027/3/31,2021/3/1,1992/3/30
株式会社はかた舎,810-0074,福岡市中央区大手門三丁目７番９号　１Ｆ,,092-722-6555,ステーキハウス 听,飲食店営業,一般食堂,福,中保衛,32020467,2027/3/31,2021/3/1,2015/3/30
株式会社キッズプロモーション,810-0037,福岡市中央区南公園１番１号,,,福岡市動物園　科学館横食堂,飲食店営業,一般食堂,福,中保衛,32020469,2027/3/31,2021/3/1,2015/3/12
,810-0021,福岡市中央区今泉一丁目１２番８号,ＱＲビル１Ｆ,092-715-2830,デイリーヤマザキ福岡今泉店,飲食店営業,一般食堂,福,中保衛,32020470,2027/3/31,2021/3/1,2009/2/19
,810-0021,福岡市中央区今泉一丁目１２番８号,ＱＲビル１Ｆ,092-715-2830,デイリーヤマザキ福岡今泉店,菓子製造業,一般,福,中保衛,32060027,2027/3/31,2021/3/1,2009/2/19
,810-0073,福岡市中央区舞鶴二丁目１番８号,,092-724-3038,天照,飲食店営業,一般食堂,福,中保衛,32020471,2027/3/31,2021/3/1,2003/1/30
,810-0005,福岡市中央区清川一丁目１２番７－１０１号,,092-531-0720,洋食八坪亭,飲食店営業,レストラン,福,中保衛,32020473,2027/3/31,2021/3/1,2009/2/23
有限会社中むら高玉,810-0001,福岡市中央区天神一丁目４番１号,博多大丸東館６階,092-712-3454,有限会社　中むら高玉,飲食店営業,すし屋,福,中保衛,32020474,2027/3/31,2021/3/1,2003/2/12
,810-0042,福岡市中央区赤坂三丁目１２番１６号,ルシール赤坂３Ｆ,,ＴＯＷＡ,飲食店営業,一般食堂,福,中保衛,32010876,2027/3/31,2021/3/1,2021/3/1
,810-0044,福岡市中央区六本松四丁目９番４０号,渡辺ビル２０１,,Ｂａｒ　Ｂｕｌｂｏｕｓ　Ｂｏｗ,飲食店営業,バー,福,中保衛,32010874,2027/3/31,2021/3/1,2021/3/1
,810-0022,福岡市中央区薬院二丁目１１番２４号,清洲ビル１Ｆ,092-712-3569,スナック　裕子,飲食店営業,一般食堂,福,中保衛,32020472,2027/3/31,2021/3/1,1984/1/30
株式会社マルウ右近,810-0075,福岡市中央区港一丁目７番７号,,092-711-3366,㋒,そうざい製造業,なし,福,中保衛,32580009,2027/3/31,2021/3/1,2003/3/24
有限会社柴田商会,811-1344,福岡市南区三宅三丁目１８番２号,,092-511-4524,かずちゃん,飲食店営業,そうざい,福,南保衛,32020158,2027/3/31,2021/3/1,1997/3/27
,811-1323,福岡市南区弥永四丁目１４番１号,,092-588-2611,ファミリーマート　福岡弥永４丁目店,飲食店営業,一般食堂,福,南保衛,32020160,2027/3/31,2021/3/1,2015/1/14
,811-1302,福岡市南区井尻四丁目２１番２３号,,,フッフール,飲食店営業,一般食堂,福,南保衛,32020159,2027/3/31,2021/3/1,2015/2/10
株式会社エミデー,815-0041,福岡市南区野間二丁目７番１８号,,092-710-2994,肉ＤＥＮ／とんこつカレー,飲食店営業,弁当屋,福,南保衛,32010173,2027/3/31,2021/3/1,2021/3/1
,815-0033,福岡市南区大橋一丁目７番６号,,092-552-0920,ひげ将軍,飲食店営業,一般食堂,福,南保衛,32010169,2027/3/31,2021/3/1,2021/3/1
株式会社パンデピス,814-0123,福岡市城南区長尾二丁目２２番５６号,,092-524-9686,Ｄｃａｆｅ,飲食店営業,一般食堂,福,城保衛,32020074,2027/3/31,2021/3/1,2015/1/30
,812-0061,福岡市東区筥松一丁目１５番１６号,児島荘１階２１号,092-409-2916,焼肉酒場　なんぽ,飲食店営業,一般食堂,福,東保衛,32010202,2027/3/31,2021/3/2,2021/3/2
,812-0053,福岡市東区箱崎一丁目３番８号,,092-517-5010,ことほぎ　Ｆｉｔ＆ｅａｔ,飲食店営業,一般食堂,福,東保衛,32020179,2027/3/31,2021/3/2,2015/3/2
,810-0801,福岡市博多区中洲四丁目１番１号,あざみビル　５階,,ＣｒａｚＹぱんだ,飲食店営業,バー,福,博保衛,32010722,2027/3/31,2021/3/2,2021/3/2
,810-0801,福岡市博多区中洲一丁目,清流公園,,大ちゃん,飲食店営業,ろ店(定置屋台),福,博保衛,32040011,2026/3/31,2021/3/2,2016/1/29
,810-0801,福岡市博多区中洲三丁目４番６号,多門ビル’８３　６階　Ｃ号室,092-261-2130,暖,飲食店営業,バー,福,博保衛,32020520,2027/3/31,2021/3/2,2015/2/18
,810-0002,福岡市中央区西中洲１１番１号,浦ビル別棟,092-732-3010,福蔵,飲食店営業,バー,福,中保衛,32020476,2027/3/31,2021/3/2,2015/3/27
合同会社ＳＣ,810-0003,福岡市中央区春吉三丁目１１番１９号,パノラマスクエア博多１０６,092-711-5505,３７ｓｕｎｎａｎａ,飲食店営業,一般食堂,福,中保衛,32020475,2027/3/31,2021/3/2,2015/3/5
有限会社幸村英商店,810-0003,福岡市中央区春吉一丁目６番１号,,092-751-7940,幸村,魚介類販売業,一般,福,中保衛,32140028,2027/3/31,2021/3/2,1989/3/29
有限会社幸村英商店,810-0003,福岡市中央区春吉一丁目１番１４号,,092-751-7940,（有）幸村英商店,食品の冷凍又は冷蔵業,なし,福,中保衛,32200005,2027/3/31,2021/3/2,2016/11/17
株式会社ウィン,810-0041,福岡市中央区大名二丁目１番５号,Ｓ．Ｇ．ＣＯＭＰＡＮＹ　ＢＬＤ　６０１,092-707-3775,Ｓｈａｍｂａ　福岡店,飲食店営業,バー,福,中保衛,32010868,2027/3/31,2021/3/2,2021/3/2
ロイヤルコントラクトサービス株式会社,810-0051,福岡市中央区大濠公園１番３号,２Ｆ,092-406-4568,レストラン花の木,菓子製造業,一般,福,中保衛,32060028,2027/3/31,2021/3/2,2015/1/8
ロイヤルコントラクトサービス株式会社,810-0051,福岡市中央区大濠公園１番３号,２Ｆ,092-406-4568,レストラン花の木,飲食店営業,レストラン,福,中保衛,32020477,2027/3/31,2021/3/2,2015/1/8
,811-1356,福岡市南区花畑二丁目３５番２３号,セントラルビル１０５号,092-566-5626,喫茶・スナック　ポインセチア,飲食店営業,一般食堂,福,南保衛,32020161,2027/3/31,2021/3/2,2015/3/17
株式会社ＥＮＭ,811-1323,福岡市南区弥永四丁目６番６号,,092-588-3381,春夏秋冬屋,そうざい製造業,なし,福,南保衛,32580004,2027/3/31,2021/3/2,2015/3/17
特定非営利活動法人ドリームふくおか,811-1302,福岡市南区井尻二丁目４番８号,,092-581-5657,夢ぽけっと,菓子製造業,一般,福,南保衛,32060017,2027/3/31,2021/3/2,2009/3/2
,814-0155,福岡市城南区東油山一丁目１４番２１号,カメリアライジング２１　１０２,092-515-6773,居酒屋　笑店,飲食店営業,一般食堂,福,城保衛,32020075,2027/3/31,2021/3/2,2015/3/5
株式会社ミールマックス,814-0131,福岡市城南区松山一丁目３番１号,,092-871-2762,九州電力㈱社員研修所C棟,飲食店営業,一般食堂,福,城保衛,32020076,2027/3/31,2021/3/2,2009/3/17
有限会社すまいるふる,814-0153,福岡市城南区樋井川七丁目１３番１０号,,092-407-9008,スミール油山,菓子製造業,一般,福,城保衛,32050011,2027/3/31,2021/3/2,2021/3/2
,819-0002,福岡市西区姪の浜五丁目１番２７号,,092-883-6870,中華そば　きりや,飲食店営業,一般食堂,福,西保衛,32020149,2027/3/31,2021/3/2,1997/3/7
有限会社　サクセス古森,819-0044,福岡市西区生松台一丁目１番２２号,,092-812-6634,セブンイレブン福岡生松台店,飲食店営業,一般食堂,福,西保衛,32020148,2027/3/31,2021/3/2,2015/1/16
,812-0018,福岡市博多区住吉二丁目１５番５号,,,かよ,飲食店営業,一般食堂,福,博保衛,32010729,2027/3/31,2021/3/3,2021/3/3
,812-0017,福岡市博多区美野島一丁目２０番２１号,井上ビル　１Ｆ,092-402-0398,米一粒ノチカラ,飲食店営業,弁当屋,福,博保衛,32010718,2027/3/31,2021/3/3,2021/3/3
株式会社　御膳屋,812-0027,福岡市博多区下川端町２番１号,博多座・西銀再開発ビル　Ｂ２Ｆ,092-281-1388,御膳屋　菴離,飲食店営業,一般食堂,福,博保衛,32020525,2027/3/31,2021/3/3,2003/3/4
有限会社　水江商店,812-0041,福岡市博多区吉塚三丁目１番１２号,,092-624-7133,ファミリーマート　博多吉塚三丁目店,飲食店営業,一般食堂,福,博保衛,32020523,2027/3/31,2021/3/3,2015/3/26
,812-0883,福岡市博多区南本町一丁目３番１５号,１Ｆ,,ＦＵＫＵＯＫＡ　唐揚少年,飲食店営業,弁当屋,福,博保衛,32020521,2027/3/31,2021/3/3,2015/3/13
株式会社　チャネルティ,812-0013,福岡市博多区博多駅東三丁目１番６号,博多パールコーポ　１Ｆ　１０２号,092-292-8492,博多とりかわ大臣　駅東串房,飲食店営業,一般食堂,福,博保衛,32020527,2027/3/31,2021/3/3,2015/2/13
,810-0801,福岡市博多区中洲三丁目４番３号,多門通り内,092-261-2666,すし・お料理処　まつやま,飲食店営業,すし屋,福,博保衛,32020522,2027/3/31,2021/3/3,2009/2/19
株式会社　２４ｇｒｏｕｐ,812-0028,福岡市博多区須崎町９番１０号,,,（株）２４ｇｒｏｕｐ,魚介類販売業,冷凍魚介類,福,博保衛,32140042,2027/3/31,2021/3/3,2015/3/11
株式会社　２４ｇｒｏｕｐ,812-0028,福岡市博多区須崎町９番１０号,,,（株）２４ｇｒｏｕｐ,食品の冷凍又は冷蔵業,なし,福,博保衛,32200008,2027/3/31,2021/3/3,2015/3/11
,810-0053,福岡市中央区鳥飼二丁目１番４８号,,092-715-7000,たんやト傳,飲食店営業,一般食堂,福,中保衛,32020479,2027/3/31,2021/3/3,2009/1/7
,810-0014,福岡市中央区平尾二丁目１番１６号,エステート・モア平尾駅前通り１０１,092-753-8664,フジ葡萄酒店,飲食店営業,一般食堂,福,中保衛,32020478,2027/3/31,2021/3/3,2015/1/21
株式会社ミールマックス,810-0062,福岡市中央区荒戸二丁目５番１１号,,092-761-0470,ミールマックス　汀幼稚園,飲食店営業,一般食堂,福,中保衛,32020480,2027/3/31,2021/3/3,2015/3/30
有限会社　博多魚玄,810-0072,福岡市中央区長浜二丁目４番１１９号,,092-781-8380,有限会社　博多魚玄,魚介類販売業,一般,福,中保衛,32140029,2027/3/31,2021/3/3,1997/4/1
株式会社３９ダイニング,810-0044,福岡市中央区六本松四丁目１１番３１号,華秋ビル１Ｆ,092-516-1607,三九酒場けごむす　六本松店,飲食店営業,一般食堂,福,中保衛,32010871,2027/3/31,2021/3/3,2021/3/3
,810-0022,福岡市中央区薬院一丁目９番１５号,相原ビル１０２,092-752-1002,小料理大石,飲食店営業,一般食堂,福,中保衛,32020481,2027/3/31,2021/3/3,2015/2/19
,810-0004,福岡市中央区渡辺通四丁目８番２８号,ＦＴビル　Ｂ１,092-721-0057,ヴェローナ,飲食店営業,一般食堂,福,中保衛,32020483,2027/3/31,2021/3/3,1997/1/21
株式会社極東フーズコーポレーション,810-0034,福岡市中央区笹丘一丁目２８番７４号,イオンスタイル笹丘店Ｂ１Ｆ,092-735-4455,ミスタードーナツイオンスタイル笹丘ショップ,飲食店営業,一般食堂,福,中保衛,32020482,2027/3/31,2021/3/3,2009/2/26
株式会社ＳＭＩＬＥ　ＰＲＥＳＥＮＴＳ,810-0066,福岡市中央区福浜一丁目１４番１７号,,,ＳＭＡＰＲＥ　ＰＬＵＳ,菓子製造業,一般,福,中保衛,32050130,2027/3/31,2021/3/3,2021/3/3
株式会社ｏｄｄ　ｌｉｔ　ｃｒｏｗｄ,810-0011,福岡市中央区高砂二丁目６番２０号,高砂コーポ１Ｆ,,餃子とＢａｒ　我儘ギャングスタ,飲食店営業,一般食堂,福,中保衛,32010891,2027/3/31,2021/3/3,2021/3/3
株式会社福岡給食,811-1347,福岡市南区野多目五丁目３１番１号,,092-566-7865,福翔高校食堂,飲食店営業,一般食堂,福,南保衛,32020163,2027/3/31,2021/3/3,1997/3/11
株式会社ジェイ・エス・ビー・フードサービス,815-0033,福岡市南区大橋二丁目２９番１８号,,,ＵｎｉＡｐａｒｔｎｅｒⅥ番館,飲食店営業,一般食堂,福,南保衛,32010172,2027/3/31,2021/3/3,2021/3/3
株式会社福岡給食,814-0155,福岡市城南区東油山四丁目２０番１号,,092-873-0300,博多工業高校食堂,飲食店営業,一般食堂,福,城保衛,32020077,2027/3/31,2021/3/3,1997/3/24
有限会社　タカハシミート,819-0165,福岡市西区今津７４７番地,,092-807-8711,有限会社　タカハシミート,食肉販売業,一般,福,西保衛,32340017,2027/3/31,2021/3/3,1993/2/5
株式会社のこのしま自然農園,819-0012,福岡市西区能古５１６番地１,,092-891-5367,のこのしま,飲食店営業,一般食堂,福,西保衛,32010110,2027/3/31,2021/3/3,2021/3/3
,813-0003,福岡市東区香住ケ丘六丁目２８番３３号,,092-661-8717,食と酒 輝鶏,飲食店営業,一般食堂,福,東保衛,32010213,2027/3/31,2021/3/4,2021/3/4
,813-0013,福岡市東区香椎駅前三丁目４番２６号,,092-710-9607,月ｍａｒｕ,飲食店営業,一般食堂,福,東保衛,32010205,2027/3/31,2021/3/4,2021/3/4
,812-0026,福岡市博多区上川端町４番２０１号,太田ビル　１Ｆ,092-271-4518,やきとり　祇園本陣,飲食店営業,一般食堂,福,博保衛,32010727,2027/3/31,2021/3/4,2021/3/4
株式会社　マルキョウ,812-0042,福岡市博多区豊一丁目２番５号,,092-472-4900,（株）マルキョウ空港通り豊店,飲食店営業,弁当屋,福,博保衛,32010689,2027/3/31,2021/3/4,2021/3/4
株式会社　マルキョウ,812-0042,福岡市博多区豊一丁目２番５号,,092-472-4900,（株）マルキョウ空港通り豊店,菓子製造業,一般,福,博保衛,32050045,2027/3/31,2021/3/4,2021/3/4
株式会社　魚国総本社,812-0018,福岡市博多区住吉五丁目２０番５号,,092-233-1645,魚国総本社・福岡２９１８５１,飲食店営業,一般食堂,福,博保衛,32020530,2027/3/31,2021/3/4,2015/3/19
,,福岡市内一円,,,みずきグループ,菓子製造業,仮設(仮設営業),福,博保衛,32720003,2026/3/31,2021/3/4,2001/1/9
,812-0036,福岡市博多区上呉服町１１番２１２号,,092-281-0380,まりも本店,飲食店営業,一般食堂,福,博保衛,32020534,2027/3/31,2021/3/4,2015/1/6
,810-0801,福岡市博多区中洲四丁目１番１９号,人形小路内,092-271-0248,カフェバージョイント,飲食店営業,バー,福,博保衛,32020532,2027/3/31,2021/3/4,2009/3/19
,810-0801,福岡市博多区中洲四丁目１番３０号,ＥＳＰＡＣＥ中洲　１階,092-409-1302,元祖中洲そうめん　臣屋,飲食店営業,一般食堂,福,博保衛,32020533,2027/3/31,2021/3/4,2015/2/18
株式会社　魚国総本社,812-0011,福岡市博多区博多駅前三丁目３番３号,,092-471-7116,魚国総本社・福岡２９１５２７,飲食店営業,一般食堂,福,博保衛,32020529,2027/3/31,2021/3/4,2003/3/27
株式会社グッド・ファミリー,810-0023,福岡市中央区警固二丁目１３番１６号,,092-726-8055,ファミリーマート警固二丁目店,飲食店営業,一般食堂,福,中保衛,32020487,2027/3/31,2021/3/4,2015/1/16
株式会社　ツンドラ,810-0041,福岡市中央区大名二丁目７番１１号,,092-751-7028,ツンドラ,飲食店営業,レストラン,福,中保衛,32020493,2027/3/31,2021/3/4,1973/3/31
,810-0041,福岡市中央区大名二丁目１番５１号,マウンテン５ビル７Ｆ－Ｃ号,092-731-1235,Ｂａｒ　Ｄ,飲食店営業,一般食堂,福,中保衛,32020492,2027/3/31,2021/3/4,2015/2/27
,810-0022,福岡市中央区薬院四丁目１番９号,堤ビル４Ｆ,,醸,飲食店営業,一般食堂,福,中保衛,32020491,2027/3/31,2021/3/4,2015/2/16
,810-0011,福岡市中央区高砂一丁目２１番２６号,,092-531-7344,美つ蜂,飲食店営業,一般食堂,福,中保衛,32020490,2027/3/31,2021/3/4,2009/4/1
,810-0074,福岡市中央区大手門二丁目９番１７号,ＹＪＫビル　１Ｆ,092-737-5410,十石かじはら,飲食店営業,一般食堂,福,中保衛,32020488,2027/3/31,2021/3/4,2015/1/28
,810-0041,福岡市中央区大名一丁目８番４２号,エトス大名１Ｆ,092-752-7400,奄美のゆらい処　語久庵～ごくい～,飲食店営業,一般食堂,福,中保衛,32020486,2027/3/31,2021/3/4,2009/2/6
,810-0002,福岡市中央区西中洲５番３４号,ホワイトビル　２Ｆ,092-726-6298,スナック　Ｒｙｕ,飲食店営業,バー,福,中保衛,32020485,2027/3/31,2021/3/4,2015/1/8
,810-0063,福岡市中央区唐人町一丁目６番１９号,サンエスビル１０１,,Ｐａｒｆｕｍ　ｄｕ　ｖｉｎ,飲食店営業,一般食堂,福,中保衛,32020484,2027/3/31,2021/3/4,2015/3/24
株式会社　八洋フーズ,810-0071,福岡市中央区那の津三丁目７番７号,,092-741-3280,株式会社　八洋フーズ,そうざい製造業,なし,福,中保衛,32580010,2027/3/31,2021/3/4,1984/3/13
株式会社　八洋フーズ,810-0071,福岡市中央区那の津三丁目７番７号,,092-741-3280,株式会社　八洋フーズ,食品の冷凍又は冷蔵業,なし,福,中保衛,32200006,2027/3/31,2021/3/4,1989/3/17
株式会社　八洋フーズ,810-0071,福岡市中央区那の津三丁目７番７号,,092-712-0231,株式会社　八洋フーズ,めん類製造業,一般,福,中保衛,32560002,2027/3/31,2021/3/4,2003/3/10
,810-0004,福岡市中央区渡辺通五丁目１番１１－１号,山仁荘,092-771-1569,エ　リュクス,飲食店営業,バー,福,中保衛,32010886,2027/3/31,2021/3/4,2021/3/4
有限会社Ｓｈｉｎ－Ｓｈｉｎ,810-0001,福岡市中央区天神二丁目１１番１号,福岡パルコ　Ｂ１階,092-235-7393,博多らーめんＳｈｉｎ－Ｓｈｉｎ,飲食店営業,一般食堂,福,中保衛,32010865,2027/3/31,2021/3/4,2021/3/4
株式会社オレンジフードコート,810-0065,福岡市中央区地行浜二丁目２番２号,,092-844-4625,ピザクックエクスプレス,飲食店営業,一般食堂,福,中保衛,32020489,2027/3/31,2021/3/4,2015/2/20
株式会社オレンジフードコート,810-0065,福岡市中央区地行浜二丁目２番２号,ヤフオクドーム内,092-844-4625,うまかもんストリート（屋台村）,そうざい製造業,なし,福,中保衛,32580011,2027/3/31,2021/3/4,2015/3/20
合同会社We－ｄ,810-0021,福岡市中央区今泉一丁目７番２１号,２階,,VapeMania　Fukuoka,菓子製造業,一般,福,中保衛,32050131,2027/3/31,2021/3/4,2021/3/4
,815-0063,福岡市南区柳河内二丁目１１番４１号,,,ファミリーマート福岡柳河内二丁目店,飲食店営業,一般食堂,福,南保衛,32010155,2027/3/31,2021/3/4,2021/3/4
九州丸一食品株式会社,815-0031,福岡市南区清水四丁目８番８号,,092-511-8051,九州丸一食品株式会社,魚介類販売業,冷凍魚介類,福,南保衛,32140026,2027/3/31,2021/3/4,2003/3/4
,814-0104,福岡市城南区別府三丁目４番３０号,,092-851-6566,旬工房　なる家,飲食店営業,一般食堂,福,城保衛,32020081,2027/3/31,2021/3/4,2015/1/20
,814-0133,福岡市城南区七隈七丁目５番３０号,,092-864-6351,デリカミニ（ｄｅｌｉｃａ ｍｉｎｉ）,飲食店営業,一般食堂,福,城保衛,32020079,2027/3/31,2021/3/4,1985/2/20
株式会社プライム福岡,814-0002,福岡市早良区西新五丁目２番３５号　１F,,092-832-7377,うえすたん西新店,飲食店営業,一般食堂,福,早保衛,32010169,2027/3/31,2021/3/4,2021/3/4
,,福岡市東区香椎駅前一丁目１７番２４号,,092-662-1370,和みや,飲食店営業,一般食堂,福,東保衛,32020180,2027/3/31,2021/3/5,2015/3/25
,813-0013,福岡市東区香椎駅前一丁目１８番３７号,,092-681-7831,スナック ごっこ,飲食店営業,一般食堂,福,東保衛,32020181,2027/3/31,2021/3/5,2015/1/30
,813-0062,福岡市東区松島五丁目２９番２８号,,092-621-6288,インドカレー　スラジュ,飲食店営業,一般食堂,福,東保衛,32010169,2027/3/31,2021/3/5,2021/3/5
,812-0018,福岡市博多区住吉一丁目６番１４号,２Ａ,092-409-6086,春,飲食店営業,バー,福,博保衛,32010730,2027/3/31,2021/3/5,2021/3/5
有限会社　もつ幸,812-0024,福岡市博多区綱場町７番１４号,,092-291-5046,もつ幸,食品の冷凍又は冷蔵業,なし,福,博保衛,32190017,2027/3/31,2021/3/5,2021/3/5
有限会社　もつ幸,812-0024,福岡市博多区綱場町７番１４号,,092-291-5046,もつ幸,そうざい製造業,なし,福,博保衛,32570023,2027/3/31,2021/3/5,2021/3/5
,812-0885,福岡市博多区相生町三丁目２番３２号,東拓三番館　２Ｆ,,鉄板焼　竜生,飲食店営業,一般食堂,福,博保衛,32010712,2027/3/31,2021/3/5,2021/3/5
,812-0044,福岡市博多区千代三丁目６番３－１０１号,,092-631-0306,まつばら,飲食店営業,一般食堂,福,博保衛,32020535,2027/3/31,2021/3/5,2009/2/9
,810-0801,福岡市博多区中洲二丁目４番２０号,第２１ポールスタービル　２階,092-263-0146,ぷーさんはいぶ,飲食店営業,一般食堂,福,博保衛,32020538,2027/3/31,2021/3/5,1997/1/28
有限会社　プランニング響,812-0038,福岡市博多区祇園町４番１０号,祗園ライフビル　１Ｆ,092-282-2911,豚のまんま,飲食店営業,一般食堂,福,博保衛,32020536,2027/3/31,2021/3/5,2009/1/6
,810-0801,福岡市博多区中洲四丁目３番８号,中山第一ビル福岡　３階　３０１号,092-262-3282,すなっく　もも,飲食店営業,一般食堂,福,博保衛,32020543,2027/3/31,2021/3/5,2009/3/13
有限会社　トクプロジェクト,812-0018,福岡市博多区住吉一丁目６番６号,メゾンドジョイナス　２Ｆ,092-272-2109,博多もつ鍋　いっとく家　キャナルシティ博多前店,飲食店営業,一般食堂,福,博保衛,32020537,2027/3/31,2021/3/5,2009/2/24
ＪＲ九州ファーストフーズ株式会社,812-0013,福岡市博多区博多駅東二丁目３番１号,ＮＴＴビル東館　１Ｆ,092-432-8577,シアトルズベストコーヒー　博多筑紫口店,飲食店営業,一般食堂,福,博保衛,32020544,2027/3/31,2021/3/5,2009/3/24
株式会社　西日本吉野家,812-0896,福岡市博多区東光寺町一丁目５番２号,,092-415-3041,吉野家　東光寺店,飲食店営業,一般食堂,福,博保衛,32020541,2027/3/31,2021/3/5,1997/3/26
株式会社　西日本吉野家,812-0022,福岡市博多区神屋町９番１４号,,092-282-1515,吉野家　築港本町店,飲食店営業,一般食堂,福,博保衛,32020542,2027/3/31,2021/3/5,1997/3/28
株式会社　１＆Ｄ,810-0801,福岡市博多区中洲四丁目６番１２号,プラート中洲　４階,092-291-3329,ワンカルビＰＲＥＭＩＵＭ　中洲,飲食店営業,一般食堂,福,博保衛,32020540,2027/3/31,2021/3/5,2015/2/17
,810-0004,福岡市中央区渡辺通三丁目６番２３号,ラコルタ天神１０１,,ＢＡＲ　ＶＡＬＩＮＣＨ,飲食店営業,バー,福,中保衛,32020496,2027/3/31,2021/3/5,2015/3/23
有限会社　餃子李,810-0022,福岡市中央区薬院三丁目１番１１号,,092-531-1456,餃子李,飲食店営業,一般食堂,福,中保衛,32020502,2027/3/31,2021/3/5,1992/1/10
株式会社スポットライト,810-0001,福岡市中央区天神二丁目３番５号,ジャンティグリ　３Ｆ,092-713-8686,歌謡曲ＢＡＲ　スポットライト,飲食店営業,一般食堂,福,中保衛,32020504,2027/3/31,2021/3/5,2009/1/16
学校法人中村専修学園,810-0014,福岡市中央区平尾二丁目１番２１号,,092-523-0411,中村調理製菓専門学校１号館１階,飲食店営業,一般食堂,福,中保衛,32020498,2027/3/31,2021/3/5,2009/3/27
学校法人中村専修学園,810-0014,福岡市中央区平尾二丁目１番２１号,,092-523-0411,中村調理製菓専門学校３号館７階,飲食店営業,一般食堂,福,中保衛,32020499,2027/3/31,2021/3/5,2009/3/27
学校法人中村専修学園,810-0014,福岡市中央区平尾二丁目１番２１号,,092-523-0411,中村調理製菓専門学校１号館３階,菓子製造業,一般,福,中保衛,32060030,2027/3/31,2021/3/5,2009/3/27
学校法人中村専修学園,810-0014,福岡市中央区平尾二丁目１番２１号,,092-523-0411,中村調理製菓専門学校１号館２階,菓子製造業,一般,福,中保衛,32060031,2027/3/31,2021/3/5,2009/3/27
株式会社　辻商,810-0004,福岡市中央区渡辺通二丁目１番８２号,電気ビル共創館地下１階,092-726-7070,ローソン電気ビル共創館,飲食店営業,一般食堂,福,中保衛,32020497,2027/3/31,2021/3/5,2015/4/1
有限会社拓新商事,810-0035,福岡市中央区梅光園一丁目３番１３号,１Ｆ,092-716-7229,（有）拓新商事,食肉販売業,一般,福,中保衛,32330126,2027/3/31,2021/3/5,2021/3/5
,810-0012,福岡市中央区白金一丁目１番１２号,アサリコーポラス２０１,,Ｐｏｒｔｅ,菓子製造業,一般,福,中保衛,32050132,2027/3/31,2021/3/5,2021/3/5
株式会社Ｃ．Ｆ．Ｃ．ｃｏｍｐａｎｙ,810-0021,福岡市中央区今泉一丁目１２番８号,ＱＲビル１Ｆ,,博多一口餃子たけとら今泉店,飲食店営業,一般食堂,福,中保衛,32020503,2027/3/31,2021/3/5,2015/3/25
株式会社エンジョイ・マーケティング,810-0041,福岡市中央区大名一丁目３番２３号,葵ビル１Ｆ,092-600-0166,すし酒場さじ,飲食店営業,一般食堂,福,中保衛,32010894,2027/3/31,2021/3/5,2021/3/5
株式会社　西鉄ストア,810-0004,福岡市中央区渡辺通二丁目６番１号,西鉄薬院駅ビル１階,092-741-2851,ミスタードーナツ西鉄薬院店,飲食店営業,一般食堂,福,中保衛,32020501,2027/3/31,2021/3/5,2003/1/21
株式会社季のせ,815-0033,福岡市南区大橋三丁目２６番８号,,,ひつじや,菓子製造業,一般,福,南保衛,32050025,2027/3/31,2021/3/5,2021/3/5
株式会社季のせ,815-0033,福岡市南区大橋三丁目２６番８号,,,ひつじや,飲食店営業,一般食堂,福,南保衛,32010171,2027/3/31,2021/3/5,2021/3/5
はかた唐吉商事株式会社,815-0075,福岡市南区長丘二丁目２５番１－１０３号,,092-408-5250,からきち長丘店,飲食店営業,弁当屋,福,南保衛,32010166,2027/3/31,2021/3/5,2021/3/5
,811-1364,福岡市南区中尾二丁目１２番１８号,,092-541-3303,牛庵,喫茶店営業,一般,福,南保衛,32240010,2027/3/31,2021/3/5,2003/3/3
,814-0133,福岡市城南区七隈四丁目１番１１号,,092-871-7090,鳥精,飲食店営業,一般食堂,福,城保衛,32020082,2027/3/31,2021/3/5,2015/2/20
株式会社ミールマックス,814-0031,福岡市早良区南庄一丁目１８番３号,,092-843-6730,ミールアソシエ南庄,飲食店営業,一般食堂,福,早保衛,32010167,2027/3/31,2021/3/5,2021/3/5
,814-0022,福岡市早良区原一丁目３９番１２号　２Ｆ,,,ｃａｆｅ＆ｂａｒ　ＶＥＧＡ,飲食店営業,一般食堂,福,早保衛,32010166,2027/3/31,2021/3/5,2021/3/5
株式会社雅,819-0041,福岡市西区拾六町一丁目４番１２号,,092-882-7776,やま屋ミート,食肉販売業,一般,福,西保衛,32330026,2027/3/31,2021/3/5,2021/3/5
株式会社雅,819-0041,福岡市西区拾六町一丁目４番１２号,,092-882-7776,やま屋ミート,飲食店営業,そうざい,福,西保衛,32010112,2027/3/31,2021/3/5,2021/3/5
株式会社雅,819-0041,福岡市西区拾六町一丁目４番１２号,,092-882-7776,やま屋ミート,めん類製造業,一般,福,西保衛,32550001,2027/3/31,2021/3/5,2021/3/5
,813-0013,福岡市東区香椎駅前一丁目１２番３号,フォレストタウン３Ｆ－Ａ号室,,好好天津飯,飲食店営業,一般食堂,福,東保衛,32010203,2027/3/31,2021/3/7,2021/3/7
株式会社華かごフーズ,812-0053,福岡市東区箱崎四丁目６番２１号,,092-632-4092,浜秀,飲食店営業,一般食堂,福,東保衛,32010211,2027/3/31,2021/3/8,2021/3/8
西日本メディカルフード株式会社,812-0063,福岡市東区原田一丁目４１番１号,,092-623-6525,サンシャイン,飲食店営業,一般食堂,福,東保衛,32010207,2027/3/31,2021/3/8,2021/3/8
,810-0801,福岡市博多区中洲二丁目６番１２号,第５ラインビル　２階　２０１号,092-291-6488,メンバーズ　ピュア　ロマネス,飲食店営業,カフェー,福,博保衛,32010752,2027/3/31,2021/3/8,2021/3/8
,,福岡市内一円,,,欧風ライスカレーＫｅｎ’ｓ,飲食店営業,移動Ｂ,福,博保衛,32020552,2026/3/31,2021/3/8,2016/3/15
,810-0801,福岡市博多区中洲二丁目６番２３号,コウフクビル　１階,092-262-3440,ＢＡＲ　ＳＥＮＤＡ,飲食店営業,一般食堂,福,博保衛,32020551,2027/3/31,2021/3/8,2009/2/24
株式会社　ワイズテーブルコーポレーション,812-0012,福岡市博多区博多駅中央街４番４号,博多グリーンホテル１号館,092-433-6465,ＳａｌｖａｔｏｒｅＣｕｏｍｏ市場博多,飲食店営業,一般食堂,福,博保衛,32020545,2027/3/31,2021/3/8,2015/1/22
,812-0024,福岡市博多区綱場町５番２４号,,092-272-0555,喰しん房　松むら,飲食店営業,一般食堂,福,博保衛,32020547,2027/3/31,2021/3/8,2015/1/5
,812-0044,福岡市博多区千代三丁目４５番１－１１６号,,092-641-6484,居酒屋　一休,飲食店営業,一般食堂,福,博保衛,32020548,2027/3/31,2021/3/8,2009/2/9
株式会社　サスラリガラ,812-0013,福岡市博多区博多駅東二丁目１５番２０号,稲西福岡ビル　２Ｆ,,アジアンカレーと焼き鳥　サスラリガラ博多店,飲食店営業,一般食堂,福,博保衛,32010734,2027/3/31,2021/3/8,2021/3/8
株式会社　ＬＡＮＤＩＣ,812-0017,福岡市博多区美野島三丁目１５番２号,,092-409-7872,Ｌ　ｄｏｃｈｕ／ｃａｆｅ　１ＬＤＫ,飲食店営業,主として喫茶,福,博保衛,32010705,2027/3/31,2021/3/8,2021/3/8
株式会社　ＬＡＮＤＩＣ,812-0017,福岡市博多区美野島三丁目１５番２号,,092-409-7872,Ｌ　ｄｏｃｈｕ／ｃａｆｅ　１ＬＤＫ,菓子製造業,一般,福,博保衛,32050048,2027/3/31,2021/3/8,2021/3/8
株式会社　アルリン,812-0041,福岡市博多区吉塚一丁目１１番１２号,,,モ：モ＆ジィルハウス,飲食店営業,一般食堂,福,博保衛,32010733,2027/3/31,2021/3/8,2021/3/8
株式会社　平野,812-0011,福岡市博多区博多駅前二丁目７番３号,,092-481-1265,九州郷土料理わらび,飲食店営業,一般食堂,福,博保衛,32020549,2027/3/31,2021/3/8,2015/2/25
合同会社　ＭＩＮＩ　ＮＥＰＡＬ,812-0041,福岡市博多区吉塚五丁目１番２号,,092-710-5059,合同会社ＭＩＮＩ　ＮＥＰＡＬ,食肉販売業,一般,福,博保衛,32330129,2027/3/31,2021/3/8,2021/3/8
株式会社　ＨＫジャパン,,福岡市内一円,,092-473-4747,欧風ライスカレー　ｋｅｎ’ｓ,飲食店営業,仮設(仮設営業),福,博保衛,32680028,2026/3/31,2021/3/8,2006/1/4
,,福岡市内一円,,,Ｓａｌｕｔｅ　Ｆｏｏｄ　Ｔｒｕｃｋ,飲食店営業,移動Ａ,福,博保衛,32010534,2026/3/31,2021/3/8,2021/3/8
,810-0002,福岡市中央区西中洲３番２６号,西中洲アスコットテラス４階,092-752-3344,キンキ－ボックス,飲食店営業,一般食堂,福,中保衛,32020508,2027/3/31,2021/3/8,2015/2/5
,810-0034,福岡市中央区笹丘一丁目３５番３号,,092-405-3040,古賀友庵,そうざい製造業,なし,福,中保衛,32580013,2027/3/31,2021/3/8,2009/2/10
,810-0073,福岡市中央区舞鶴二丁目７番１号,ライオンズマンション舞鶴第３　１０８号,092-712-8990,Ｂｅｅｆ＆Ｓｅａｆｏｏｄ　くら重,飲食店営業,レストラン,福,中保衛,32020507,2027/3/31,2021/3/8,1997/1/30
,810-0003,福岡市中央区春吉一丁目１６番８号,ベガ天神南ビル１Ｆ,092-725-9065,さざれ,飲食店営業,一般食堂,福,中保衛,32020512,2027/3/31,2021/3/8,2015/1/20
,810-0021,福岡市中央区今泉二丁目４番３６号,ＴＩＯ今泉　５Ｆ,,和酒処　小料理　酒幸,飲食店営業,一般食堂,福,中保衛,32010851,2027/3/31,2021/3/8,2021/3/8
,810-0041,福岡市中央区大名一丁目７番１０号,ワコウハイツ２０３,092-518-2349,Ｂａｒ　Ｓｐｅａｋ　Ｅａｓｙ,飲食店営業,バー,福,中保衛,32010911,2027/3/31,2021/3/8,2021/3/8
,810-0003,福岡市中央区春吉一丁目１番１０号,,092-761-1623,新,魚介類販売業,一般,福,中保衛,32140031,2027/3/31,2021/3/8,1981/3/5
株式会社弘商,810-0001,福岡市中央区天神二丁目１１番１号,パルコ福岡店Ｂ１Ｆ,092-235-7377,博多天ぷら　たかお,飲食店営業,一般食堂,福,中保衛,32020510,2027/3/31,2021/3/8,2015/3/16
株式会社　西鉄ストア,810-0004,福岡市中央区渡辺通二丁目６番１号,,092-711-7110,ドトールコーヒーショップ薬院駅店,飲食店営業,一般食堂,福,中保衛,32020509,2027/3/31,2021/3/8,2009/2/27
ロイヤルコントラクトサービス株式会社,810-0051,福岡市中央区大濠公園１番３号,１Ｆ,092-406-4271,ロイヤルガーデンカフェ大濠公園　（パークショップも含む）,飲食店営業,一般食堂,福,中保衛,32020505,2027/3/31,2021/3/8,2015/1/15
株式会社クレバー,815-0035,福岡市南区向野一丁目３番１６号,Ｒ－ＢＬＤＧ１０２号,,ＨＩＧＨ　ＧＲＯＷＴＨ,飲食店営業,一般食堂,福,南保衛,32010142,2027/3/31,2021/3/8,2021/3/8
株式会社丸宗ミート,811-1321,福岡市南区柳瀬一丁目３２番１１号,,092-582-4381,（株）丸宗ミート,食肉販売業,一般,福,南保衛,32340022,2027/3/31,2021/3/8,1997/3/13
,814-0121,福岡市城南区神松寺三丁目１番４５号,,092-874-2706,SNACK　ROSE,飲食店営業,一般食堂,福,城保衛,32020083,2027/3/31,2021/3/8,2003/2/14
,814-0033,福岡市早良区有田七丁目１４番１３号,,092-823-1221,スナック畦道,飲食店営業,一般食堂,福,早保衛,32020197,2027/3/31,2021/3/8,2003/2/25
,813-0034,福岡市東区多の津一丁目１３番１号,,092-621-1346,弁当 わらべ,飲食店営業,弁当屋,福,東保衛,32020182,2027/3/31,2021/3/9,2015/3/13
株式会社ＴＡＩＣＨＩ,813-0044,福岡市東区千早三丁目６番３７号,ガーデンズ千早１階,,ＫＥＹ’Ｓ ＣＡＦÉ 福岡千早店,飲食店営業,一般食堂,福,東保衛,32010198,2027/3/31,2021/3/9,2021/3/9
,812-0017,福岡市博多区美野島二丁目３番３５号,,092-473-7605,新華園,飲食店営業,一般食堂,福,博保衛,32020563,2027/3/31,2021/3/9,2003/1/7
,812-0016,福岡市博多区博多駅南一丁目３番１１号,博多南ビル　Ｂ１Ｆ,092-412-6665,浜ちゃんうどん,飲食店営業,一般食堂,福,博保衛,32020562,2027/3/31,2021/3/9,1997/3/24
,812-0012,福岡市博多区博多駅中央街１番１号,ＪＲ博多シティ　９Ｆ,092-473-1046,ＭＹＭＯＮ　一木庵,飲食店営業,一般食堂,福,博保衛,32020554,2027/3/31,2021/3/9,2015/1/19
,810-0801,福岡市博多区中洲三丁目７番１０号,若松ビル　２階　Ｆ号室,,Ｇｏｄｆａｔｈｅｒ,飲食店営業,バー,福,博保衛,32020557,2027/3/31,2021/3/9,2015/3/12
日清医療食品　株式会社,812-0044,福岡市博多区千代一丁目１番５５号,,092-292-1168,アットホーム福岡事業所,飲食店営業,一般食堂,福,博保衛,32020558,2027/3/31,2021/3/9,2015/3/17
イオン九州　株式会社,812-0038,福岡市博多区祇園町７番２０号,,092-263-4741,マックスバリュEX博多祇園店（惣菜）,飲食店営業,そうざい,福,博保衛,32020560,2027/3/31,2021/3/9,2009/2/24
イオン九州　株式会社,812-0038,福岡市博多区祇園町７番２０号,,092-263-4741,マックスバリュEX博多祇園店（寿司・米飯）,飲食店営業,弁当屋,福,博保衛,32020561,2027/3/31,2021/3/9,2009/2/24
イオン九州　株式会社,812-0038,福岡市博多区祇園町７番２０号,,092-263-4741,マックスバリュEX博多祇園店（焼魚）,飲食店営業,そうざい,福,博保衛,32020559,2027/3/31,2021/3/9,2009/2/24
イオン九州　株式会社,812-0038,福岡市博多区祇園町７番２０号,,092-263-4741,マックスバリュEX博多祇園店,菓子製造業,簡易,福,博保衛,32060017,2027/3/31,2021/3/9,2009/2/24
イオン九州　株式会社,812-0038,福岡市博多区祇園町７番２０号,,092-263-4741,マックスバリュEX博多祇園店,食肉販売業,一般,福,博保衛,32340041,2027/3/31,2021/3/9,2009/2/24
イオン九州　株式会社,812-0038,福岡市博多区祇園町７番２０号,,092-263-4741,マックスバリュEX博多祇園店,魚介類販売業,一般,福,博保衛,32140045,2027/3/31,2021/3/9,2009/2/24
株式会社　福岡サンパレス,810-0801,福岡市博多区中洲二丁目４番２０号,,092-281-7452,宝雲亭,飲食店営業,一般食堂,福,博保衛,32020556,2027/3/31,2021/3/9,1989/1/11
,810-0024,福岡市中央区桜坂一丁目３番２８号,桜坂ハウス２２,,アトリエ桜坂　ＡＺＵＬ,菓子製造業,一般,福,中保衛,32060033,2027/3/31,2021/3/9,2015/3/3
有限会社　大石商店,810-0072,福岡市中央区長浜三丁目１４番５号,福岡冷蔵（株）内,092-711-6491,有限会社　大石商店,魚介類販売業,冷凍魚介類,福,中保衛,32140032,2027/3/31,2021/3/9,2003/2/21
有限会社　なかしま,810-0001,福岡市中央区天神一丁目４番１号,博多大丸西館８Ｆ,092-733-8029,博多大丸社員食堂,飲食店営業,一般食堂,福,中保衛,32020514,2027/3/31,2021/3/9,1997/3/28
有限会社　一実,810-0001,福岡市中央区天神二丁目８番１２４号,２Ｆ,092-751-9084,喫茶一実,飲食店営業,主として喫茶,福,中保衛,32020520,2027/3/31,2021/3/9,2009/2/2
,810-0004,福岡市中央区渡辺通五丁目１５番２２号,,092-741-1288,山庄,飲食店営業,一般食堂,福,中保衛,32020519,2027/3/31,2021/3/9,1977/2/24
,810-0001,福岡市中央区天神三丁目４番１４号,高栄ビル　３Ｆ,,Ｔｒａｎｓｆｏｒｍ,飲食店営業,一般食堂,福,中保衛,32020518,2027/3/31,2021/3/9,2015/1/8
,810-0011,福岡市中央区高砂一丁目２２番９号,,092-526-4504,蕎喰　いまとみ,飲食店営業,そば屋,福,中保衛,32020517,2027/3/31,2021/3/9,2003/2/20
,810-0062,福岡市中央区荒戸一丁目３番１８号,井原コーポ１０３,092-210-1966,串揚げ　ＩＮＧ,飲食店営業,一般食堂,福,中保衛,32020516,2027/3/31,2021/3/9,2015/2/3
,810-0001,福岡市中央区天神四丁目６番３１号,中上ビル１階,,立ち呑み処　結,飲食店営業,バー,福,中保衛,32010873,2027/3/31,2021/3/9,2021/3/9
株式会社ライダーズカフェ,810-0021,福岡市中央区今泉一丁目２０番１７号,,092-751-2663,ライダーズカフェ天神店,飲食店営業,一般食堂,福,中保衛,32010916,2027/3/31,2021/3/9,2021/3/9
有限会社ジャンカラ九州,810-0002,福岡市中央区西中洲１１番５号,Ｍビル西中洲,,ジャンカラ　西中洲店,飲食店営業,一般食堂,福,中保衛,32010735,2027/3/31,2021/3/9,2021/3/9
,810-0005,福岡市中央区清川一丁目７番１２号,大戸ビル地下,092-522-1614,ブル・マーシャン,飲食店営業,一般食堂,福,中保衛,32020513,2027/3/31,2021/3/9,1980/1/23
スターバックスコーヒージャパン株式会社,810-0001,福岡市中央区天神二丁目１番１号,ソラリアターミナルビル３階,092-718-2033,スターバックスコーヒー,飲食店営業,主として喫茶,福,中保衛,32020521,2027/3/31,2021/3/9,2015/3/11
有限会社Ｋ・Ｕコーポレーション,810-0073,福岡市中央区舞鶴一丁目６番１号,ラフォーレ舞鶴１Ｆ,092-715-2577,ローソン福岡舞鶴交番前店,飲食店営業,一般食堂,福,中保衛,32010824,2027/3/31,2021/3/9,2021/3/9
,815-0032,福岡市南区塩原三丁目１１番２０号,,092-553-1320,ディキシー,飲食店営業,一般食堂,福,南保衛,32020167,2027/3/31,2021/3/9,1997/3/12
,815-0081,福岡市南区那の川二丁目４番２８号,岡部ビル１Ｆ,092-526-1290,餃子居酒屋那の川亭,飲食店営業,一般食堂,福,南保衛,32020166,2027/3/31,2021/3/9,2015/1/19
,815-0032,福岡市南区塩原三丁目２３番１号,九州中央病院入院棟１Ｆ,092-551-7831,エムズ　カフェ,飲食店営業,一般食堂,福,南保衛,32010180,2027/3/31,2021/3/9,2021/3/9
,815-0001,福岡市南区五十川二丁目２５番２１号,,,味処こうだ,飲食店営業,一般食堂,福,南保衛,32010178,2027/3/31,2021/3/9,2021/3/9
有限会社オーストリア菓子サイラー・ジャパン,815-0075,福岡市南区長丘二丁目１番５号,,092-551-7077,オーストリア菓子サイラー,菓子製造業,一般,福,南保衛,32060019,2027/3/31,2021/3/9,2003/2/27
日清医療食品株式会社,819-0025,福岡市西区石丸四丁目３番１号,,,白十字病院,飲食店営業,一般食堂,福,西保衛,32010109,2027/3/31,2021/3/9,2021/3/9
,811-0214,福岡市東区和白東二丁目１４番３５号,,092-606-1388,広島西条,飲食店営業,一般食堂,福,東保衛,32020183,2027/3/31,2021/3/10,2009/3/16
,813-0013,福岡市東区香椎駅前一丁目１２番３号,フォレストタウン４Ｆ,,酒と飯の店　トトト,飲食店営業,一般食堂,福,東保衛,32010204,2027/3/31,2021/3/10,2021/3/10
,813-0013,福岡市東区香椎駅前一丁目１２番３号,フォレストタウン４Ｆ,,Ｃｏｃｃｉ堂,飲食店営業,一般食堂,福,東保衛,32010212,2027/3/31,2021/3/10,2021/3/10
,812-0026,福岡市博多区上川端町１１番８号,,092-271-6640,バークレー,飲食店営業,一般食堂,福,博保衛,32020565,2027/3/31,2021/3/10,1984/3/30
,812-0026,福岡市博多区上川端町１番１０号,,,オレズマガラズ,飲食店営業,一般食堂,福,博保衛,32020564,2027/3/31,2021/3/10,2009/3/18
株式会社　ワークスエンタテイメント,812-0011,福岡市博多区博多駅前三丁目６番１号,２Ｆ－Ｂ号室,092-409-4651,はかた明治町精肉店,食肉販売業,一般,福,博保衛,32330135,2027/3/31,2021/3/10,2021/3/10
朝日給食サービス　株式会社,812-0045,福岡市博多区東公園８番１号,,092-651-3070,福岡市立千代小学校,飲食店営業,一般食堂,福,博保衛,32020566,2027/3/31,2021/3/10,2015/4/1
,810-0005,福岡市中央区清川三丁目１９番２号,,092-522-2285,みち,飲食店営業,一般食堂,福,中保衛,32020525,2027/3/31,2021/3/10,1985/3/5
,810-0003,福岡市中央区春吉三丁目１５番１２号,ジェンティーレ天神Ⅲ　１Ｆ,092-734-1055,やきとり喜鳥,飲食店営業,一般食堂,福,中保衛,32020524,2027/3/31,2021/3/10,2015/2/12
,810-0021,福岡市中央区今泉一丁目１８番１号,天神通り弐番館１Ｆ,092-718-7557,鎮座　タキビヤ。,飲食店営業,一般食堂,福,中保衛,32020532,2027/3/31,2021/3/10,2015/3/2
株式会社Ｍ＆Ｃｏ,810-0021,福岡市中央区今泉一丁目４番２３号,,092-717-3571,魚男,飲食店営業,一般食堂,福,中保衛,32020536,2027/3/31,2021/3/10,2009/1/21
,810-0022,福岡市中央区薬院二丁目１６番１号,ロマネスク薬院第３　１Ｆ,092-732-4588,ＯＧＡＳＡＷＡＲＡ,飲食店営業,一般食堂,福,中保衛,32020531,2027/3/31,2021/3/10,2009/3/17
株式会社キッズプロモーション,810-0033,福岡市中央区小笹五丁目１番１号,,,福岡市植物園　展望台カフェ,飲食店営業,一般食堂,福,中保衛,32020529,2027/3/31,2021/3/10,2015/3/12
,810-0001,福岡市中央区天神二丁目１２番１号,天神ビル　Ｂ１Ｆ,092-721-3289,マキシム,飲食店営業,一般食堂,福,中保衛,32020526,2027/3/31,2021/3/10,2009/1/2
,810-0061,福岡市中央区西公園１番５号,ハイネス西公園１Ｆ,092-724-8255,スタムティッシュ,飲食店営業,一般食堂,福,中保衛,32020533,2027/3/31,2021/3/10,1997/3/18
株式会社元フードシステム,810-0001,福岡市中央区天神一丁目４番１号,博多大丸東館５Ｆ,092-712-8181,華元,飲食店営業,そば屋,福,中保衛,32020528,2027/3/31,2021/3/10,1997/2/25
株式会社ＥＦＭ,810-0065,福岡市中央区地行浜二丁目２番１号,ＭＡＲＫ　ＩＳ　福岡ももち　１Ｆ,092-836-5811,大名ソフトクリーム,飲食店営業,一般食堂,福,中保衛,32010875,2027/3/31,2021/3/10,2021/3/10
株式会社ＥＦＭ,810-0065,福岡市中央区地行浜二丁目２番１号,ＭＡＲＫ　ＩＳ　福岡ももち　１Ｆ,092-836-5811,大名ソフトクリーム,菓子製造業,一般,福,中保衛,32050129,2027/3/31,2021/3/10,2021/3/10
株式会社西鉄ホテルズ,810-8587,福岡市中央区大名二丁目６番６０号,西鉄グランドホテルＢ１Ｆ,092-771-7171,Ｇ社員食堂,飲食店営業,一般食堂,福,中保衛,32020534,2027/3/31,2021/3/10,2015/3/31
株式会社西鉄ホテルズ,810-0001,福岡市中央区天神二丁目２番４３号,ソラリア西鉄ホテル９Ｆ,092-752-5555,Ｓ社員食堂,飲食店営業,一般食堂,福,中保衛,32020535,2027/3/31,2021/3/10,2015/3/31
,811-1302,福岡市南区井尻一丁目５番１号,,092-581-7531,寅魚鮮魚店,魚介類販売業,一般,福,南保衛,32140027,2027/3/31,2021/3/10,1983/2/19
株式会社インターナル,815-0035,福岡市南区向野二丁目１１番３号,谷郷ビル１Ｆ,092-562-7721,味自慢,飲食店営業,仕出し,福,南保衛,32020173,2027/3/31,2021/3/10,2009/2/19
,815-0033,福岡市南区大橋一丁目１８番１２号,,092-542-2945,セブンイレブン福岡大橋駅西店,飲食店営業,一般食堂,福,南保衛,32020169,2027/3/31,2021/3/10,1992/3/27
,815-0041,福岡市南区野間四丁目１８番３０号,,092-551-1055,セブン－イレブン　福岡野間大池店,飲食店営業,一般食堂,福,南保衛,32020174,2027/3/31,2021/3/10,2015/2/12
株式会社ヴォール,815-0083,福岡市南区高宮二丁目３番７号,エレガンス高宮１Ｆ,,ＧＯ　ＧＯ　ＢＡＲ　高宮店,飲食店営業,一般食堂,福,南保衛,32010160,2027/3/31,2021/3/10,2021/3/10
朝日給食サービス株式会社,815-0071,福岡市南区平和一丁目６番５５号,,092-531-8136,福岡市立西高宮小学校,飲食店営業,一般食堂,福,南保衛,32020171,2027/3/31,2021/3/10,2015/4/1
株式会社シン・コーポレーション,811-1302,福岡市南区井尻四丁目６番１６号,,092-502-2611,カラオケバンバン井尻店,飲食店営業,一般食堂,福,南保衛,32020172,2027/3/31,2021/3/10,2015/2/25
,811-1313,福岡市南区曰佐二丁目２７番２７－１０７号,,,ＦＵＫＵＭＥＮ,飲食店営業,一般食堂,福,南保衛,32010176,2027/3/31,2021/3/10,2021/3/10
,814-0143,福岡市城南区南片江五丁目１番２号,,,げん気,飲食店営業,一般食堂,福,城保衛,32010060,2027/3/31,2021/3/10,2021/3/10
,814-0171,福岡市早良区野芥二丁目１４番１０号,,092-519-9265,ｏｃｅａｎ　ｌａｔｏｒｙ　ｋｉｔｃｈｅｎ　ｃａｔ＆ｂａｒ,飲食店営業,一般食堂,福,早保衛,32010171,2027/3/31,2021/3/10,2021/3/10
,814-0171,福岡市早良区野芥四丁目４９番１６号,,092-862-3788,居酒屋　酔亭来しゃい,飲食店営業,一般食堂,福,早保衛,32010145,2027/3/31,2021/3/10,2021/3/10
,812-0013,福岡市博多区博多駅東二丁目８番１１号,,092-413-8918,スナック　中野,飲食店営業,一般食堂,福,博保衛,32020577,2027/3/31,2021/3/11,1992/2/14
,812-0016,福岡市博多区博多駅南三丁目１５番１号,,092-474-8266,とんとん,飲食店営業,一般食堂,福,博保衛,32020578,2027/3/31,2021/3/11,2009/1/29
,812-0014,福岡市博多区比恵町１２番１号,,092-411-7537,海賊船,飲食店営業,一般食堂,福,博保衛,32020569,2027/3/31,2021/3/11,1984/3/29
,812-0024,福岡市博多区綱場町８番１３号,木梨ビル　１階,092-281-2811,韓国家庭料理　韓味,飲食店営業,一般食堂,福,博保衛,32020579,2027/3/31,2021/3/11,2009/1/23
,812-0888,福岡市博多区板付五丁目１７番１２号,,092-573-8013,たなばた,飲食店営業,一般食堂,福,博保衛,32020570,2027/3/31,2021/3/11,2015/3/31
有限会社　伽昇,812-0026,福岡市博多区上川端町６番１３５号,,092-262-0010,伽りい本舗,飲食店営業,一般食堂,福,博保衛,32020568,2027/3/31,2021/3/11,2009/1/23
株式会社　グッド・ファミリー,812-0016,福岡市博多区博多駅南三丁目８番１号,,092-433-5051,ファミリーマート博多駅南三丁目店,飲食店営業,一般食堂,福,博保衛,32010753,2027/3/31,2021/3/11,2021/3/11
,812-0038,福岡市博多区祇園町８番１３号,第１プリンスビル　１Ｆ,092-261-5022,縁の日、氷の日。,飲食店営業,主として喫茶,福,博保衛,32010757,2027/3/31,2021/3/11,2021/3/11
,812-0884,福岡市博多区寿町三丁目３番３０号,,092-581-7702,スナック　ナポリ,飲食店営業,一般食堂,福,博保衛,32020571,2027/3/31,2021/3/11,2009/1/27
,812-0884,福岡市博多区寿町三丁目２番１号,,092-591-6385,あじ菜,飲食店営業,一般食堂,福,博保衛,32020573,2027/3/31,2021/3/11,1997/2/18
,812-0884,福岡市博多区寿町三丁目３番３０号,寿ビル　１Ｆ,092-593-2655,エンジェル,飲食店営業,一般食堂,福,博保衛,32020572,2027/3/31,2021/3/11,1997/3/24
,812-0011,福岡市博多区博多駅前三丁目２２番８号,,092-414-7725,ローソン博多駅明治公園店,飲食店営業,一般食堂,福,博保衛,32020567,2027/3/31,2021/3/11,2015/3/19
,810-0801,福岡市博多区中洲四丁目１番１号,あざみビル　１階,092-282-8008,Ｌｏｏｐ,飲食店営業,バー,福,博保衛,32020580,2027/3/31,2021/3/11,2009/2/17
一般社団法人日本福祉予防医療協会,812-0011,福岡市博多区博多駅前三丁目２９番９号,杉山ビル　２Ｆ,092-474-1023,ＣＨＡＮＧＥ＆スマイルカンパニー,菓子製造業,一般,福,博保衛,32060018,2027/3/31,2021/3/11,2015/4/1
,812-0011,福岡市博多区博多駅前二丁目９番２８号,福岡商工会議所　Ｂ１Ｆ,092-441-2578,にってん,飲食店営業,一般食堂,福,博保衛,32020576,2027/3/31,2021/3/11,1977/4/16
合同会社　流,810-0801,福岡市博多区中洲四丁目１番７号,中洲セントラルビル　１階　Ｂ号,092-409-3857,中洲　鮨割烹　流,飲食店営業,すし屋,福,博保衛,32010731,2027/3/31,2021/3/11,2021/3/11
株式会社　明治屋食品,812-0894,福岡市博多区諸岡三丁目２２番４２号,,092-586-1199,明治屋ジャンボ市　博多諸岡店,飲食店営業,そうざい,福,博保衛,32020574,2027/3/31,2021/3/11,2003/3/18
株式会社　明治屋食品,812-0894,福岡市博多区諸岡三丁目２２番４２号,,092-586-1199,明治屋ジャンボ市　博多諸岡店,食肉販売業,一般,福,博保衛,32340044,2027/3/31,2021/3/11,2003/3/18
株式会社　明治屋食品,812-0894,福岡市博多区諸岡三丁目２２番４２号,,092-586-1199,明治屋ジャンボ市　博多諸岡店,魚介類販売業,一般,福,博保衛,32140048,2027/3/31,2021/3/11,2003/3/18
株式会社　伸和,810-0801,福岡市博多区中洲二丁目１番１１号,プレイスポットしんばしビル　７階　７１０号,092-282-3505,スナックJOJO,飲食店営業,バー,福,博保衛,32010747,2027/3/31,2021/3/11,2021/3/11
,810-0004,福岡市中央区渡辺通三丁目８番８号,グリーンコーポラス１０２,092-781-3637,松,飲食店営業,バー,福,中保衛,32020540,2027/3/31,2021/3/11,2009/2/24
,810-0016,福岡市中央区平和三丁目１１番２号,,092-521-1591,味処　たけ,飲食店営業,一般食堂,福,中保衛,32020537,2027/3/31,2021/3/11,1985/3/8
,810-0073,福岡市中央区舞鶴一丁目６番２８号,エステートモア天神倶楽部２Ｆ,,きまぐれ魚酔,飲食店営業,一般食堂,福,中保衛,32020544,2027/3/31,2021/3/11,2015/3/2
,810-0044,福岡市中央区六本松一丁目３番１６号,,,いし原,飲食店営業,一般食堂,福,中保衛,32020539,2027/3/31,2021/3/11,2015/1/14
,810-0042,福岡市中央区赤坂三丁目１０番４９号,赤坂山愛マンション１０４,,ｉｌｅ,飲食店営業,バー,福,中保衛,32010931,2027/3/31,2021/3/11,2021/3/11
株式会社ＦＳＥ,810-0002,福岡市中央区西中洲１番４号,プロスペリタ西中洲Ⅱ　７Ｆ－Ｂ,,ＰＩＮＰＯＮ,飲食店営業,バー,福,中保衛,32010887,2027/3/31,2021/3/11,2021/3/11
イオン九州株式会社,810-0062,福岡市中央区荒戸一丁目１０番２０号,,092-781-0409,マックスバリュエクスプレス港町店,飲食店営業,弁当屋,福,中保衛,32020543,2027/3/31,2021/3/11,1997/2/27
株式会社アペックス西日本,810-0004,福岡市中央区渡辺通二丁目６番１号,,,ＮＴＴドコモ九州薬院駅ビル５Ｆ,喫茶店営業,自動販売機,福,中保衛,32240031,2027/3/31,2021/3/11,2003/3/17
株式会社アペックス西日本,810-0001,福岡市中央区天神一丁目４番１号,,092-711-5018,（株）西日本新聞会館１４階・南,喫茶店営業,自動販売機,福,中保衛,32240036,2027/3/31,2021/3/11,1989/2/17
株式会社アペックス西日本,810-0065,福岡市中央区地行浜二丁目２番３号,,,シーホークホテル　２Ｆ,喫茶店営業,自動販売機,福,中保衛,32240034,2027/3/31,2021/3/11,2015/2/20
株式会社アペックス西日本,810-0072,福岡市中央区長浜三丁目１４番２号,,,福岡市中央卸売市場　西卸売場棟２Ｆ,喫茶店営業,自動販売機,福,中保衛,32240030,2027/3/31,2021/3/11,2015/3/17
株式会社　平和台ホテル,810-0054,福岡市中央区今川一丁目４番２号,,092-732-5000,平和台ホテル５（さんく）,飲食店営業,旅館,福,中保衛,32020541,2027/3/31,2021/3/11,1992/3/21
野田ミート株式会社,811-1321,福岡市南区柳瀬一丁目３２番１１号,,092-573-5205,野田ミート（株）,食肉販売業,一般,福,南保衛,32340024,2027/3/31,2021/3/11,1992/3/25
株式会社リアン,815-0035,福岡市南区向野二丁目１０番３号,,092-512-2933,ペペチーノ大橋店,飲食店営業,一般食堂,福,南保衛,32020175,2027/3/31,2021/3/11,1997/3/11
,810-0801,福岡市博多区中洲二丁目２番１０号,中洲サンシービル　４階,092-282-5180,メンバーズ　ヒール,飲食店営業,バー,福,博保衛,32020582,2027/3/31,2021/3/12,2015/1/21
株式会社　フォーティツゥ,812-0017,福岡市博多区美野島一丁目１７番１３号,,,音℃,飲食店営業,一般食堂,福,博保衛,32010746,2027/3/31,2021/3/12,2021/3/12
株式会社　Ｆｏｏｄ　Ａｇｅｎｔ,812-0039,福岡市博多区冷泉町８番２１号,ひふみよベース冷泉　１Ｆ,092-272-0033,（株）Ｆｏｏｄ　Ａｇｅｎｔ,魚介類販売業,一般,福,博保衛,32130057,2027/3/31,2021/3/12,2021/3/12
株式会社　うみ,810-0801,福岡市博多区中洲三丁目４番６号,多門ビル’８３　５階　Ｅ号室,,Ｍｅｍｂｅｒｓ　うみ,飲食店営業,カフェー,福,博保衛,32010756,2027/3/31,2021/3/12,2021/3/12
株式会社　ジェイアール西日本フードサービスネット,,列車内（新幹線・博多～新大阪～博多）,,092-482-3340,みずほ・さくら５４４号～６０９号,飲食店営業,主として喫茶,福,博保衛,32020583,2027/3/31,2021/3/12,2015/1/30
株式会社　ジェイアール西日本フードサービスネット,,列車内（新幹線・博多～新大阪～博多）,,092-482-3340,みずほ・さくら５６８号～５４３号,飲食店営業,主として喫茶,福,博保衛,32020581,2027/3/31,2021/3/12,2015/1/30
株式会社　ジェイアール西日本フードサービスネット,,列車内（新幹線・博多～新大阪～博多）,,092-482-3340,みずほ・さくら５４６号～５６３号～５６８号～６０１号,飲食店営業,主として喫茶,福,博保衛,32020585,2027/3/31,2021/3/12,2015/1/30
株式会社　ジェイアール西日本フードサービスネット,,列車内（新幹線・博多～新大阪～博多）,,092-482-3340,みずほ・さくら５７０号～５４５号,飲食店営業,主として喫茶,福,博保衛,32020586,2027/3/31,2021/3/12,2015/1/30
株式会社　ジェイアール西日本フードサービスネット,,列車内（新幹線・博多～新大阪～博多）,,092-482-3340,みずほ・さくら５４８号～５５９号,飲食店営業,主として喫茶,福,博保衛,32020587,2027/3/31,2021/3/12,2015/1/30
株式会社　ジェイアール西日本フードサービスネット,,列車内（新幹線・博多～新大阪～博多）,,092-482-3340,みずほ・さくら５７２号～５４７号,飲食店営業,主として喫茶,福,博保衛,32020588,2027/3/31,2021/3/12,2015/1/30
株式会社　ジェイアール西日本フードサービスネット,,列車内（新幹線・博多～新大阪～博多）,,092-482-3340,みずほ・さくら６０６号～５６７号～ひかり５９４号～ひかり５３１号,飲食店営業,主として喫茶,福,博保衛,32020589,2027/3/31,2021/3/12,2015/1/30
株式会社　ジェイアール西日本フードサービスネット,,列車内（新幹線・博多～新大阪～博多）,,092-482-3340,みずほ・さくら５５２号～５６９号,飲食店営業,主として喫茶,福,博保衛,32020590,2027/3/31,2021/3/12,2015/1/30
株式会社　ジェイアール西日本フードサービスネット,812-0012,福岡市博多区博多駅中央街１番１号,列車内（新幹線・博多～新大阪～博多）,092-482-3340,のぞみ　５１号～６号,飲食店営業,一般食堂,福,博保衛,32020596,2027/3/31,2021/3/12,2015/3/12
株式会社　ジェイアール西日本フードサービスネット,812-0012,福岡市博多区博多駅中央街１番１号,列車内（新幹線・博多～新大阪～博多）,092-482-3340,のぞみ　１５号～４４号,飲食店営業,一般食堂,福,博保衛,32020597,2027/3/31,2021/3/12,2015/3/12
株式会社　ジェイアール西日本フードサービスネット,812-0012,福岡市博多区博多駅中央街１番１号,列車内（新幹線・博多～新大阪～博多）,092-482-3340,のぞみ　５３号～８号,飲食店営業,一般食堂,福,博保衛,32020598,2027/3/31,2021/3/12,2015/3/12
株式会社　ジェイアール西日本フードサービスネット,812-0012,福岡市博多区博多駅中央街１番１号,列車内（新幹線・博多～新大阪～博多）,092-482-3340,のぞみ　１７号～４６号,飲食店営業,一般食堂,福,博保衛,32020599,2027/3/31,2021/3/12,2015/3/12
株式会社　ジェイアール西日本フードサービスネット,812-0012,福岡市博多区博多駅中央街１番１号,列車内（新幹線・博多～新大阪～博多）,092-482-3340,のぞみ　２５号～５６号,飲食店営業,一般食堂,福,博保衛,32020600,2027/3/31,2021/3/12,2015/3/12
株式会社　ジェイアール西日本フードサービスネット,812-0012,福岡市博多区博多駅中央街１番１号,列車内（新幹線・博多～新大阪～博多）,092-482-3340,のぞみ　７号～３６号,飲食店営業,一般食堂,福,博保衛,32020601,2027/3/31,2021/3/12,2015/3/12
株式会社　ジェイアール西日本フードサービスネット,812-0012,福岡市博多区博多駅中央街１番１号,列車内（新幹線・博多～新大阪～博多）,092-482-3340,のぞみ　４７号～２号,飲食店営業,一般食堂,福,博保衛,32020602,2027/3/31,2021/3/12,2015/3/12
株式会社　ジェイアール西日本フードサービスネット,812-0012,福岡市博多区博多駅中央街１番１号,列車内（新幹線・博多～新大阪～博多）,092-482-3340,のぞみ　１１号～４０号,飲食店営業,一般食堂,福,博保衛,32020603,2027/3/31,2021/3/12,2015/3/12
株式会社　ジェイアール西日本フードサービスネット,812-0012,福岡市博多区博多駅中央街１番１号,列車内（新幹線・博多～新大阪～博多）,092-482-3340,のぞみ　４９号～４号,飲食店営業,一般食堂,福,博保衛,32020604,2027/3/31,2021/3/12,2015/3/12
株式会社　ジェイアール西日本フードサービスネット,812-0012,福岡市博多区博多駅中央街１番１号,列車内（新幹線・博多～新大阪～博多）,092-482-3340,のぞみ　１３号～４２号,飲食店営業,一般食堂,福,博保衛,32020605,2027/3/31,2021/3/12,2015/3/12
株式会社　ジェイアール西日本フードサービスネット,812-0012,福岡市博多区博多駅中央街１番１号,列車内（新幹線・博多～新大阪～博多）,092-482-3340,のぞみ　２６号～３７号,飲食店営業,一般食堂,福,博保衛,32020591,2027/3/31,2021/3/12,2015/3/12
株式会社　ジェイアール西日本フードサービスネット,812-0012,福岡市博多区博多駅中央街１番１号,列車内（新幹線・博多～新大阪～博多）,092-482-3340,のぞみ１０７号～８８号,飲食店営業,一般食堂,福,博保衛,32020592,2027/3/31,2021/3/12,2015/3/12
株式会社　ジェイアール西日本フードサービスネット,812-0012,福岡市博多区博多駅中央街１番１号,列車内（新幹線・博多～新大阪～博多）,092-482-3340,のぞみ　２８号～３９号,飲食店営業,一般食堂,福,博保衛,32020593,2027/3/31,2021/3/12,2015/3/12
株式会社　ジェイアール西日本フードサービスネット,812-0012,福岡市博多区博多駅中央街１番１号,列車内（新幹線・博多～新大阪～博多）,092-482-3340,のぞみ　３０号～４１号,飲食店営業,一般食堂,福,博保衛,32020594,2027/3/31,2021/3/12,2015/3/12
株式会社　ジェイアール西日本フードサービスネット,812-0012,福岡市博多区博多駅中央街１番１号,列車内（新幹線・博多～新大阪～博多）,092-482-3340,のぞみ３４号～４５号,飲食店営業,一般食堂,福,博保衛,32020595,2027/3/31,2021/3/12,2015/3/12
株式会社　ジェイアール西日本フードサービスネット,812-0012,福岡市博多区博多駅中央街１番１号,列車内（新幹線・博多～新大阪～博多）,092-482-3340,のぞみ５２号～９７号,飲食店営業,一般食堂,福,博保衛,32020606,2027/3/31,2021/3/12,2015/3/12
株式会社　ジェイアール西日本フードサービスネット,812-0012,福岡市博多区博多駅中央街１番１号,列車内（新幹線・博多～新大阪～博多）,092-482-3340,のぞみ５４号～５９号,飲食店営業,一般食堂,福,博保衛,32020607,2027/3/31,2021/3/12,2015/3/12
株式会社　ジェイアール西日本フードサービスネット,812-0012,福岡市博多区博多駅中央街１番１号,列車内（新幹線・博多～新大阪～博多）,092-482-3340,のぞみ１４号～２３号,飲食店営業,一般食堂,福,博保衛,32020608,2027/3/31,2021/3/12,2015/3/12
株式会社　ジェイアール西日本フードサービスネット,812-0012,福岡市博多区博多駅中央街１番１号,列車内（新幹線・博多～新大阪～博多）,092-482-3340,のぞみ１０９号～９０号,飲食店営業,一般食堂,福,博保衛,32020609,2027/3/31,2021/3/12,2015/3/12
株式会社　ジェイアール西日本フードサービスネット,812-0012,福岡市博多区博多駅中央街１番１号,列車内（新幹線・博多～新大阪～博多）,092-482-3340,のぞみ７６号～７９号,飲食店営業,一般食堂,福,博保衛,32020610,2027/3/31,2021/3/12,2015/3/12
株式会社　ジェイアール西日本フードサービスネット,812-0012,福岡市博多区博多駅中央街１番１号,列車内（新幹線・博多～新大阪～博多）,092-482-3340,のぞみ５８号～５号,飲食店営業,一般食堂,福,博保衛,32020611,2027/3/31,2021/3/12,2015/3/12
株式会社　ジェイアール西日本フードサービスネット,812-0012,福岡市博多区博多駅中央街１番１号,列車内（新幹線・博多～新大阪～博多）,092-482-3340,のぞみ６０号～７５号,飲食店営業,一般食堂,福,博保衛,32020612,2027/3/31,2021/3/12,2015/3/12
株式会社　ジェイアール西日本フードサービスネット,812-0012,福岡市博多区博多駅中央街１番１号,列車内（新幹線・博多～新大阪～博多）,092-482-3340,のぞみ　６２号～７７号,飲食店営業,一般食堂,福,博保衛,32020613,2027/3/31,2021/3/12,2015/3/12
株式会社　ジェイアール西日本フードサービスネット,812-0012,福岡市博多区博多駅中央街１番１号,列車内（新幹線・博多～新大阪～博多）,092-482-3340,のぞみ　１６号～２７号,飲食店営業,一般食堂,福,博保衛,32020614,2027/3/31,2021/3/12,2015/3/12
株式会社　ジェイアール西日本フードサービスネット,812-0012,福岡市博多区博多駅中央街１番１号,列車内（新幹線・博多～新大阪～博多）,092-482-3340,のぞみ１８号～２９号,飲食店営業,一般食堂,福,博保衛,32020615,2027/3/31,2021/3/12,2015/3/12
株式会社　ジェイアール西日本フードサービスネット,812-0012,福岡市博多区博多駅中央街１番１号,列車内（新幹線・博多～新大阪～博多）,092-482-3340,のぞみ２０号～３１号,飲食店営業,一般食堂,福,博保衛,32020616,2027/3/31,2021/3/12,2015/3/12
株式会社　ジェイアール西日本フードサービスネット,812-0012,福岡市博多区博多駅中央街１番１号,列車内（新幹線・博多～新大阪～博多）,092-482-3340,のぞみ７８号～１号,飲食店営業,一般食堂,福,博保衛,32020617,2027/3/31,2021/3/12,2015/3/12
株式会社　ジェイアール西日本フードサービスネット,812-0012,福岡市博多区博多駅中央街１番１号,列車内（新幹線・博多～新大阪～博多）,092-482-3340,のぞみ　３２号～４３号,飲食店営業,レストラン,福,博保衛,32020618,2027/3/31,2021/3/12,2015/3/12
株式会社　ジェイアール西日本フードサービスネット,812-0012,福岡市博多区博多駅中央街１番１号,列車内（新幹線・博多～新大阪～博多）,092-482-3340,のぞみ１０１号～９２号,飲食店営業,一般食堂,福,博保衛,32020619,2027/3/31,2021/3/12,2015/3/12
株式会社　ジェイアール西日本フードサービスネット,812-0012,福岡市博多区博多駅中央街１番１号,列車内（新幹線・博多～新大阪～博多）,092-482-3340,のぞみ９号～３８号,飲食店営業,一般食堂,福,博保衛,32020620,2027/3/31,2021/3/12,2015/3/12
株式会社　ジェイアール西日本フードサービスネット,812-0012,福岡市博多区博多駅中央街１番１号,列車内（新幹線・博多～新大阪～博多）,092-482-3340,のぞみ１０３号～９４号,飲食店営業,一般食堂,福,博保衛,32020621,2027/3/31,2021/3/12,2015/3/12
株式会社　ジェイアール西日本フードサービスネット,812-0012,福岡市博多区博多駅中央街１番１号,列車内（新幹線・博多～新大阪～博多）,092-482-3340,のぞみ５０号～５５号～１４号～２１号,飲食店営業,一般食堂,福,博保衛,32020622,2027/3/31,2021/3/12,2015/3/12
有限会社　オスカー・コミュニケーション,810-0041,福岡市中央区大名一丁目１０番２９号,ステージⅠ大名６Ｆ,092-721-5352,ＢＡＲ　ＯＳＣＡＲ,飲食店営業,バー,福,中保衛,32020546,2027/3/31,2021/3/12,2003/2/6
,810-0001,福岡市中央区天神三丁目１４番２号,公建ビル２　５Ｆ,,会員制　壱,飲食店営業,バー,福,中保衛,32010930,2027/3/31,2021/3/12,2021/3/12
有限会社くーた,810-0002,福岡市中央区西中洲５番１５号,セントラルパークタワーＢ１Ｆ,092-739-0102,飯家くーた　西中洲店　本店,飲食店営業,一般食堂,福,中保衛,32010919,2027/3/31,2021/3/12,2021/3/12
エームサービス株式会社,810-0001,福岡市中央区天神一丁目３番４６号,,092-751-3733,エーム６７０５,飲食店営業,一般食堂,福,中保衛,32020545,2027/3/31,2021/3/12,2015/1/9
,815-0033,福岡市南区大橋四丁目２１番２９号,サンパークマンション大橋１Ｆテナント,,アングローバル,飲食店営業,弁当屋,福,南保衛,32020176,2027/3/31,2021/3/12,2015/3/3
有限会社つくしの倶楽部,815-0035,福岡市南区向野二丁目６番２３号,,092-541-4190,モンゴルの城,飲食店営業,一般食堂,福,南保衛,32020177,2027/3/31,2021/3/12,2009/1/29
株式会社ＧＷＳ,815-0033,福岡市南区大橋一丁目１６番５号,１Ｆ,092-561-2611,とりかわみつます,食肉販売業,一般,福,南保衛,32330037,2027/3/31,2021/3/12,2021/3/12
,815-0082,福岡市南区大楠３丁目２０番１号,宮崎ビル１０２号,092-600-9556,泰廣食堂,飲食店営業,一般食堂,福,南保衛,32010170,2027/3/31,2021/3/12,2021/3/12
株式会社釜揚げ牧のうどん,819-0014,福岡市西区豊浜三丁目１番１０号,,092-885-8189,釜揚げ牧のうどん　マリナタウン店,飲食店営業,一般食堂,福,西保衛,32020151,2027/3/31,2021/3/12,2009/3/25
,813-0042,福岡市東区舞松原二丁目１１番１５号,２Ｆ,092-410-0499,ａｎｇｅｓ,飲食店営業,一般食堂,福,東保衛,32010220,2027/3/31,2021/3/15,2021/3/15
,812-0884,福岡市博多区寿町三丁目３番２２号,遊ｙｏｕ館　２Ｆ,092-593-2848,メンバーズ　ＣＯＣＯ,飲食店営業,バー,福,博保衛,32020625,2027/3/31,2021/3/15,2015/2/20
,810-0801,福岡市博多区中洲四丁目７番８号,ラ・パピヨンビル　４階　４２０号,092-272-0078,しゃるむ,飲食店営業,バー,福,博保衛,32020627,2027/3/31,2021/3/15,2015/4/1
,812-0883,福岡市博多区南本町一丁目３番１６号,,092-581-5141,鳥伝,飲食店営業,一般食堂,福,博保衛,32020624,2027/3/31,2021/3/15,2015/2/2
太平調理機　株式会社,812-0879,福岡市博多区銀天町二丁目１番４８号,,092-584-2200,ホット　バーボー,飲食店営業,一般食堂,福,博保衛,32020623,2027/3/31,2021/3/15,2009/3/18
,810-0801,福岡市博多区中洲三丁目６番２３号,和田ビル　１階,092-262-0786,ＳＡＬＳＡ,飲食店営業,バー,福,博保衛,32020632,2027/3/31,2021/3/15,2015/3/16
双葉産業　株式会社,812-0897,福岡市博多区半道橋一丁目１５番３３号,,092-415-6100,双葉産業株式会社,飲食店営業,弁当屋,福,博保衛,32020629,2027/3/31,2021/3/15,1997/1/8
双葉産業　株式会社,812-0897,福岡市博多区半道橋一丁目１５番３３号,,092-415-6100,双葉産業株式会社,そうざい製造業,なし,福,博保衛,32580005,2027/3/31,2021/3/15,1997/1/8
有限会社　みーとしょっぷ堀之内,812-0854,福岡市博多区東月隈四丁目２番１１－３号,,092-503-2981,有限会社　みーとしょっぷ堀之内,食肉販売業,一般,福,博保衛,32340046,2027/3/31,2021/3/15,2003/3/19
亀田物産　株式会社,812-0037,福岡市博多区御供所町５番８号,,092-271-1819,亀田物産　株式会社,魚介類販売業,一般,福,博保衛,32140050,2027/3/31,2021/3/15,2009/2/17
,812-0044,福岡市博多区千代五丁目７番５号,,,居酒屋王ちゃん,飲食店営業,一般食堂,福,博保衛,32010614,2027/3/31,2021/3/15,2021/3/15
,812-0044,福岡市博多区千代五丁目１１番４４号,,,居酒屋　なおらい,飲食店営業,一般食堂,福,博保衛,32010763,2027/3/31,2021/3/15,2021/3/15
ダイバセンス　株式会社,812-0018,福岡市博多区住吉四丁目１３番１１号,内山アパート　１Ｆ,092-710-7888,エレメンタル食堂,飲食店営業,一般食堂,福,博保衛,32010759,2027/3/31,2021/3/15,2021/3/15
有限会社　筑友,812-0884,福岡市博多区寿町三丁目４番２６号,１Ｆ,092-589-0508,居酒屋　華火,飲食店営業,一般食堂,福,博保衛,32020626,2027/3/31,2021/3/15,2009/3/5
株式会社トランドール,812-0046,福岡市博多区吉塚本町１３番２８号,,092-631-7611,トランドール吉塚駅店,飲食店営業,一般食堂,福,博保衛,32020630,2027/3/31,2021/3/15,2015/4/1
,810-0004,福岡市中央区渡辺通五丁目３番２４号,プロスペリタ天神ⅡＰＬＵＳ　２階,,炭火焼＆ＢＡＲ　ちぇすたー,飲食店営業,一般食堂,福,中保衛,32010732,2027/3/31,2021/3/15,2021/3/15
株式会社Ｙ’ｓ　Ｓｔｙｌｅ,810-0002,福岡市中央区西中洲２番１６－１号,髙木ビル１Ｆ,,西の隠れ,飲食店営業,すし屋,福,中保衛,32010893,2027/3/31,2021/3/15,2021/3/15
株式会社ドラマティック,810-0001,福岡市中央区天神二丁目１１番１号,ＰＡＲＣＯ本館Ｂ１Ｆ,,焼売いしい,飲食店営業,一般食堂,福,中保衛,32010937,2027/3/31,2021/3/15,2021/3/15
株式会社　共立メンテナンス,810-0012,福岡市中央区白金二丁目１３番１２号,,092-714-1431,ドーミー平尾駅前,飲食店営業,一般食堂,福,中保衛,32010864,2027/3/31,2021/3/15,2021/3/15
,815-0082,福岡市南区大楠三丁目２０番１号,宮崎ビル２０３号,092-525-3411,Ｌｏｏｐ,飲食店営業,一般食堂,福,南保衛,32020179,2027/3/31,2021/3/15,2015/1/15
,815-0033,福岡市南区大橋一丁目１４番５号 １Ｆ,,092-551-3622,すばらしき仲間たち,飲食店営業,一般食堂,福,南保衛,32020181,2027/3/31,2021/3/15,2009/3/31
,811-1351,福岡市南区屋形原一丁目２番１４号,,092-511-9849,エスポアール,菓子製造業,一般,福,南保衛,32060020,2027/3/31,2021/3/15,2015/3/4
,811-1351,福岡市南区屋形原一丁目２番１４号,,092-511-9849,エスポアール,飲食店営業,弁当屋,福,南保衛,32020178,2027/3/31,2021/3/15,2015/3/4
,814-0104,福岡市城南区別府一丁目２２番１６号,エル・メゾン・ロワール城南Ⅱ１０１号,,Ｂａｓｅ　Ｂｏｍｂ,飲食店営業,一般食堂,福,城保衛,32010061,2027/3/31,2021/3/15,2021/3/15
,814-0104,福岡市城南区別府二丁目１０番２２号,別府ビル　１０８,,酒、肴、〆蕎麦　きふね,飲食店営業,一般食堂,福,城保衛,32020084,2027/3/31,2021/3/15,2015/1/5
,819-0380,福岡市西区田尻東一丁目１５番１２号,,092-806-7866,ラーメンよろしく,飲食店営業,一般食堂,福,西保衛,32020152,2027/3/31,2021/3/15,1997/1/28
株式会社　新日本ダイニング,812-0012,福岡市博多区博多駅中央街２番１号,博多バスターミナル　１Ｆ,092-292-9295,ハンバーグステーキ　極味や　博多店,飲食店営業,一般食堂,福,博保衛,32020643,2027/3/31,2021/3/16,2015/3/24
ウオクニ　株式会社,812-0008,福岡市博多区東光一丁目４番１２号,,092-474-8739,カレッジコート　福岡第２寮,飲食店営業,一般食堂,福,博保衛,32020634,2027/3/31,2021/3/16,2009/2/19
有限会社　まる直,812-0897,福岡市博多区半道橋一丁目１７番３２号,,092-473-5899,ちゃんこまる直,飲食店営業,一般食堂,福,博保衛,32020638,2027/3/31,2021/3/16,1997/2/7
,812-0884,福岡市博多区寿町二丁目１番１号,メゾン南福岡　１Ｆ,092-572-8819,すし処　大盛,飲食店営業,一般食堂,福,博保衛,32020637,2027/3/31,2021/3/16,1987/2/12
一般財団法人　福岡コンベンションセンター,812-0032,福岡市博多区石城町２番１号,福岡国際会議場　２Ｆ,092-262-4111,福岡国際会議場　パントリーＡ,飲食店営業,一般食堂,福,博保衛,32020639,2027/3/31,2021/3/16,2003/2/24
一般財団法人　福岡コンベンションセンター,812-0032,福岡市博多区石城町２番１号,福岡国際会議場　５Ｆ,092-262-4111,福岡国際会議場　パントリーＣ,喫茶店営業,一般,福,博保衛,32240065,2027/3/31,2021/3/16,2003/2/24
株式会社　オッジ,812-0006,福岡市博多区上牟田一丁目１４番８号,,,黒よし,飲食店営業,弁当屋,福,博保衛,32010749,2027/3/31,2021/3/16,2021/3/16
株式会社　ＣＭＢ　ＨＥＩＳＥＩ,810-0801,福岡市博多区中洲二丁目２番１０号,第１１ラインビル　２階　全号室,092-282-3111,ＳｅｃｏｎｄＦｌｏｏｒ,飲食店営業,カフェー,福,博保衛,32010755,2027/3/31,2021/3/16,2021/3/16
,810-0801,福岡市博多区中洲三丁目７番１３号,ＳＡＭ’Ｓ　ＢＬＤ４　１階,092-262-3366,焼肉　九州男,飲食店営業,一般食堂,福,博保衛,32020640,2027/3/31,2021/3/16,2009/3/24
ウオクニ　株式会社,812-0021,福岡市博多区築港本町６番２０号,,092-272-2340,カレッジコート北天神,飲食店営業,一般食堂,福,博保衛,32020633,2027/3/31,2021/3/16,2015/3/25
,810-0801,福岡市博多区中洲四丁目５番９号,リバーサイドビル　５階,092-281-7736,カサデ・ギターラ,飲食店営業,一般食堂,福,博保衛,32020641,2027/3/31,2021/3/16,1977/3/1
,810-0801,福岡市博多区中洲四丁目１番７号,中洲セントラルビル　２階,092-281-4949,Ｍｅｍｂｅｒｓ　ＰＥＲＰＥＴＵＡＬ,飲食店営業,カフェー,福,博保衛,32020635,2027/3/31,2021/3/16,2015/2/9
,810-0801,福岡市博多区中洲二丁目６番１２号,中洲セントラル第５ラインビル　３階　３号室,,くらぶ　日比野,飲食店営業,カフェー,福,博保衛,32010766,2027/3/31,2021/3/16,2021/3/16
ＢＡＮ　ＭＡＩ　株式会社,812-0014,福岡市博多区比恵町１番１８号,東カン福岡第二ビル　Ｂ１０６,092-515-9694,ＢＡＮ　ＭＡＩ　ＫＡＲＡＯＫＥ,飲食店営業,一般食堂,福,博保衛,32010760,2027/3/31,2021/3/16,2021/3/16
株式会社　丹青社,812-8577,福岡市博多区東公園７番７号,福岡県庁　１１階,092-645-1835,よかもんカフェ,飲食店営業,一般食堂,福,博保衛,32020636,2027/3/31,2021/3/16,2015/4/1
,,福岡市内一円,,,博多ゑびす,菓子製造業,仮設(仮設営業),福,博保衛,32720004,2026/3/31,2021/3/16,2006/1/9
株式会社わっはっは,810-0041,福岡市中央区大名一丁目１１番４号,,092-725-2929,焼肉　極味や　大名店,飲食店営業,一般食堂,福,中保衛,32020549,2027/3/31,2021/3/16,2009/1/29
,810-0023,福岡市中央区警固二丁目１６番２０号,アサヒプラザ赤坂１０２,092-771-2247,三六十八,飲食店営業,一般食堂,福,中保衛,32020548,2027/3/31,2021/3/16,2009/2/10
株式会社南州ミート,810-0001,福岡市中央区天神二丁目１１番１号,パルコ本館Ｂ１Ｆ,092-235-7382,三匹の黒豚ｂｙ南州農場,飲食店営業,一般食堂,福,中保衛,32020547,2027/3/31,2021/3/16,2015/3/16
ＡＥＳ　ＪＡＰＯＮ株式会社,810-0041,福岡市中央区大名二丁目１１番１８号,,092-713-9213,ル　シュバリエ,菓子製造業,一般,福,中保衛,32050144,2027/3/31,2021/3/16,2021/3/16
株式会社雅,815-0036,福岡市南区筑紫丘一丁目２３番７号,,092-562-6161,和牛の店　牛雅,食肉販売業,一般,福,南保衛,32330035,2027/3/31,2021/3/16,2021/3/16
株式会社ＥＸＰＡＮＤ,814-0002,福岡市早良区西新五丁目１５番３４－１０２号,,092-844-4444,すけノすけ,飲食店営業,一般食堂,福,早保衛,32010172,2027/3/31,2021/3/16,2021/3/16
,812-0013,福岡市博多区博多駅東三丁目１０番１５号,アトルビル　１Ｆ,,カレーハウスＵｈｋｈａ（ウカ）,飲食店営業,一般食堂,福,博保衛,32010769,2027/3/31,2021/3/17,2021/3/17
株式会社　あずり,812-0003,福岡市博多区下臼井７６７番１号,福岡空港国内線旅客ターミナルビル　３Ｆ,,有吉商店,飲食店営業,一般食堂,福,博保衛,32010758,2027/3/31,2021/3/17,2021/3/17
,810-0801,福岡市博多区中洲三丁目４番１０号,Ｕビル　８階,092-263-1460,ｃｌｕｂ　百恵,飲食店営業,バー,福,博保衛,32020644,2027/3/31,2021/3/17,2015/3/4
,810-0041,福岡市中央区大名一丁目２番３１号,Ｔビル２Ｆ,,アノ頃ＢＡＲ　ヒミツキチ,飲食店営業,一般食堂,福,中保衛,32020551,2027/3/31,2021/3/17,2015/2/27
,810-0005,福岡市中央区清川一丁目８番８号,かつやビル３Ｆ,092-526-7101,ＴＡＯ,飲食店営業,バー,福,中保衛,32020550,2027/3/31,2021/3/17,2015/2/9
株式会社キッズプロモーション,810-0033,福岡市中央区小笹五丁目１番１号,福岡市植物園内,,おやすみ山,飲食店営業,一般食堂,福,中保衛,32010890,2027/3/31,2021/3/17,2021/3/17
株式会社オフィスＫｅｉ,810-0045,福岡市中央区草香江一丁目４番１３号,,,株式会社オフィスＫｅｉ,菓子製造業,一般,福,中保衛,32050148,2027/3/31,2021/3/17,2021/3/17
有限会社とり福,810-0044,福岡市中央区六本松二丁目６番８号,,092-741-4989,とり福,飲食店営業,一般食堂,福,中保衛,32010944,2027/3/31,2021/3/17,2021/3/17
ＢＩＮＤ株式会社,810-0041,福岡市中央区大名一丁目５番３号,エスパース大名５Ｆ,,ＢＩＮＤ株式会社,飲食店営業,一般食堂,福,中保衛,32010381,2027/3/31,2021/3/17,2021/3/17
遠山貿易株式会社,810-0072,福岡市中央区長浜三丁目１４番２号,福岡鮮魚市場卸売棟内,,遠山貿易株式会社,魚介類販売業,一般,福,中保衛,32130063,2027/3/31,2021/3/17,2021/3/17
,815-0033,福岡市南区大橋一丁目１２番１３号,,092-541-6413,とり吉,飲食店営業,そうざい,福,南保衛,32020182,2027/3/31,2021/3/17,1987/2/20
,815-0033,福岡市南区大橋二丁目３番５号,吉浦ビル２０１号室,,トリタチトキ,飲食店営業,一般食堂,福,南保衛,32010181,2027/3/31,2021/3/17,2021/3/17
,814-0133,福岡市城南区七隈六丁目１番１４号,,092-863-9875,焼とり屋台,飲食店営業,一般食堂,福,城保衛,32020085,2027/3/31,2021/3/17,1992/3/26
,814-0141,福岡市城南区西片江一丁目７番２７号,,092-862-3640,円,飲食店営業,一般食堂,福,城保衛,32020086,2027/3/31,2021/3/17,1992/3/27
,814-0112,福岡市城南区友丘二丁目４番３１号,,092-871-1690,大連,飲食店営業,一般食堂,福,城保衛,32020087,2027/3/31,2021/3/17,1976/1/30
,811-1101,福岡市早良区重留二丁目３番１７号,,092-401-8931,Ｒｅｄ　Ｓｐｉｃｅ,そうざい製造業,なし,福,早保衛,32580005,2027/3/31,2021/3/17,2015/2/6
株式会社ｃｏｃｏｌａｔｅ,819-0167,福岡市西区今宿三丁目１１番３８号,,,ｃｏｃｏｌａｔｅ,菓子製造業,一般,福,西保衛,32050017,2027/3/31,2021/3/17,2021/3/17
株式会社　芙蓉別館,812-0031,福岡市博多区沖浜町７番１号,,092-262-3334,ふよう,飲食店営業,レストラン,福,博保衛,32020647,2027/3/31,2021/3/18,2003/3/20
,812-0884,福岡市博多区寿町三丁目３番１０号,グランディールロジュモン　１Ｆ,092-592-1829,ラウンジ　騎士人,飲食店営業,カフェー,福,博保衛,32020645,2027/3/31,2021/3/18,2015/3/13
株式会社　ＭＡＤＥ　ＩＮ　ＨＯＫＫＡＩＤＯ,812-0011,福岡市博多区博多駅前三丁目３０番２５号,ＥＮ　ＨＯＴＥＬ　Ｈａｋａｔａ　１Ｆ,092-475-3880,椿サロン博多,飲食店営業,主として喫茶,福,博保衛,32010768,2027/3/31,2021/3/18,2021/3/18
株式会社　ＭＡＤＥ　ＩＮ　ＨＯＫＫＡＩＤＯ,812-0011,福岡市博多区博多駅前三丁目３０番２５号,ＥＮ　ＨＯＴＥＬ　Ｈａｋａｔａ　１Ｆ,092-475-3880,椿サロン博多,菓子製造業,一般,福,博保衛,32050049,2027/3/31,2021/3/18,2021/3/18
,810-0801,福岡市博多区中洲二丁目６番７号,ジョイフルヤマモトビル　４階　５号室,,絲紋別邸,飲食店営業,カフェー,福,博保衛,32010656,2027/3/31,2021/3/18,2021/3/18
株式会社　ホームラン・システムズ,812-0892,福岡市博多区東那珂一丁目８番８号,,092-441-5105,ケアイン博多,飲食店営業,一般食堂,福,博保衛,32010771,2027/3/31,2021/3/18,2021/3/18
,812-0041,福岡市博多区吉塚四丁目９番１２号,,092-612-9191,セブン－イレブン　博多吉塚４丁目店,飲食店営業,一般食堂,福,博保衛,32020646,2027/3/31,2021/3/18,2015/3/23
株式会社　にわとり,810-0801,福岡市博多区中洲二丁目７番１８号,タケクラビル　１階　１号,092-282-8682,Ｃｌａｓｓｉｃｏ,飲食店営業,レストラン,福,博保衛,32010775,2027/3/31,2021/3/18,2021/3/18
,,福岡市内一円,,,Ｆ.ｗｏｒｋｓ,飲食店営業,仮設(仮設営業),福,博保衛,32680030,2026/3/31,2021/3/18,2016/2/29
トリゼンダイニング株式会社,810-0001,福岡市中央区天神三丁目４番１５号,天神バッカス館１Ｆ,092-739-3100,東京油そば専門店　鰐,飲食店営業,一般食堂,福,中保衛,32010917,2027/3/31,2021/3/18,2021/3/18
合同会社ＳＷＩＴＣＨＨ,810-0062,福岡市中央区荒戸三丁目４番１号,セントラル西公園１Ｆ,,ＴＨＥ　ＰＡＲＫ,飲食店営業,バー,福,中保衛,32010933,2027/3/31,2021/3/18,2021/3/18
コンビニエンスＭＪＣ株式会社,815-0032,福岡市南区塩原三丁目２３番１号,公立学校共済組合九州中央病院内,092-542-6145,セブンイレブン九州中央病院店,飲食店営業,一般食堂,福,南保衛,32020183,2027/3/31,2021/3/18,2015/2/25
久田精肉店株式会社,814-0155,福岡市城南区東油山二丁目３番２１号,,092-407-9610,久田精肉店,食肉販売業,一般,福,城保衛,32330015,2027/3/31,2021/3/18,2021/3/18
久田精肉店株式会社,814-0155,福岡市城南区東油山二丁目３番２１号,,092-407-9610,久田精肉店,飲食店営業,そうざい,福,城保衛,32010058,2027/3/31,2021/3/18,2021/3/18
サントリービバレッジソリューション株式会社,813-0023,福岡市東区蒲田二丁目３９番８０号,,092-691-9974,（株）九電工 福岡東営業所,喫茶店営業,自動販売機,福,東保衛,32240029,2027/3/31,2021/3/19,2009/1/8
株式会社　Ｈａｎｇ　Ｆｒｅｅ,810-0801,福岡市博多区中洲三丁目７番１５号,ＴＭ－３０ＢＵＩＬＤＩＮＧ　７階　Ｂ号室,,ＶｉＶｉＤ,飲食店営業,バー,福,博保衛,32010773,2027/3/31,2021/3/19,2021/3/19
,810-0801,福岡市博多区中洲四丁目１番１６号,セブンビルⅠ　４階　４０２号,,ｈｉｇｈ　ｓｃｅｎｅ,飲食店営業,バー,福,博保衛,32010750,2027/3/31,2021/3/19,2021/3/19
,812-0879,福岡市博多区銀天町二丁目３番３号,牛昌ビル　７Ｆ,,生ビール自分でついだら３００円,飲食店営業,一般食堂,福,博保衛,32010776,2027/3/31,2021/3/19,2021/3/19
株式会社　ツマミナ,812-0011,福岡市博多区博多駅前二丁目２０番１号,大博多ビル　１Ｆ,092-292-1163,博多前炉ばた　一承,飲食店営業,一般食堂,福,博保衛,32020648,2027/3/31,2021/3/19,2015/3/6
株式会社　ＨＭ博多,812-0016,福岡市博多区博多駅南二丁目２番５号,,092-452-4123,ホテルＷＢＦグランデ博多,飲食店営業,一般食堂,福,博保衛,32010741,2027/3/31,2021/3/19,2021/3/19
,810-0001,福岡市中央区天神五丁目５番４号,シルバーハイツ２０２,,ソイル,飲食店営業,一般食堂,福,中保衛,32010947,2027/3/31,2021/3/19,2021/3/19
株式会社７１９,810-0067,福岡市中央区伊崎１０番３９号,池見ビル１０１号,,７１９　Ｆｉｓｈ　Ｌａｂ,魚介類販売業,一般,福,中保衛,32130060,2027/3/31,2021/3/19,2021/3/19
株式会社７１９,810-0067,福岡市中央区伊崎１０番３９号,池見ビル１０１号,,７１９　Ｆｉｓｈ　Ｌａｂ,そうざい製造業,なし,福,中保衛,32570032,2027/3/31,2021/3/19,2021/3/19
株式会社７１９,810-0067,福岡市中央区伊崎１０番３９号,池見ビル１０１号,,７１９　Ｆｉｓｈ　Ｌａｂ,食品の冷凍又は冷蔵業,なし,福,中保衛,32190007,2027/3/31,2021/3/19,2021/3/19
株式会社ＤＲＥＡＭ　ＣＯＭＥ　ＴＲＵＥ,810-0001,福岡市中央区天神四丁目８番１５号,福岡ガーデンパレス１Ｆ,092-771-7997,ｔｈｅ　ｕｓｕａｌ　ｐｌａｃｅ,飲食店営業,一般食堂,福,中保衛,32010951,2027/3/31,2021/3/19,2021/3/19
,810-0063,福岡市中央区唐人町二丁目１番３８号,安西ハイツ１０５号,,カフェ＆アロマ　百福,飲食店営業,一般食堂,福,中保衛,32020552,2027/3/31,2021/3/19,2015/3/13
株式会社金彩,810-0003,福岡市中央区春吉二丁目１３番１７号,カワムラビル１Ｆ,092-752-0220,ふーずばー　きんしゃい,飲食店営業,一般食堂,福,中保衛,32020553,2027/3/31,2021/3/19,2015/2/17
,814-0101,福岡市城南区荒江一丁目３３番１６号,,,たに屋,飲食店営業,一般食堂,福,城保衛,32010048,2027/3/31,2021/3/19,2021/3/19
株式会社ハウズ,819-0169,福岡市西区今宿西一丁目３３番３３号,,092-805-8875,ハウズ伊都店,飲食店営業,一般食堂,福,西保衛,32010114,2027/3/31,2021/3/19,2021/3/19
株式会社パイルアップたちばな,811-0213,福岡市東区和白丘二丁目２４番４３号,,092-606-2792,株式会社パイルアップたちばな,飲食店営業,一般食堂,福,東保衛,32010231,2027/3/31,2021/3/22,2021/3/22
有限会社 シモジョウ,812-0051,福岡市東区箱崎ふ頭六丁目６番２４号,,092-631-0227,有限会社 シモジョウ,食品の冷凍又は冷蔵業,なし,福,東保衛,32190012,2027/3/31,2021/3/22,2021/3/22
シダックスフードサービス株式会社,812-0054,福岡市東区馬出二丁目２１番２５号,,,ｍ13534,飲食店営業,一般食堂,福,東保衛,32010221,2027/3/31,2021/3/22,2021/3/22
,812-0018,福岡市博多区住吉四丁目１５番４号,西日本実業ビル　２Ｆ,092-292-3910,ベロンチョパーク,飲食店営業,バー,福,博保衛,32010740,2027/3/31,2021/3/22,2021/3/22
株式会社　ＯＤＥＮ,812-0878,福岡市博多区竹丘町一丁目４番３号,,092-404-0867,株式会社　ＯＤＥＮ,食肉販売業,一般,福,博保衛,32330142,2027/3/31,2021/3/22,2021/3/22
,810-0801,福岡市博多区中洲二丁目５番２０号,第６ラインビル　２階　１号室,092-291-4313,スナック　ゴリラ,飲食店営業,バー,福,博保衛,32010780,2027/3/31,2021/3/22,2021/3/22
,812-0024,福岡市博多区綱場町５番３号,,092-282-8793,ＲＯＣＫ食堂,飲食店営業,一般食堂,福,博保衛,32020650,2027/3/31,2021/3/22,2015/3/25
,810-0063,福岡市中央区唐人町一丁目３番１４号,,092-724-5069,ディナーズ欧風亭６９,飲食店営業,レストラン,福,中保衛,32020560,2027/3/31,2021/3/22,2009/2/10
株式会社ドレス,810-0002,福岡市中央区西中洲１１番２１号,ボナパサージュ２F,092-725-7758,Ｄｒｅｓｓ　ＷＥＤＤＩＮＧ　ＡＮＤ　ＰＡＲＴＹ,飲食店営業,一般食堂,福,中保衛,32020561,2027/3/31,2021/3/22,2009/3/9
有限会社クイーンベルコーポレーション,810-0043,福岡市中央区城内１番４号,,,福岡城黒田茶屋,飲食店営業,主として喫茶,福,中保衛,32010897,2027/3/31,2021/3/22,2021/3/22
国家公務員共済組合連合会,810-0022,福岡市中央区薬院四丁目２１番１号,,092-521-1361,アルカモン,飲食店営業,一般食堂,福,中保衛,32010915,2027/3/31,2021/3/22,2021/3/22
,811-1352,福岡市南区鶴田二丁目２番８２号,,092-565-4088,やきとり廣,飲食店営業,一般食堂,福,南保衛,32020184,2027/3/31,2021/3/22,1988/2/29
株式会社 つばき屋,813-0032,福岡市東区土井一丁目２２番２９号,,,なるへそタンマ,菓子製造業,一般,福,東保衛,32050018,2027/3/31,2021/3/23,2021/3/23
株式会社 つばき屋,813-0032,福岡市東区土井一丁目２２番２９号,,,なるへそタンマ,飲食店営業,弁当屋,福,東保衛,32010197,2027/3/31,2021/3/23,2021/3/23
有限会社　エムスリー,811-0323,福岡市東区志賀島９７８番地２,,,志賀島ドッグ,飲食店営業,一般食堂,福,東保衛,32010182,2027/3/31,2021/3/23,2021/3/23
,810-0801,福岡市博多区中洲四丁目６番５号,毛利ビル　１階,092-262-1128,長浜亭,飲食店営業,一般食堂,福,博保衛,32010782,2027/3/31,2021/3/23,2021/3/23
株式会社　Ｂｏｕｖａｒｄｉａ,810-0801,福岡市博多区中洲三丁目７番１０号,若松ビル　地下１階　Ｇ号室,092-263-3838,Ｂａｒ　９６９,飲食店営業,一般食堂,福,博保衛,32010778,2027/3/31,2021/3/23,2021/3/23
株式会社　レティシア,810-0801,福岡市博多区中洲四丁目１番２６号,中洲人形町ビル　４階　Ｃ号,092-262-1777,ＴＲＥＳＯＲ,飲食店営業,バー,福,博保衛,32010788,2027/3/31,2021/3/23,2021/3/23
株式会社　絆,810-0801,福岡市博多区中洲三丁目７番２４号,ｇｅｔｅ’ｓビル　地下１階　ｆｏｏｄｗａｙ内鮮魚コーナー,092-281-2213,株式会社絆中洲食小町ゲイツ店,飲食店営業,すし屋,福,博保衛,32010781,2027/3/31,2021/3/23,2021/3/23
株式会社　絆,810-0801,福岡市博多区中洲三丁目７番２４号,ｇｅｔｅ’ｓビル　地下１階　ｆｏｏｄｗａｙ内鮮魚コーナー,092-281-2213,株式会社絆中洲食小町ゲイツ店,魚介類販売業,一般,福,博保衛,32130059,2027/3/31,2021/3/23,2021/3/23
株式会社　ミートイン・ハイマート,810-0801,福岡市博多区中洲三丁目７番２４号,ｇｅｔｅ’ｓビル　地下１階　ｆｏｏｄｗａｙ内食肉コーナー,092-281-2213,株式会社ミートイン・ハイマート中洲食小町ゲイツ店,食肉販売業,一般,福,博保衛,32330143,2027/3/31,2021/3/23,2021/3/23
,810-0022,福岡市中央区薬院二丁目１４番２５号,,,Éclair Atelier Cecil Blue,菓子製造業,一般,福,中保衛,32060034,2027/3/31,2021/3/23,2015/2/12
株式会社丸菱北部九州販売,810-0071,福岡市中央区那の津三丁目１番１６号,,092-717-7310,株式会社丸菱北部九州販売　本社,菓子製造業,一般,福,中保衛,32050143,2027/3/31,2021/3/23,2021/3/23
株式会社ＪＡＹ,810-0041,福岡市中央区大名一丁目１４番２０号,,092-738-8158,ｅｎｊｏｙｓｐａｃｅＨＡＮＪＡＮ,飲食店営業,一般食堂,福,中保衛,32010914,2027/3/31,2021/3/23,2021/3/23
,811-1362,福岡市南区長住二丁目１８番９号,,092-541-9507,スナックウィンベル,飲食店営業,一般食堂,福,南保衛,32020185,2027/3/31,2021/3/23,2003/2/24
株式会社３９ｆｏｏｄｓ,815-0033,福岡市南区大橋二丁目１５番５号,つしま亭１Ｆ,092-403-0239,３９ベトナム料理,飲食店営業,一般食堂,福,南保衛,32010186,2027/3/31,2021/3/23,2021/3/23
,819-0001,福岡市西区小戸四丁目１３番１９号,,092-885-1221,オーガニックキッチンまごころ,飲食店営業,一般食堂,福,西保衛,32010113,2027/3/31,2021/3/23,2021/3/23
有限会社　チナムフーズ,812-0041,福岡市博多区吉塚四丁目７番３１号,,092-611-7861,東清水保育園,飲食店営業,一般食堂,福,博保衛,32010783,2027/3/31,2021/3/24,2021/3/24
,,福岡市内一円,,,下大利ホルモン,飲食店営業,仮設(仮設営業),福,博保衛,32680031,2026/3/31,2021/3/24,2011/1/8
,810-0034,福岡市中央区笹丘二丁目１０番１７号,,092-518-2502,ローマの扉　アヌゥール,飲食店営業,一般食堂,福,中保衛,32020562,2027/3/31,2021/3/24,2015/1/15
,810-0034,福岡市中央区笹丘一丁目３６番２７号,サンケイコーポ田島１０２号,,エース,飲食店営業,バー,福,中保衛,32010980,2027/3/31,2021/3/24,2021/3/24
有限会社ターボマニア,810-0014,福岡市中央区平尾二丁目１７番２１号,メゾン山荘Ａ,,玉響　平尾店,飲食店営業,主として喫茶,福,中保衛,32010979,2027/3/31,2021/3/24,2021/3/24
株式会社ＳＯＬ　ＦＡＭＩＬＩＡ,810-0041,福岡市中央区大名一丁目１３番３号,ｒｅｍｉｘ西通り１Ｆ,,おによめ,飲食店営業,一般食堂,福,中保衛,32010983,2027/3/31,2021/3/24,2021/3/24
株式会社ヤスダアセットマネジメント,810-0022,福岡市中央区薬院四丁目２番１２号,新薬院ビル１Ｆ,050-5486-8946,薬院　道津,飲食店営業,一般食堂,福,中保衛,32010973,2027/3/31,2021/3/24,2021/3/24
,815-0075,福岡市南区長丘五丁目１番１０号,,092-561-2171,セブン－イレブン福岡長丘５丁目店,飲食店営業,一般食堂,福,南保衛,32020186,2027/3/31,2021/3/24,2009/1/19
,811-1324,福岡市南区警弥郷二丁目１３番１号,,,居酒屋かずちゃん,飲食店営業,一般食堂,福,南保衛,32010184,2027/3/31,2021/3/24,2021/3/24
,814-0002,福岡市早良区西新五丁目１４番４３号,,,すみちゃんキッチン,飲食店営業,一般食堂,福,早保衛,32010179,2027/3/31,2021/3/24,2021/3/24
,814-0022,福岡市早良区原四丁目２１番１４号,,092-707-6454,うなじゅう家,飲食店営業,一般食堂,福,早保衛,32010180,2027/3/31,2021/3/24,2021/3/24
,819-0001,福岡市西区小戸四丁目１３番１９号,,,イート・フーズ,飲食店営業,一般食堂,福,西保衛,32010117,2027/3/31,2021/3/24,2021/3/24
株式会社ホームラン・システムズ,813-0023,福岡市東区蒲田五丁目７番１号,,,特別養護老人ホーム 光薫寺ビハーラ,飲食店営業,一般食堂,福,東保衛,32020187,2027/3/31,2021/3/25,2015/3/30
株式会社ホームラン・システムズ,813-0023,福岡市東区蒲田五丁目７番２号,,,ケアハウス 光薫寺ビハーラ,飲食店営業,一般食堂,福,東保衛,32020186,2027/3/31,2021/3/25,2015/3/30
株式会社ホームラン・システムズ,813-0025,福岡市東区青葉二丁目１４番９号,,,青葉ディサービスセンター,飲食店営業,一般食堂,福,東保衛,32020188,2027/3/31,2021/3/25,2015/3/30
,810-0801,福岡市博多区中洲三丁目２番７号,第９ラインビル　５階　３号室,092-281-1818,Ｄｉａｒｙ．３,飲食店営業,バー,福,博保衛,32010770,2027/3/31,2021/3/25,2021/3/25
,,福岡市内一円,,,わかば企画,飲食店営業,仮設(仮設営業),福,博保衛,32680032,2026/3/31,2021/3/25,2016/2/25
,810-0042,福岡市中央区赤坂一丁目１１番８号,セントポーリア赤坂１Ｆ,,估々,飲食店営業,一般食堂,福,中保衛,32020563,2027/3/31,2021/3/25,2003/2/5
株式会社ジオ,810-0041,福岡市中央区大名一丁目１０番２９号,ステージ１ビル３Ｆ,092-734-3300,ＳＡＬＯＮ　ＢＥＬＩＥＲ,飲食店営業,バー,福,中保衛,32010883,2027/3/31,2021/3/25,2021/3/25
株式会社プロントコーポレーション,810-0001,福岡市中央区天神二丁目９番２１４号,,092-771-3430,プロント　福岡新天町店,飲食店営業,一般食堂,福,中保衛,32010969,2027/3/31,2021/3/25,2021/3/25
キャプテンダイニング株式会社,815-0083,福岡市南区高宮一丁目６番４号,１Ｆ,092-212-1129,大衆焼肉平尾のたまや,飲食店営業,一般食堂,福,南保衛,32020188,2027/3/31,2021/3/25,2015/3/17
,814-0104,福岡市城南区別府五丁目１３番２６号,,,ｓｏｎｏ．,飲食店営業,一般食堂,福,城保衛,32010062,2027/3/31,2021/3/25,2021/3/25
,814-0133,福岡市城南区七隈七丁目５番２号,メゾンドルシエール１階,,テキサス　リグ,飲食店営業,一般食堂,福,城保衛,32010063,2027/3/31,2021/3/25,2021/3/25
,814-0103,福岡市城南区鳥飼六丁目８番２号,,092-775-9227,まるも食堂,飲食店営業,一般食堂,福,城保衛,32010049,2027/3/31,2021/3/25,2021/3/25
株式会社イートルズ,814-0032,福岡市早良区小田部六丁目１１番１５号,,092-822-0112,原口病院循環器科内科,飲食店営業,一般食堂,福,早保衛,32010175,2027/3/31,2021/3/25,2021/3/25
株式会社イイト,814-0002,福岡市早良区西新四丁目１番１号,プラリバ　１１３,092-407-0906,フローリッシュ/洋食ランド,飲食店営業,一般食堂,福,早保衛,32010163,2027/3/31,2021/3/25,2021/3/25
株式会社ＺＲｏｍａｎ,813-0013,福岡市東区香椎駅前一丁目６番２２号,１Ｆ,092-682-1099,香椎ハーバー食堂,飲食店営業,一般食堂,福,東保衛,32010214,2027/3/31,2021/3/26,2021/3/26
Ｔー２ＰＬＡＮＮＩＮＧ株式会社,813-0013,福岡市東区香椎駅前二丁目１２番５２号,２Ｆ,092-671-3478,ＭＥＴＲＯＰＯＬＩＳ,飲食店営業,一般食堂,福,東保衛,32010227,2027/3/31,2021/3/26,2021/3/26
コチネレ　株式会社,812-0011,福岡市博多区博多駅前三丁目１９番２２号,石蔵ビル　１、２Ｆ,092-409-6539,博多百年蔵　そば酒場　コチソバ,飲食店営業,一般食堂,福,博保衛,32010772,2027/3/31,2021/3/26,2021/3/26
株式会社　シャイン,812-0026,福岡市博多区上川端町４番２２４号,,092-260-3373,ＣＡＦＥ　ＢＡＲ　ＲＡＩＮＢＯＷ,飲食店営業,バー,福,博保衛,32010796,2027/3/31,2021/3/26,2021/3/26
,812-0041,福岡市博多区吉塚三丁目２８番１４号,シティヒルズレゼルブ　２Ｆ　２０１,092-611-5858,ふじわら,飲食店営業,一般食堂,福,博保衛,32020652,2027/3/31,2021/3/26,2009/2/19
福岡協同製餡　株式会社,812-0041,福岡市博多区吉塚五丁目９番１号,,092-710-7260,福岡協同製餡株式会社,あん類製造業,なし,福,博保衛,32250001,2027/3/31,2021/3/26,2021/3/26
有限会社　楽天地,812-0011,福岡市博多区博多駅前二丁目５番２３号,,092-477-2800,元祖もつ鍋　楽天地　博多駅前２丁目店,飲食店営業,一般食堂,福,博保衛,32020651,2027/3/31,2021/3/26,1989/2/15
株式会社プロントコーポレーション,810-0041,福岡市中央区大名二丁目９番１１号,,,プロント　博多グリーンホテル天神店,飲食店営業,一般食堂,福,中保衛,32010970,2027/3/31,2021/3/26,2021/3/26
,810-0001,福岡市中央区天神二丁目２番４３号,ソラリアプラザＢ２,092-733-7522,餃子屋　弐ノ弐　ソラリアプラザ店,飲食店営業,一般食堂,福,中保衛,32010982,2027/3/31,2021/3/26,2021/3/26
株式会社愛日,810-0002,福岡市中央区西中洲５番６号,西中洲コーポ１０６号,092-771-8870,会員制　なか里,飲食店営業,バー,福,中保衛,32010939,2027/3/31,2021/3/26,2021/3/26
,811-1324,福岡市南区警弥郷一丁目７番１５号,,092-581-4913,大長酒店,飲食店営業,一般食堂,福,南保衛,32020189,2027/3/31,2021/3/26,2009/1/5
,814-0002,福岡市早良区西新一丁目７番１０号,てんぐ屋西新ビル　１Ｆ,092-841-3035,やきとりホーマン,飲食店営業,一般食堂,福,早保衛,32010177,2027/3/31,2021/3/26,2021/3/26
有限会社バスターズ,813-0003,福岡市東区香住ケ丘六丁目４番１０号,,092-692-5738,からあげ桜香住ケ丘店,飲食店営業,弁当屋,福,東保衛,32010229,2027/3/31,2021/3/29,2021/3/29
,813-0036,福岡市東区若宮四丁目２０番３６号,,092-673-3118,中国菜隨園,飲食店営業,一般食堂,福,東保衛,32010219,2027/3/31,2021/3/29,2021/3/29
,810-0801,福岡市博多区中洲三丁目１番８号,ＴＭ－３２ＢＵＩＬＤＩＮＧ　４階　４０８号,,ＡＶＥＮＴＡＤＯＲ,飲食店営業,バー,福,博保衛,32010801,2027/3/31,2021/3/29,2021/3/29
,810-0801,福岡市博多区中洲三丁目７番１５号,ＴＭ－３０ＢＵＩＬＤＩＮＧ　５階　Ａ号室,,Ｂａｒ　ＯＷＬ,飲食店営業,バー,福,博保衛,32010784,2027/3/31,2021/3/29,2021/3/29
有限会社　楽天地,812-0012,福岡市博多区博多駅中央街９番１号,ＫＩＴＴＥ博多　Ｂ１Ｆ,092-432-2111,モツ酒場楽天地　ＫＩＴＴＥ博多店,飲食店営業,一般食堂,福,博保衛,32010762,2027/3/31,2021/3/29,2021/3/29
,810-0041,福岡市中央区大名二丁目１番５０号,第一公建ビル４０２号,092-707-1715,風,飲食店営業,バー,福,中保衛,32010972,2027/3/31,2021/3/29,2021/3/29
,810-0062,福岡市中央区荒戸一丁目９番２１号,仙成ビル１０２号,092-712-0220,和酒処天ぷら　たかさん,飲食店営業,一般食堂,福,中保衛,32010991,2027/3/31,2021/3/29,2021/3/29
株式会社コシダカ,815-0033,福岡市南区大橋一丁目１５番６号,アルボーレ大橋２Ｆ,,カラオケまねきねこ西鉄大橋駅西口店,飲食店営業,一般食堂,福,南保衛,32010182,2027/3/31,2021/3/29,2021/3/29
,814-0022,福岡市早良区原六丁目２２番２３号,,092-841-5012,ＬＵＭＯＳ　ＰＡＮ,菓子製造業,パン,福,早保衛,32050024,2027/3/31,2021/3/29,2021/3/29
株式会社童夢,814-0002,福岡市早良区西新五丁目９番５号,,092-821-3200,セブンウインズ食堂,飲食店営業,一般食堂,福,早保衛,32010182,2027/3/31,2021/3/29,2021/3/29
,814-0175,福岡市早良区田村三丁目３３番１２号,ファミールプラザ　１０２,,居酒屋　正六,飲食店営業,一般食堂,福,早保衛,32020199,2027/3/31,2021/3/29,2015/2/26
,811-1112,福岡市早良区小笠木１２１５,,,柴田商店,飲食店営業,弁当屋,福,早保衛,32010181,2027/3/31,2021/3/29,2021/3/29
有限会社トーコー,819-0025,福岡市西区石丸四丁目３番１号,,092-894-1800,Ｙショップ白十字病院売店,飲食店営業,主として喫茶,福,西保衛,32010105,2027/3/31,2021/3/29,2021/3/29
,810-0021,福岡市中央区今泉一丁目１３番２７号,サンスペース今泉３０３,092-753-9312,和漢茶房　つくよみ,飲食店営業,一般食堂,福,中保衛,32010994,2027/3/31,2021/3/30,2021/3/30
株式会社喰道楽,810-0003,福岡市中央区春吉二丁目１４番８号,,092-753-9330,博多とよ唐亭春吉店,飲食店営業,弁当屋,福,中保衛,32010952,2027/3/31,2021/3/30,2021/3/30
,810-0012,福岡市中央区白金二丁目１５番１７号,白金Ｋ－２Ｂ,092-521-5007,丹ぜん,飲食店営業,バー,福,中保衛,32010943,2027/3/31,2021/3/30,2021/3/30
,815-0042,福岡市南区若久五丁目３８番１２号,,092-551-8984,プチハウス,飲食店営業,一般食堂,福,南保衛,32010189,2027/3/31,2021/3/30,2021/3/30
シダックス大新東ヒューマンサービス株式会社,815-0042,福岡市南区若久一丁目１２番１号,,092-541-4210,福岡市立若久小学校,飲食店営業,一般食堂,福,南保衛,32010167,2027/3/31,2021/3/30,2021/3/30
有限会社アウル,814-0123,福岡市城南区長尾一丁目１６番２０－１０１号,,092-863-9814,もつ鍋　焼肉　よし田,食肉販売業,一般,福,城保衛,32340012,2027/3/31,2021/3/30,2015/1/29
国立大学法人九州大学,819-0385,福岡市西区元岡７４４,,092-802-4915,畜肉加工室,食肉製品製造業,なし,福,西保衛,32350001,2027/3/31,2021/3/30,2021/3/30
株式会社ＣＡＮＶＡＳ,813-0017,福岡市東区香椎照葉六丁目６番２号,アイランド・アイＡ棟,092-410-1130,じげもんちゃんぽん,飲食店営業,一般食堂,福,東保衛,32010240,2027/3/31,2021/3/31,2021/3/31
株式会社　博多ほてい屋,812-0027,福岡市博多区下川端町１番３３８号,,092-291-2320,博多ほてい屋,飲食店営業,一般食堂,福,博保衛,32010812,2027/3/31,2021/3/31,2021/3/31
,812-0027,福岡市博多区下川端町８番１１号,,092-262-5678,Ｉｇｎｉｔｉｏｎ　Ｓｗｉｔｃｈ,菓子製造業,一般,福,博保衛,32050051,2027/3/31,2021/3/31,2021/3/31
,812-0027,福岡市博多区下川端町１番３３１号,,092-282-7742,多味亭ーＫポチャ,飲食店営業,一般食堂,福,博保衛,32020653,2027/3/31,2021/3/31,2003/3/7
株式会社　八仙閣,812-0013,福岡市博多区博多駅東二丁目７番２７号,ＴＥＲＡＳＯⅠ　１Ｆ,092-411-4181,カフェオトミレ,飲食店営業,一般食堂,福,博保衛,32010804,2027/3/31,2021/3/31,2021/3/31
,810-0022,福岡市中央区薬院一丁目４番２１号　２Ｆ,,,Ｂａｒ　文月,飲食店営業,バー,福,中保衛,32020564,2027/3/31,2021/3/31,2015/2/19
,810-0024,福岡市中央区桜坂一丁目７番１２号,ローラン赤坂１０４,092-781-3332,惣菜こいろ,飲食店営業,そうざい,福,中保衛,32010948,2027/3/31,2021/3/31,2021/3/31
マミーズ株式会社,810-0063,福岡市中央区唐人町一丁目１１番１２号,ダイアパレス唐人町１Ｆ,092-762-0210,マミーズ唐人店,魚肉ねり製品製造業,一般,福,中保衛,32170008,2027/3/31,2021/3/31,2021/3/31
株式会社ＧＲＡＺＩＥ,814-0142,福岡市城南区片江一丁目４番６号,,,３６９　ＣＨＩＣＫＥＮ,飲食店営業,一般食堂,福,城保衛,32010064,2027/3/31,2021/3/31,2021/3/31
シダックス大新東ヒューマンサービス株式会社,814-0176,福岡市早良区四箇田団地５６－1,,092-811-6103,福岡市立四箇田小学校,飲食店営業,一般食堂,福,早保衛,32010162,2027/3/31,2021/3/31,2021/3/31
,811-0206,福岡市東区雁の巣二丁目４２番２４号,,092-606-1389,海のパン家 Ｍｏｒｙ’ｓ ｍｏｍ ｋｉｔｃｈｅｎ,菓子製造業,一般,福,東保衛,32050019,2027/3/31,2021/4/1,2021/4/1
一冨士フードサービス株式会社,813-0016,福岡市東区香椎浜一丁目４番１号,,,４７６５８事業所,飲食店営業,一般食堂,福,東保衛,32010217,2027/3/31,2021/4/1,2021/4/1
一冨士フードサービス株式会社,811-0201,福岡市東区三苫七丁目３６０番地,,,４７６５９事業所,飲食店営業,一般食堂,福,東保衛,32010216,2027/3/31,2021/4/1,2021/4/1
,810-0801,福岡市博多区中洲二丁目６番１２号,第５ラインビル　６階　５号室,092-710-4272,ＬＵＺＡ,飲食店営業,バー,福,博保衛,32010803,2027/3/31,2021/4/1,2021/4/1
株式会社　ジャンプ,812-0022,福岡市博多区神屋町１０番１８号,,092-262-3288,モカジャバ　バーガー,飲食店営業,一般食堂,福,博保衛,32010789,2027/3/31,2021/4/1,2021/4/1
株式会社　ＴＮ　ｔｗｏｗｉｎ,810-0801,福岡市博多区中洲二丁目３番１号,中洲Ｆビル　３階　３０１号室,,ＣＬＵＢ　ＵＲＡＮＵＳ　別館,飲食店営業,カフェー,福,博保衛,32010806,2027/3/31,2021/4/1,2021/4/1
,810-0801,福岡市博多区中洲二丁目７番１６号,あづまビル　５階　Ａ号室,,ＰＵＧ,飲食店営業,バー,福,博保衛,32010800,2027/3/31,2021/4/1,2021/4/1
Ｃａｒｂｏｎ　Ｏｙｓｔｅｒｓ合同会社,810-0025,福岡市中央区薬院伊福町１１番地１,ＫＡＺビル１０１,092-534-7188,Ｃａｒｂｏｎ,飲食店営業,一般食堂,福,中保衛,32011000,2027/3/31,2021/4/1,2021/4/1
,810-0041,福岡市中央区大名一丁目３番５号,アークキューブ３Ｆ,,ｂｉｎｇｏ,飲食店営業,バー,福,中保衛,32010995,2027/3/31,2021/4/1,2021/4/1
株式会社Ｇｉｖｉｎｇ　ｍａｎ,810-0004,福岡市中央区渡辺通五丁目１４番２１号,福美荘１０２,,Ｎｉｒｇｏ,飲食店営業,一般食堂,福,中保衛,32010974,2027/3/31,2021/4/1,2021/4/1
株式会社エルク,810-0033,福岡市中央区小笹三丁目５番１９号,水上ビル１Ｆ,092-708-1008,チャンピオン,飲食店営業,一般食堂,福,中保衛,32010935,2027/3/31,2021/4/1,2021/4/1
一般財団法人　恵愛団,812-8582,福岡市東区馬出三丁目１番１号,九州大学病院内,092-642-6853,タリーズコーヒー九州大学病院店,飲食店営業,一般食堂,福,東保衛,32010230,2027/6/30,2021/4/2,2021/4/2
,812-0895,福岡市博多区竹下四丁目１４番１号,１Ｆ,,スナック　くるくるパーティ,飲食店営業,バー,福,博保衛,32010811,2027/6/30,2021/4/2,2021/4/2
ＫＯＫＯ　株式会社,810-0801,福岡市博多区中洲二丁目６番７号,ジョイフルヤマモトビル　４階　２号室,092-282-4755,華音,飲食店営業,カフェー,福,博保衛,32010720,2027/6/30,2021/4/2,2021/4/2
合同会社エフワイ・ムーン,810-0001,福岡市中央区天神三丁目５番７号,ホテルマイステイズ福岡天神１Ｆ,092-720-3600,銀の月　天神店,飲食店営業,一般食堂,福,中保衛,32010999,2027/6/30,2021/4/2,2021/4/2
株式会社ファロンダイニング,810-0021,福岡市中央区今泉一丁目１９番１２号,サキタビル１Ｆ,092-712-1500,つけ麺ラーメン　フジヤマ５５　福岡天神店,飲食店営業,一般食堂,福,中保衛,32010997,2027/6/30,2021/4/2,2021/4/2
,810-0002,福岡市中央区西中洲２番９号,ライオンビル高山館１１１号,092-712-3688,会員制　ｋｏｕ,飲食店営業,一般食堂,福,中保衛,32010938,2027/6/30,2021/4/2,2021/4/2
,815-0074,福岡市南区寺塚二丁目１４番,スカイタウン寺塚２５－３０２号,,ｏｒｇａｎｉｃ　ｏｙａｔｓｕ　研究所,菓子製造業,一般,福,南保衛,32050027,2027/6/30,2021/4/2,2021/4/2
,815-0033,福岡市南区大橋二丁目１１番１２号,江川ビル１Ｆ,092-552-5533,ビフテキ屋　うえすたん　大橋店,飲食店営業,一般食堂,福,南保衛,32010191,2027/6/30,2021/4/2,2021/4/2
,814-0121,福岡市城南区神松寺二丁目３番８号,,092-210-8892,やきとり大笑,飲食店営業,一般食堂,福,城保衛,33020001,2027/6/30,2021/4/2,2015/5/1
東洋ビル管理株式会社,814-0001,福岡市早良区百道浜三丁目７番１号,福岡市総合図書館内,092-852-0600,喫茶　ＢＯＮＡ,飲食店営業,一般食堂,福,早保衛,32010178,2027/6/30,2021/4/2,2021/4/2
朝日給食サービス株式会社,814-0002,福岡市早良区西新六丁目４番１号,,,福岡市立西新小学校,飲食店営業,一般食堂,福,早保衛,32010174,2027/6/30,2021/4/2,2021/4/2
株式会社３９ダイニング,813-0013,福岡市東区香椎駅前一丁目３００－３,,,３９ダイニング,菓子製造業,一般,福,東保衛,32050022,2027/6/30,2021/4/5,2021/4/5
トリゼンダイニング　株式会社,812-0013,福岡市博多区博多駅東一丁目１４番１号,アパホテル博多駅筑紫口セントラル　１Ｆ,092-432-1388,博多華味鳥筑紫口店　別館,飲食店営業,一般食堂,福,博保衛,32010723,2027/6/30,2021/4/5,2021/4/5
,810-0801,福岡市博多区中洲二丁目５番１８号,第２０ラインビル　５階　５号室,,一ノ瀬,飲食店営業,バー,福,博保衛,32010795,2027/6/30,2021/4/5,2021/4/5
有限会社　ウィナー,812-0013,福岡市博多区博多駅東二丁目４番１７号,第６岡部ビル　１Ｆ,092-472-0870,はなれ別邸,飲食店営業,一般食堂,福,博保衛,33010010,2027/6/30,2021/4/5,2021/4/5
,812-0026,福岡市博多区上川端町３番３－１号,秋吉第５十美ビル　２Ｆ,,ＤＡＲＴＳ＆ＢＡＲ　トレゾル,飲食店営業,バー,福,博保衛,33010001,2027/6/30,2021/4/5,2021/4/5
,810-0801,福岡市博多区中洲三丁目６番７号,ギャラリーヤマモトビル　４階　２号室,,ＡＪＡＲＡ,飲食店営業,バー,福,博保衛,32010813,2027/6/30,2021/4/5,2021/4/5
,812-0893,福岡市博多区那珂四丁目１７番１号,,092-710-4163,ミートプラス,食肉販売業,一般,福,博保衛,32330131,2027/6/30,2021/4/5,2021/4/5
株式会社　福岡店屋町オペレーションズ,812-0025,福岡市博多区店屋町６番２６号,,092-402-2725,ＢＵＴＣＨＥＲ　ＢＯＸ,飲食店営業,一般食堂,福,博保衛,32010816,2027/6/30,2021/4/5,2021/4/5
株式会社　ＭＥＡＴ　ＰＬＵＳ,812-0893,福岡市博多区那珂四丁目１７番１号,,092-710-4163,ミートプラス,食肉販売業,一般,福,博保衛,32330141,2027/6/30,2021/4/5,2021/4/5
,810-0073,福岡市中央区舞鶴三丁目１番８号,本町ビル１Ｆ,,Ｒｅａｌｉｍ倶楽部,飲食店営業,一般食堂,福,中保衛,33010001,2027/6/30,2021/4/5,2021/4/5
,810-0004,福岡市中央区渡辺通五丁目１６番１２号,,092-713-6086,居酒屋　みなみ,飲食店営業,一般食堂,福,中保衛,32010872,2027/6/30,2021/4/5,2021/4/5
Ｌｉｔａ株式会社,810-0042,福岡市中央区赤坂一丁目１３番２８号,ロマネスク赤坂１０５号,092-752-7277,焼き鳥松元　赤坂店,飲食店営業,一般食堂,福,中保衛,32011003,2027/6/30,2021/4/5,2021/4/5
株式会社田舎茶屋,811-1302,福岡市南区井尻四丁目５番１号,,092-501-0099,風流　田舎屋,飲食店営業,一般食堂,福,南保衛,32010190,2027/6/30,2021/4/5,2021/4/5
,811-1302,福岡市南区井尻五丁目８番２５－１０２号,,,上海珈琲,飲食店営業,一般食堂,福,南保衛,33010001,2027/6/30,2021/4/5,2021/4/5
,811-1302,福岡市南区井尻二丁目４９番３１号,,,ＬＡＡＬＴＥＥＮ,飲食店営業,一般食堂,福,南保衛,32010145,2027/6/30,2021/4/5,2021/4/5
,814-0121,福岡市城南区神松寺二丁目１１番１号,,,保護猫カフェ　Ｌｉｅｎ,飲食店営業,一般食堂,福,城保衛,33010001,2027/6/30,2021/4/5,2021/4/5
,,福岡市内一円,,,たこ焼き 寅ちゃん,飲食店営業,移動Ｂ,福,東保衛,33010006,2026/6/30,2021/4/6,2021/4/6
,,福岡市内一円,,,スイートペッパー,喫茶店営業,移動営業,福,東保衛,33230001,2026/6/30,2021/4/6,2021/4/6
株式会社　角蔵,812-0012,福岡市博多区博多駅中央街２番１号,博多バスターミナルビル　８Ｆ,092-409-9835,角蔵家,飲食店営業,一般食堂,福,博保衛,33010007,2027/6/30,2021/4/6,2021/4/6
,810-0003,福岡市中央区春吉三丁目１２番１６号,安藤ビル２０１,,ボンクラ大学,飲食店営業,一般食堂,福,中保衛,33010013,2027/6/30,2021/4/6,2021/4/6
,810-0063,福岡市中央区唐人町一丁目１２番３１号,（唐人町商店街内）,,量り売り専門店　ＨＡＫＡＣＣＩＡＯ！！,飲食店営業,主として喫茶,福,中保衛,32010996,2027/6/30,2021/4/6,2021/4/6
木下緑化建設株式会社,811-1353,福岡市南区柏原七丁目５７１番地１,,092-565-5114,花カフェ,飲食店営業,一般食堂,福,南保衛,32010161,2027/6/30,2021/4/6,2021/4/6
,814-0022,福岡市早良区原四丁目８番４５号,,,ローソン福岡原団地店,飲食店営業,一般食堂,福,早保衛,32010159,2027/6/30,2021/4/6,2021/4/6
,814-0002,福岡市早良区西新五丁目２番３５号,,092-836-9212,峯本おでん店,飲食店営業,一般食堂,福,早保衛,32010165,2027/6/30,2021/4/6,2021/4/6
ＭＤ合同会社,812-0053,福岡市東区箱崎二丁目３５番４－１０３号,,092-409-9266,３９－ベトナムフード,飲食店営業,一般食堂,福,東保衛,33010004,2027/6/30,2021/4/7,2021/4/7
,812-0053,福岡市東区箱崎一丁目３番１４号,,092-645-0555,ほっかほっか亭箱崎１丁目店,飲食店営業,弁当屋,福,東保衛,32010244,2027/6/30,2021/4/7,2021/4/7
,813-0044,福岡市東区千早五丁目９番１４号,ロイヤル前,,寅政,飲食店営業,ろ店(定置屋台),福,東保衛,33030001,2026/6/30,2021/4/7,2021/4/7
有限会社　ウィナー,812-0043,福岡市博多区堅粕二丁目１３番１２号,,,キッチン　カタカス,飲食店営業,一般食堂,福,博保衛,32010263,2027/6/30,2021/4/7,2021/4/7
株式会社ＩＳＯＬＡＢＯ,810-0022,福岡市中央区薬院一丁目６番７号,ヴァンクール薬院１０１,,磯ＬＡＢＯ,飲食店営業,一般食堂,福,中保衛,33010017,2027/6/30,2021/4/7,2021/4/7
株式会社なか尾,810-0002,福岡市中央区西中洲３番１号,デルタウエスト２Ｆ,092-739-0124,水炊き一慶　西中洲店,飲食店営業,一般食堂,福,中保衛,33010027,2027/6/30,2021/4/7,2021/4/7
株式会社ネクストプレイス,814-0002,福岡市早良区西新四丁目１番１号,プラリバ　地下１階,092-407-6696,福岡ぐる皮プラリバ店,飲食店営業,一般食堂,福,早保衛,33010007,2027/6/30,2021/4/7,2021/4/7
株式会社三幸,819-0002,福岡市西区姪の浜三丁目２４番１９号,,092-892-6880,みわちゃん,飲食店営業,一般食堂,福,西保衛,32010119,2027/6/30,2021/4/7,2021/4/7
株式会社ユタ,,福岡市内一円,,,ｕｋ（ユタキッチンカー）,飲食店営業,移動Ｂ,福,東保衛,33010007,2026/6/30,2021/4/8,2021/4/8
株式会社　電光石火,812-0018,福岡市博多区住吉一丁目２番１号,キャナルシティ博多ノースビル　Ｂ１Ｆ,092-409-3277,電光石火　キャナルシティ博多店,飲食店営業,一般食堂,福,博保衛,32010764,2027/6/30,2021/4/8,2021/4/8
株式会社　ふくや,810-0801,福岡市博多区中洲二丁目３番１号,中洲Ｆビル　１階　１０１号室,092-292-2416,たべごろ百旬館　Ｆｒｅｓｈ　ｆｏｏｄ＆Ｄｅｌｉ,飲食店営業,弁当屋,福,博保衛,33010033,2027/6/30,2021/4/8,2021/4/8
株式会社　アニメイトカフェ,,福岡市内一円,,,アニメイトカフェキッチンカー,喫茶店営業,移動営業,福,博保衛,33230004,2026/6/30,2021/4/8,2021/4/8
,812-0879,福岡市博多区銀天町一丁目６番６号,,050-5857-2807,Ｏｎｅ　Ｄｉｓｈ　Ｄｅｌｉ,飲食店営業,弁当屋,福,博保衛,33010003,2027/6/30,2021/4/8,2021/4/8
,812-0879,福岡市博多区銀天町二丁目２番５号,ＧⅢビル　５Ｆ　５－Ｂ,,ＢＡＲ　ＳＭＩＬＥ,飲食店営業,バー,福,博保衛,33010030,2027/6/30,2021/4/8,2021/4/8
,810-0801,福岡市博多区中洲四丁目３番１８号,東映プラザビル　５階　５０２号室,092-812-0909,ＢＡＲ　ＳＯＬＩＤ,飲食店営業,一般食堂,福,博保衛,33010004,2027/6/30,2021/4/8,2021/4/8
,810-0801,福岡市博多区中洲四丁目３番１８号,福岡東映プラザビル　４階　４０１号,092-282-3503,Ｃｌｕｂ　ゆめさくら,飲食店営業,カフェー,福,博保衛,32010725,2027/6/30,2021/4/8,2021/4/8
,810-0801,福岡市博多区中洲三丁目１番２号,川丈ビル　４階　Ａ－２室,,Ｒｏｓｅ,飲食店営業,カフェー,福,博保衛,32010805,2027/6/30,2021/4/8,2021/4/8
株式会社　ＮＫＢＦ５,810-0801,福岡市博多区中洲三丁目１番８号,ＴＭ－３２ＢＵＩＬＤＩＮＧ　地下１階　００１～００４号室,092-262-2661,ＤＩＮＩＮＧ　ＢＡＲ　ＧＩＮＴＯ,飲食店営業,一般食堂,福,博保衛,32010767,2027/6/30,2021/4/8,2021/4/8
日本オイコス株式会社,810-0074,福岡市中央区大手門二丁目１番１６号,ＯＴＥＭＯＮ２１１６　２Ｆ,092-401-0394,うぶすな,そうざい製造業,なし,福,中保衛,32570034,2027/6/30,2021/4/8,2021/4/8
日本オイコス株式会社,810-0074,福岡市中央区大手門二丁目１番１６号,ＯＴＥＭＯＮ２１１６　２Ｆ,092-401-0394,うぶすな,食品の冷凍又は冷蔵業,なし,福,中保衛,32190009,2027/6/30,2021/4/8,2021/4/8
,810-0001,福岡市中央区天神三丁目５番８号,第２天神ＭＫビル３Ｆ,092-751-0653,とり屋＃２,飲食店営業,一般食堂,福,中保衛,32010989,2027/6/30,2021/4/8,2021/4/8
,815-0031,福岡市南区清水四丁目２２番１６号,ＰＳビル,,ケンズキッチン,飲食店営業,一般食堂,福,南保衛,32010192,2027/6/30,2021/4/8,2021/4/8
株式会社ＤＢＪ,815-0033,福岡市南区大橋二丁目１５番１２号,,092-710-1324,藤や,飲食店営業,一般食堂,福,南保衛,33010006,2027/6/30,2021/4/8,2021/4/8
株式会社三楽,811-1324,福岡市南区警弥郷一丁目２１番２７号,,092-584-0339,三楽,飲食店営業,一般食堂,福,南保衛,33010005,2027/6/30,2021/4/8,2021/4/8
,814-0161,福岡市早良区飯倉六丁目２４番２１号,,,ＡＪＩＨＡＮＡ２０２１,飲食店営業,一般食堂,福,早保衛,33010002,2027/6/30,2021/4/8,2021/4/8
イオン九州株式会社,814-0002,福岡市早良区西新四丁目８番８号,,092-836-7266,マックスバリュエクスプレス西新店,飲食店営業,弁当屋,福,早保衛,33010001,2027/6/30,2021/4/8,2021/4/8
イオン九州株式会社,814-0002,福岡市早良区西新四丁目８番８号,,092-836-7266,マックスバリュエクスプレス西新店,菓子製造業,パン,福,早保衛,33050001,2027/6/30,2021/4/8,2021/4/8
株式会社きびる,814-0002,福岡市早良区西新四丁目１番１号,プラリバ　４Ｆ,092-833-7508,カフェオットー　ルーフトップガーデン,飲食店営業,一般食堂,福,早保衛,32010170,2027/6/30,2021/4/8,2021/4/8
,812-0053,福岡市東区箱崎三丁目９番４２号,平川ビル５０２号,092-205-6666,Ｂａｒ Ｍａｒｉｏ．ｎｅｔ,飲食店営業,一般食堂,福,東保衛,33010001,2027/6/30,2021/4/9,2021/4/9
株式会社　ＧＯＳＨＯ,810-0801,福岡市博多区中洲三丁目６番９号,花万ビル　１階,092-262-6333,Ｒｉｓｔｏｒａｎｔｅ　ＧＯＳＨＯ,飲食店営業,一般食堂,福,博保衛,32010792,2027/6/30,2021/4/9,2021/4/9
,810-0801,福岡市博多区中洲三丁目６番７号,ギャラリー山本ビル　１階,,ハニスポ　ＮＡＫＡＳＵ,飲食店営業,バー,福,博保衛,33010024,2027/6/30,2021/4/9,2021/4/9
株式会社Ｃａｍｐｓ,812-0013,福岡市博多区博多駅東二丁目１４番１号,ＴＨＥ　ＢＡＳＩＣＳ　ＦＵＫＵＯＫＡ　１Ｆ,,Ｃａｍｐｓ,菓子製造業,一般,福,博保衛,32050007,2027/6/30,2021/4/9,2021/4/9
株式会社Ｃａｍｐｓ,812-0013,福岡市博多区博多駅東二丁目１４番１号,ＴＨＥ　ＢＡＳＩＣＳ　ＦＵＫＵＯＫＡ　１Ｆ,,Ｃａｍｐｓ,そうざい製造業,なし,福,博保衛,32570005,2027/6/30,2021/4/9,2021/4/9
合同会社ＡＩ　ＭＵＳＩＣ　ＥＮＴＥＲＴＡＩＮＭＥＮＴ,810-0063,福岡市中央区唐人町一丁目４番１３号,,092-732-7909,ちぃず庵　糸,飲食店営業,一般食堂,福,中保衛,33010024,2027/6/30,2021/4/9,2021/4/9
株式会社カルぺ・ディエム,810-0001,福岡市中央区天神一丁目８番１号,福岡市役所１Ｆ,,ＵＮＩＶＥＲＳＡＬ　ＣＡＦＥ　Ｃａｒｐｅ,飲食店営業,一般食堂,福,中保衛,33010025,2027/6/30,2021/4/9,2021/4/9
,810-0013,福岡市中央区大宮一丁目１番６号,ホテルニューガイア薬院２Ｆ,092-753-8869,薬院フロバス,飲食店営業,バー,福,中保衛,33010034,2027/6/30,2021/4/9,2021/4/9
,811-1313,福岡市南区曰佐四丁目３５番２２号,,092-571-1233,大鳥,飲食店営業,一般食堂,福,南保衛,32010194,2027/6/30,2021/4/9,2021/4/9
株式会社ママミール,811-1311,福岡市南区横手二丁目１８番１１号,中山ビルＡ，Ｂ,092-589-6165,スマイルぶろっこりー,飲食店営業,仕出し,福,南保衛,33010004,2027/6/30,2021/4/9,2021/4/9
株式会社 ふくや,,福岡市内一円,,,（株）ふくや,飲食店営業,仮設(仮設営業),福,東保衛,33670001,2026/6/30,2021/4/12,2021/4/12
トリゼンダイニング　株式会社,812-0041,福岡市博多区吉塚一丁目１８番２号,,092-624-6188,復刻　とり善,飲食店営業,そうざい,福,博保衛,33010038,2027/6/30,2021/4/12,2021/4/12
全国農業協同組合連合会,812-0012,福岡市博多区博多駅中央街１番１号,ＪＲ博多シティ　Ｂ１Ｆ　アミュプラザ博多,092-710-4274,みのりカフェ,飲食店営業,一般食堂,福,博保衛,33010002,2027/6/30,2021/4/12,2021/4/12
全国農業協同組合連合会,812-0012,福岡市博多区博多駅中央街１番１号,ＪＲ博多シティ　Ｂ１Ｆ　アミュプラザ博多,092-710-4274,みのりカフェ,菓子製造業,一般,福,博保衛,33050001,2027/6/30,2021/4/12,2021/4/12
,810-0062,福岡市中央区荒戸二丁目５番２１号,井上コーポ１階,050-7107-5608,かな吉たこやき,飲食店営業,一般食堂,福,中保衛,33010031,2027/6/30,2021/4/12,2021/4/12
株式会社ウエダ,810-0075,福岡市中央区港三丁目１番９号,,092-714-6161,株式会社ウエダ,食品の冷凍又は冷蔵業,なし,福,中保衛,32190008,2027/6/30,2021/4/12,2021/4/12
,810-0021,福岡市中央区今泉一丁目２１番２号,ステージ天神３　４Ｆ,092-711-3030,今泉バルの離れ　ＣＢ,飲食店営業,バー,福,中保衛,33010042,2027/6/30,2021/4/12,2021/4/12
株式会社ＴＯＲＩＫＡＩ　ＣＡＦＥ,810-0022,福岡市中央区薬院二丁目２番２４号,チサンマンション第３博多１０２号,,Ｓｏｙ　Ｓｔｏｒｉｅｓ　ＹＡＫＵＩＮ,飲食店営業,一般食堂,福,中保衛,32011004,2027/6/30,2021/4/12,2021/4/12
ＮＴＴ都市開発ホテルマネジメント株式会社,810-0021,福岡市中央区今泉一丁目２番１３号,３階,092-753-8695,ライフ天神福岡,飲食店営業,一般食堂,福,中保衛,33010014,2027/6/30,2021/4/12,2021/4/12
,814-0155,福岡市城南区東油山５１５番地の１４,,092-401-0606,ＴＳＵＩＢＯ　東油山店,飲食店営業,一般食堂,福,城保衛,33010003,2027/6/30,2021/4/12,2021/4/12
株式会社 アンジュブラン,814-0104,福岡市城南区別府三丁目１８番３号,,,アンジュ　ｍｙ　キッチン,飲食店営業,そうざい,福,城保衛,33010002,2027/6/30,2021/4/12,2021/4/12
株式会社エル三和,813-0044,福岡市東区千早三丁目６番３７号,ガーデンズ千早１F,092-405-0929,ミートアップ,飲食店営業,そうざい,福,東保衛,32010245,2027/6/30,2021/4/13,2021/4/13
株式会社エル三和,813-0044,福岡市東区千早三丁目６番３７号,ガーデンズ千早１F,092-405-0929,お肉の三周家,食肉販売業,一般,福,東保衛,32330049,2027/6/30,2021/4/13,2021/4/13
株式会社ゆめマート熊本,813-0044,福岡市東区千早三丁目６番３７号,,092-691-4532,サニーガーデンズ千早,飲食店営業,弁当屋,福,東保衛,32010236,2027/6/30,2021/4/13,2021/4/13
株式会社ゆめマート熊本,813-0044,福岡市東区千早三丁目６番３７号,,092-691-4532,サニーガーデンズ千早,飲食店営業,そうざい,福,東保衛,32010237,2027/6/30,2021/4/13,2021/4/13
株式会社ゆめマート熊本,813-0044,福岡市東区千早三丁目６番３７号,,092-691-4532,サニーガーデンズ千早,飲食店営業,弁当屋,福,東保衛,32010238,2027/6/30,2021/4/13,2021/4/13
株式会社ゆめマート熊本,813-0044,福岡市東区千早三丁目６番３７号,,092-691-4532,サニーガーデンズ千早,菓子製造業,パン,福,東保衛,32050021,2027/6/30,2021/4/13,2021/4/13
株式会社ゆめマート熊本,813-0044,福岡市東区千早三丁目６番３７号,,092-691-4532,サニーガーデンズ千早,魚介類販売業,一般,福,東保衛,32130022,2027/6/30,2021/4/13,2021/4/13
,812-0011,福岡市博多区博多駅前三丁目１２番２５号,１Ｆ,,米福,飲食店営業,一般食堂,福,博保衛,32010786,2027/6/30,2021/4/13,2021/4/13
,810-0801,福岡市博多区中洲二丁目７番２０号,ニューワールドビル　１階　全室,092-263-3030,ｇａｒｄｅ,飲食店営業,バー,福,博保衛,33010032,2027/6/30,2021/4/13,2021/4/13
,812-0884,福岡市博多区寿町三丁目２番１０号,ソシアルビル　１Ｆ　１－Ａ号室,092-558-0708,Ｒ’Ｓ,飲食店営業,バー,福,博保衛,33010006,2027/6/30,2021/4/13,2021/4/13
株式会社ＥＢＦｉｓｈ,810-0073,福岡市中央区舞鶴一丁目６番２８号,エステートモア天神倶楽部１Ｆ,,定食　馬乃米　天神店,飲食店営業,一般食堂,福,中保衛,33010033,2027/6/30,2021/4/13,2021/4/13
,810-0002,福岡市中央区西中洲１番７号,小畑ビル５階,092-725-3314,ＧＪＨ,飲食店営業,バー,福,中保衛,33010043,2027/6/30,2021/4/13,2021/4/13
株式会社やますえ,810-0001,福岡市中央区天神一丁目４番１号,大丸福岡天神店東館Ｂ２Ｆ,,Ｆｒｅａｋｓ＆Ｃｏ．ＩＴＯＳＨＩＭＡ,飲食店営業,そうざい,福,中保衛,32010981,2027/6/30,2021/4/13,2021/4/13
,,福岡市内一円,,,台湾茶専門店　花音,菓子製造業,移動Ｂ,福,中保衛,33050008,2026/6/30,2021/4/13,2021/4/13
,810-0004,福岡市中央区渡辺通五丁目２４番２２号,世和家ビル北側,,姫ちゃん,飲食店営業,ろ店(定置屋台),福,中保衛,33030001,2026/6/30,2021/4/13,2021/4/13
ユウベル株式会社,810-0023,福岡市中央区警固一丁目９番３号,,092-761-0345,福岡ユウベルホテル,飲食店営業,一般食堂,福,中保衛,33010035,2027/6/30,2021/4/13,2021/4/13
株式会社不二家,813-0016,福岡市東区香椎浜三丁目１２番１号,,,不二家イオン香椎浜店,飲食店営業,一般食堂,福,東保衛,32010226,2027/6/30,2021/4/14,2021/4/14
株式会社ＬＥＯＣ,813-0017,福岡市東区香椎照葉三丁目５番１号,,092-672-8970,福岡みらい病院事業所,飲食店営業,一般食堂,福,東保衛,33010009,2027/6/30,2021/4/14,2021/4/14
株式会社はとや,813-0044,福岡市東区千早三丁目６番３７号,ガーデンズ千早１Ｆ,,１００ＰｒｅｍｉｕｍＢａｋｅｒｙＳＵＭＯＭＯガーデンズ千早店,菓子製造業,一般,福,東保衛,33050001,2027/6/30,2021/4/14,2021/4/14
株式会社はとや,813-0044,福岡市東区千早三丁目６番３７号,ガーデンズ千早１Ｆ,,１００ＰｒｅｍｉｕｍＢａｋｅｒｙＳＵＭＯＭＯガーデンズ千早店,飲食店営業,弁当屋,福,東保衛,33010002,2027/6/30,2021/4/14,2021/4/14
株式会社　十徳,812-0018,福岡市博多区住吉三丁目１０番２５号,第１５川崎ビル　１Ｆ　１０３号,,デリズ博多店,飲食店営業,仕出し,福,博保衛,32010814,2027/6/30,2021/4/14,2021/4/14
安藤造園土木　株式会社,812-0018,福岡市博多区住吉二丁目１０番７号,,092-262-6665,楽水園,喫茶店営業,一般,福,博保衛,33230001,2027/6/30,2021/4/14,2021/4/14
,812-0044,福岡市博多区千代四丁目２０番１９号,１Ｆ　１０２号,,ｓａｌｏｎ　ｄｅ　ｍａｉ,そうざい製造業,なし,福,博保衛,33570001,2027/6/30,2021/4/14,2021/4/14
,810-0801,福岡市博多区中洲三丁目１番８号,ＴＭ－３２ＢＵＩＬＤＩＮＧ　地下１階　００７号,092-262-2770,Ｂａｒ　ＪＵＳＴ,飲食店営業,バー,福,博保衛,33010027,2027/6/30,2021/4/14,2021/4/14
,810-0801,福岡市博多区中洲三丁目２番１２号,第三ラインビル　３階　４号室,,祇園のあと,飲食店営業,一般食堂,福,博保衛,33010008,2027/6/30,2021/4/14,2021/4/14
,810-0041,福岡市中央区大名一丁目８番５号,養巴コープ１０２号,,Ｂａｒ　ｇｏ！　ｇｏ！,飲食店営業,バー,福,中保衛,33010047,2027/6/30,2021/4/14,2021/4/14
株式会社スドー,810-0075,福岡市中央区港一丁目４番１６号,サンシャイン大濠北１Ｆ,092-791-8547,焼肉　ヨーコ,飲食店営業,一般食堂,福,中保衛,33010022,2027/6/30,2021/4/14,2021/4/14
株式会社バズフック,810-0022,福岡市中央区薬院一丁目１２番３０号,ＢＵＺＺＨＡＵＳ１階,092-982-3930,．ＡＮＤ　ＲＥＡＤＹ,アイスクリーム類製造業,一般,福,中保衛,33270001,2027/6/30,2021/4/14,2021/4/14
株式会社魚国総本社,814-0002,福岡市早良区西新四丁目８番８号　１４Ｆ,,,魚国総本社・福岡２９１９４１,飲食店営業,一般食堂,福,早保衛,32010173,2027/6/30,2021/4/14,2021/4/14
,813-0012,福岡市東区香椎駅東四丁目４６番１０号,フリーデンスやひろ１Ｆ,092-682-4135,まごころ弁当 福岡東区本店,飲食店営業,弁当屋,福,東保衛,33010005,2027/6/30,2021/4/15,2021/4/15
,811-0201,福岡市東区三苫六丁目７番８号,,,プーさんのおやつ屋,菓子製造業,一般,福,東保衛,33050002,2027/6/30,2021/4/15,2021/4/15
,810-0801,福岡市博多区中洲二丁目１番１４号,１階,092-263-0019,Ｂａｒ　ｅｓ,飲食店営業,バー,福,博保衛,33010031,2027/6/30,2021/4/15,2021/4/15
,810-0801,福岡市博多区中洲二丁目６番７号,ジョイフルヤマモトビル　３階　６号室,,Ｃａｍｅｌｉａ,飲食店営業,バー,福,博保衛,33010028,2027/6/30,2021/4/15,2021/4/15
,812-0884,福岡市博多区寿町三丁目２番１０号,ソシアルセンタービル　３Ｆ,,コーナールーム,飲食店営業,一般食堂,福,博保衛,33010046,2027/6/30,2021/4/15,2021/4/15
,812-0039,福岡市博多区冷泉町９番１号,リファレンス冷泉　１Ｆ,092-291-8101,しま屋,飲食店営業,一般食堂,福,博保衛,32010777,2027/6/30,2021/4/15,2021/4/15
,812-0039,福岡市博多区冷泉町８番２０号,２Ｆ,092-261-2322,小料理屋　そのへん,飲食店営業,一般食堂,福,博保衛,33010042,2027/6/30,2021/4/15,2021/4/15
合同会社プリヴィエット,810-0021,福岡市中央区今泉一丁目１８番４８号,大竹アパート２０２号,,ハチャプリーズ,飲食店営業,弁当屋,福,中保衛,33010045,2027/6/30,2021/4/15,2021/4/15
,810-0023,福岡市中央区警固一丁目１４番３号,,092-715-1129,ヤキニク　ラーメン　フタバ,飲食店営業,一般食堂,福,中保衛,33010020,2027/6/30,2021/4/15,2021/4/15
合同会社ＦＵＮＧＯ,810-0041,福岡市中央区大名一丁目３番５－１号,ＡＲＫＣＵＢＥⅡ１０１号,050-3647-1831,Ｈ＆Ｆ　Ｄｉｓｐｅｎｓａｒｙ　ＣＢＤ　ＳＰＯＲＴＳ,飲食店営業,バー,福,中保衛,33010036,2027/6/30,2021/4/15,2021/4/15
,814-0022,福岡市早良区原一丁目３９番１２号　１Ｆ,,092-822-5552,原壱,飲食店営業,一般食堂,福,早保衛,33010009,2027/6/30,2021/4/15,2021/4/15
株式会社波乗り三太,819-0202,福岡市西区西浦２８５番地　Ｃ棟,,092-809-1533,西の浦　イカ活造り　波平,魚介類販売業,一般,福,西保衛,33130001,2027/6/30,2021/4/15,2021/4/15
株式会社波乗り三太,819-0202,福岡市西区西浦２８５番地　Ｃ棟,,092-809-1533,西の浦　イカ活造り　波平,菓子製造業,一般,福,西保衛,33050003,2027/6/30,2021/4/15,2021/4/15
Ｓｍａｌｌ　ｃｏｍｐａｎｙ株式会社,812-0051,福岡市東区箱崎ふ頭一丁目１番４０号,,092-982-4305,Ｓｍａｌｌ　ｃｏｍｐａｎｙ株式会社,食品の冷凍又は冷蔵業,なし,福,東保衛,33190002,2027/6/30,2021/4/16,2021/4/16
Ｓｍａｌｌ　ｃｏｍｐａｎｙ株式会社,812-0051,福岡市東区箱崎ふ頭一丁目１番４０号,,092-982-4305,Ｓｍａｌｌ　ｃｏｍｐａｎｙ株式会社,そうざい製造業,なし,福,東保衛,33570001,2027/6/30,2021/4/16,2021/4/16
株式会社ファーマインド,813-0018,福岡市東区香椎浜ふ頭二丁目２番７号,,092-665-0611,株式会社ファーマインド福岡センター,食品の冷凍又は冷蔵業,なし,福,東保衛,33190003,2027/6/30,2021/4/16,2021/4/16
ＧＯＯＤ　ＩＤＥＡ　ＣＯＭＰＡＮＹ　株式会社,812-0018,福岡市博多区住吉一丁目２番２２号,キャナルシティオーパ　ＣＢ－１０２Ａ区画,092-292-4245,Ｓｔｒａｗｂｅｒｒｙ　Ｆｅｔｉｓｈ,飲食店営業,一般食堂,福,博保衛,33010036,2027/6/30,2021/4/16,2021/4/16
株式会社　Ｌｅａｄ,810-0801,福岡市博多区中洲二丁目７番３号,リトル中洲ビル　４階　松田号室,,ｒｅ：ｐｒｏ,飲食店営業,バー,福,博保衛,33010023,2027/6/30,2021/4/16,2021/4/16
,810-0801,福岡市博多区中洲四丁目２番５号,中洲岡部ビル３号館　５階　５０３号室,,Ｂａｒ　Ｎｕｉ,飲食店営業,バー,福,博保衛,33010047,2027/6/30,2021/4/16,2021/4/16
株式会社　誠心製薬,810-0801,福岡市博多区中洲三丁目７番１５号,ＴＭ－３０ＢＵＩＬＤＩＮＧ　５階　Ｃ号室,,海軍カレー　アンカー,飲食店営業,一般食堂,福,博保衛,33010039,2027/6/30,2021/4/16,2021/4/16
アサヒビール　株式会社,812-0895,福岡市博多区竹下三丁目１番１号,,092-431-1131,アサヒビール株式会社博多工場,清涼飲料水製造業,一般,福,博保衛,32610001,2027/6/30,2021/4/16,2021/4/16
,810-0042,福岡市中央区赤坂三丁目４番３４号,安達ビル２Ｆ,,Ｒｉ　ｊｏｉｅ,飲食店営業,主として喫茶,福,中保衛,32011008,2027/6/30,2021/4/16,2021/4/16
有限会社シェイク,810-0011,福岡市中央区高砂一丁目５番６号,ニュー高砂１Ｆ,092-524-2822,大人酒場　それなり,飲食店営業,一般食堂,福,中保衛,33010032,2027/6/30,2021/4/16,2021/4/16
ヨシミホールディングス株式会社,810-0044,福岡市中央区六本松三丁目１番５８号,リード桜坂１０１・１０２,,ＫＡＫＡ　桜坂,菓子製造業,一般,福,中保衛,32050149,2027/6/30,2021/4/16,2021/4/16
ヨシミホールディングス株式会社,810-0044,福岡市中央区六本松三丁目１番５８号,リード桜坂１０１・１０２,,ＫＡＫＡ　桜坂,飲食店営業,主として喫茶,福,中保衛,32010946,2027/6/30,2021/4/16,2021/4/16
,815-0075,福岡市南区長丘二丁目６番１４号,,,Ｌａ　ｖｉｅ　ｌａｂ　ＲＥＬＩＥＲ,飲食店営業,一般食堂,福,南保衛,33010009,2027/6/30,2021/4/16,2021/4/16
,815-0075,福岡市南区長丘二丁目６番１４号,,,Ｌａ　ｖｉｅ　ｌａｂ　ＲＥＬＩＥＲ,そうざい製造業,なし,福,南保衛,33570001,2027/6/30,2021/4/16,2021/4/16
,814-0123,福岡市城南区長尾一丁目１３番２６号,,092-834-9995,菓子創造　パマリデ,菓子製造業,一般,福,城保衛,33050001,2027/6/30,2021/4/16,2021/4/16
合同会社メラキ,814-0006,福岡市早良区百道一丁目１８番１６号,,,Ｋｉｔｓｕｎｅ　ｎｏ　Ｍｏｒｉ,飲食店営業,一般食堂,福,早保衛,33010006,2027/6/30,2021/4/16,2021/4/16
株式会社西日本食研,819-0032,福岡市西区戸切三丁目２３番１号,,,（株）西日本食研,飲食店営業,一般食堂,福,西保衛,33010004,2027/6/30,2021/4/16,2021/4/16
株式会社大分からあげ,813-0044,福岡市東区千早三丁目６番３７号,ガーデンズ千早１Ｆ,,ポッポおじさんの塩からあげ 千早店,飲食店営業,そうざい,福,東保衛,32010179,2027/6/30,2021/4/19,2021/4/19
,813-0062,福岡市東区松島四丁目５番３５号,,092-624-2318,ファミリーマート福岡松島四丁目店,飲食店営業,一般食堂,福,東保衛,33010003,2027/6/30,2021/4/19,2021/4/19
株式会社オールドニュー,813-0044,福岡市東区千早三丁目6番37号,ガーデンズ千早1Ｆ,,やおや植木商店,飲食店営業,一般食堂,福,東保衛,32010224,2027/6/30,2021/4/19,2021/4/19
,812-0053,福岡市東区箱崎三丁目９番２１号,パークビレッジ１Ｆ,,ＴＨＥ　ｔｉｃ,飲食店営業,一般食堂,福,東保衛,33010013,2027/6/30,2021/4/19,2021/4/19
,,福岡市内一円,,,ｉｎ　ｔｈｅ　ｐｉｎｋ,飲食店営業,移動Ｂ,福,東保衛,33010015,2026/6/30,2021/4/19,2021/4/19
株式会社　ＭＥＡＴ　ＰＬＵＳ,812-0893,福岡市博多区那珂四丁目１７番１号,,092-710-4163,ミートプラス,飲食店営業,弁当屋,福,博保衛,32010774,2027/6/30,2021/4/19,2021/4/19
,812-0044,福岡市博多区千代三丁目１７番４－１０６号,市営新博多住宅　４棟　１５６号,,都,飲食店営業,すし屋,福,博保衛,33010058,2027/6/30,2021/4/19,2021/4/19
株式会社　ｃｏｎｎｅｃｔ,812-0035,福岡市博多区中呉服町３番２９号,グローリー呉服町　２Ｆ,092-263-5222,鷹鷹,飲食店営業,一般食堂,福,博保衛,33010034,2027/6/30,2021/4/19,2021/4/19
株式会社　ｄｏｕｂｌｅ,812-0012,福岡市博多区博多駅中央街５番２１号,Ｎビル　３Ｆ,,とろーりチーズ×韓国　韓美,飲食店営業,一般食堂,福,博保衛,33010052,2027/6/30,2021/4/19,2021/4/19
株式会社　ｄｏｕｂｌｅ,812-0012,福岡市博多区博多駅中央街５番２１号,Ｎビル　４Ｆ,,韓美博多店,飲食店営業,一般食堂,福,博保衛,33010053,2027/6/30,2021/4/19,2021/4/19
,812-0011,福岡市博多区博多駅前四丁目２４番１０号,松崎ビル　３Ｆ,092-483-1234,Ｃｏｒｋ　Ｍｏｏｎ,飲食店営業,バー,福,博保衛,33010045,2027/6/30,2021/4/19,2021/4/19
合同会社ハーベイ,810-0041,福岡市中央区大名一丁目４番２８号,２Ｆ,,ＨＡＣＣＡ,飲食店営業,バー,福,中保衛,32011005,2027/6/30,2021/4/19,2021/4/19
立花産業有限会社,810-0033,福岡市中央区小笹五丁目４番６号,,092-753-8966,あま太郎　作業場,めん類製造業,生めん,福,中保衛,32550008,2027/6/30,2021/4/19,2021/4/19
株式会社ＢｅｓｏｓＡｌｍｕｎｄｏ,810-0075,福岡市中央区港二丁目３番１７号,,092-406-5750,ＧＡＭＢＡ,飲食店営業,一般食堂,福,中保衛,33010018,2027/6/30,2021/4/19,2021/4/19
浩大株式会社,810-0003,福岡市中央区春吉三丁目１６番４１号,ＲＡＧＡＺＺＡ春吉１－Ａ,,雪花,飲食店営業,一般食堂,福,中保衛,33010061,2027/6/30,2021/4/19,2021/4/19
,,福岡市内一円,,,Ａｒｉａ,飲食店営業,仮設(仮設営業),福,南保衛,33670001,2026/6/30,2021/4/19,2021/4/19
株式会社快適空間創造研究所,814-0002,福岡市早良区西新五丁目１番１９号,,092-407-2213,大阪王将西新店,飲食店営業,一般食堂,福,早保衛,33010003,2027/6/30,2021/4/19,2021/4/19
株式会社快適空間創造研究所,814-0002,福岡市早良区西新五丁目１番１９号　２Ｆ,,092-407-5120,よかたい西新店,飲食店営業,一般食堂,福,早保衛,33010004,2027/6/30,2021/4/19,2021/4/19
株式会社マリゾンＰＷＣ,814-0001,福岡市早良区百道浜二丁目９０２－１,,092-845-6636,ＴＨＥ　ＢＥＡＣＨ,食肉販売業,一般,福,早保衛,32330024,2027/6/30,2021/4/19,2021/4/19
株式会社プライム福岡,814-0002,福岡市早良区西新四丁目１番１号,ブリリアタワー　１Ｆ,092-834-8006,博多水炊き・鶏すき鍋　西新初喜　プラリバ店,飲食店営業,一般食堂,福,早保衛,33010011,2027/6/30,2021/4/19,2021/4/19
,819-0054,福岡市西区上山門一丁目５番２４号,,,Ｐｕｄｄｉｎｇ　Ｌａｂｏ,菓子製造業,一般,福,西保衛,33050002,2027/6/30,2021/4/19,2021/4/19
,,福岡市内一円,,,渡邉商会,飲食店営業,仮設(仮設営業),福,東保衛,33670013,2026/6/30,2021/4/20,2021/4/20
,,福岡市内一円,,,渡邉商会,飲食店営業,仮設(仮設営業),福,東保衛,33670011,2026/6/30,2021/4/20,2021/4/20
,,福岡市内一円,,,渡邉商会,飲食店営業,仮設(仮設営業),福,東保衛,33670012,2026/6/30,2021/4/20,2021/4/20
,,福岡市内一円,,,渡邉商会,飲食店営業,仮設(仮設営業),福,東保衛,33670014,2026/6/30,2021/4/20,2021/4/20
,,福岡市内一円,,,渡邉商会,飲食店営業,仮設(仮設営業),福,東保衛,33670015,2026/6/30,2021/4/20,2021/4/20
,,福岡市内一円,,,尾崎商会,飲食店営業,仮設(仮設営業),福,東保衛,33670002,2026/6/30,2021/4/20,2021/4/20
,,福岡市内一円,,,尾崎商会,飲食店営業,仮設(仮設営業),福,東保衛,33670003,2026/6/30,2021/4/20,2021/4/20
,,福岡市内一円,,,尾崎商会,飲食店営業,仮設(仮設営業),福,東保衛,33670004,2026/6/30,2021/4/20,2021/4/20
,,福岡市内一円,,,とり唐さんわキッチンカー,飲食店営業,移動Ａ,福,東保衛,33010020,2026/6/30,2021/4/20,2021/4/20
,,福岡市内一円,,,新原イベント企画,飲食店営業,仮設(仮設営業),福,東保衛,33670006,2026/6/30,2021/4/20,2021/4/20
,,福岡市内一円,,,新原イベント企画,飲食店営業,仮設(仮設営業),福,東保衛,33670007,2026/6/30,2021/4/20,2021/4/20
,,福岡市内一円,,,コウユウ企画,飲食店営業,仮設(仮設営業),福,東保衛,33670008,2026/6/30,2021/4/20,2021/4/20
,,福岡市内一円,,,コウユウ企画,飲食店営業,仮設(仮設営業),福,東保衛,33670009,2026/6/30,2021/4/20,2021/4/20
,,福岡市内一円,,,松井商店,飲食店営業,仮設(仮設営業),福,東保衛,33670010,2026/6/30,2021/4/20,2021/4/20
,,福岡市内一円,,,新原商店,飲食店営業,仮設(仮設営業),福,東保衛,33670005,2026/6/30,2021/4/20,2021/4/20
,810-0801,福岡市博多区中洲四丁目１番１０号,第２きよたけビル　２階　Ｂ室,,ＢＡＳＥ．１,飲食店営業,バー,福,博保衛,32010797,2027/6/30,2021/4/20,2021/4/20
,810-0802,福岡市博多区中洲中島町１番地先,,,とん吉,飲食店営業,ろ店(定置屋台),福,博保衛,33030001,2026/6/30,2021/4/20,2021/4/20
株式会社　Ｙ２Ｋインダストリー,810-0801,福岡市博多区中洲四丁目１番２５号,,,エイト,飲食店営業,一般食堂,福,博保衛,33010067,2027/6/30,2021/4/20,2021/4/20
株式会社　ｄｏｕｂｌｅ,812-0012,福岡市博多区博多駅中央街５番２１号,Ｎビル　５Ｆ,,ごま鯖と明太　もつ鍋一利　博多本店,飲食店営業,一般食堂,福,博保衛,33010054,2027/6/30,2021/4/20,2021/4/20
,810-0001,福岡市中央区天神三丁目４番１７号,天神ウイングビルⅠ　３Ｆ,,Ｂａｒ　Ｆａｍｉｌｉａ,飲食店営業,バー,福,中保衛,33010063,2027/6/30,2021/4/20,2021/4/20
,,福岡市内一円,,,ＳｏｅＬ＆Ｐａｇｅ,飲食店営業,仮設(仮設営業),福,中保衛,33670001,2026/6/30,2021/4/20,2021/4/20
,815-0082,福岡市南区大楠二丁目１３番７号,,092-522-1726,餃子専門店黒兵衛,食品の冷凍又は冷蔵業,なし,福,南保衛,32190008,2027/6/30,2021/4/20,2021/4/20
,815-0082,福岡市南区大楠二丁目１３番７号,,092-522-1726,餃子専門店黒兵衛,飲食店営業,そうざい,福,南保衛,32010183,2027/6/30,2021/4/20,2021/4/20
,819-0161,福岡市西区今宿東一丁目２番１号,,092-982-6247,梅翠,そうざい製造業,なし,福,西保衛,33570002,2027/6/30,2021/4/20,2021/4/20
,,福岡市内一円,,,ｎｏ　ｂｏｄｙ,飲食店営業,仮設(仮設営業),福,東保衛,33670019,2026/6/30,2021/4/21,2021/4/21
,,福岡市内一円,,,ｃｉｔｒｏｎ ｍａｒｃｈｅ,飲食店営業,仮設(仮設営業),福,東保衛,33670018,2026/6/30,2021/4/21,2021/4/21
,,福岡市内一円,,,原企画,飲食店営業,仮設(仮設営業),福,東保衛,33670017,2026/6/30,2021/4/21,2021/4/21
,,福岡市内一円,,,木戸商店,飲食店営業,仮設(仮設営業),福,東保衛,33670016,2026/6/30,2021/4/21,2021/4/21
,813-0044,福岡市東区千早三丁目６番３７号,ガーデンズ千早１Ｆ,,Ｆｒａｉｔ,菓子製造業,一般,福,東保衛,33050003,2027/6/30,2021/4/21,2021/4/21
エスタ株式会社,813-0044,福岡市東区千早三丁目６番３７号,,092-661-6110,スポーツクラブエスタクオリア千早,喫茶店営業,自動販売機,福,東保衛,32230016,2027/6/30,2021/4/21,2021/4/21
,812-0018,福岡市博多区住吉五丁目８番３号,,092-482-8787,山月,飲食店営業,一般食堂,福,博保衛,33010051,2027/6/30,2021/4/21,2021/4/21
ＫＩ　株式会社,812-0039,福岡市博多区冷泉町９番１６号,,,ウリシクタン,飲食店営業,一般食堂,福,博保衛,32010793,2027/6/30,2021/4/21,2021/4/21
株式会社　フルラッキーコーポレーション,812-0016,福岡市博多区博多駅南一丁目８番３６号,シティー１５ビル　１Ｆ,,カレーハウスＣｏＣｏ壱番屋　博多駅南店,飲食店営業,一般食堂,福,博保衛,32010711,2027/6/30,2021/4/21,2021/4/21
,,福岡市内一円,,,ｈａｎａ　ｃａｆｅ,飲食店営業,移動Ｂ,福,博保衛,33010074,2026/6/30,2021/4/21,2021/4/21
,812-0884,福岡市博多区寿町三丁目３番２２号,遊ＹＯＵ館　３Ｆ　Ｃ号室,,BEET,飲食店営業,バー,福,博保衛,33010066,2027/6/30,2021/4/21,2021/4/21
,810-0011,福岡市中央区高砂二丁目９番５号,,092-522-6565,千束,飲食店営業,一般食堂,福,中保衛,33020001,2027/6/30,2021/4/21,1997/6/5
,810-0011,福岡市中央区高砂二丁目９番５号,,092-522-6565,千束,そうざい製造業,なし,福,中保衛,33580001,2027/6/30,2021/4/21,1997/6/5
,810-0002,福岡市中央区西中洲３番１５号,ベイヒルコートビル２Ｆ　２１０号室,,来礼,飲食店営業,一般食堂,福,中保衛,33010068,2027/6/30,2021/4/21,2021/4/21
株式会社ＫＡＮＡＭＥ,815-0041,福岡市南区野間一丁目１０番７号,１Ｆ,092-557-8833,（株）ＫＡＮＡＭＥ,食品の冷凍又は冷蔵業,なし,福,南保衛,32190007,2027/6/30,2021/4/21,2021/4/21
株式会社ＫＡＮＡＭＥ,815-0041,福岡市南区野間一丁目１０番７号,１Ｆ,092-557-8833,（株）ＫＡＮＡＭＥ,魚介類販売業,一般,福,南保衛,32130020,2027/6/30,2021/4/21,2021/4/21
株式会社ミールマックス,815-0041,福岡市南区野間四丁目９番３０号,,092-552-1507,ミールアソシエ野間,飲食店営業,一般食堂,福,南保衛,33010012,2027/6/30,2021/4/21,2021/4/21
,814-0141,福岡市城南区西片江一丁目１３番２３号,,092-801-7810,るーぷ,飲食店営業,一般食堂,福,城保衛,33010007,2027/6/30,2021/4/21,2021/4/21
ｂｌｕｅ　ｆｌａｇ合同会社,814-0002,福岡市早良区西新四丁目８番１９号　２Ｆ,,092-847-3550,ＢＲＵＴＵＳ,飲食店営業,一般食堂,福,早保衛,33010013,2027/6/30,2021/4/21,2021/4/21
有限会社肉の山本,819-0051,福岡市西区下山門団地４０番２号,,092-881-6874,肉の山本,飲食店営業,そうざい,福,西保衛,33010001,2027/6/30,2021/4/21,2021/4/21
Ｓｅｏｌｔ Ｆｒａｎｔｉｃ合同会社,811-0213,福岡市東区和白丘一丁目２番２号,,092-608-8855,肉屋の本格焼肉 和平 和白店,飲食店営業,一般食堂,福,東保衛,33010016,2027/6/30,2021/4/22,2021/4/22
Ｊｕｎｃｔｉｏｎ　Ｃｏｆｆｅｅ株式会社,813-0024,福岡市東区名子三丁目２番３６号,,092-202-1100,ガーデンカフェＮａｎの木,飲食店営業,一般食堂,福,東保衛,33010027,2027/6/30,2021/4/22,2021/4/22
,,福岡市内一円,,,Ｆｏｏｄ Ｈｏｕｓｅ,飲食店営業,仮設(仮設営業),福,東保衛,33670020,2026/6/30,2021/4/22,2021/4/22
株式会社Ｒ・Ｒｅｓｏｒｔ,812-0053,福岡市東区箱崎六丁目１８番１２号,,092-645-2080,玄貝灘,飲食店営業,一般食堂,福,東保衛,33010025,2027/6/30,2021/4/22,2021/4/22
株式会社Ｒ・Ｒｅｓｏｒｔ,812-0053,福岡市東区箱崎六丁目１８番１２号,,092-645-2080,路地裏カフェ,飲食店営業,一般食堂,福,東保衛,33010026,2027/6/30,2021/4/22,2021/4/22
ＧＡＮＤＩ　株式会社,810-0801,福岡市博多区中洲二丁目４番２０号,第２１ポールスタービル　２階　２０２号,092-292-5511,ＢＡＲ　ＬＯＵＮＧＥ　Ｈｅｉ　Ｈｅｉ,飲食店営業,バー,福,博保衛,33010079,2027/6/30,2021/4/22,2021/4/22
,812-0885,福岡市博多区相生町三丁目２番３４号,サンラインビル　４Ｆ,,ＲＥＸ,飲食店営業,バー,福,博保衛,33010071,2027/6/30,2021/4/22,2021/4/22
,810-0801,福岡市博多区中洲四丁目２番１６号,ＲＢコアビル　２階　Ｂ号室,092-262-0340,ＭＧＮ,飲食店営業,バー,福,博保衛,33010070,2027/6/30,2021/4/22,2021/4/22
楽研サロン　株式会社,812-0026,福岡市博多区上川端町９番３５号,冷泉荘　３Ｆ　Ａ３３,,楽研サロン,飲食店営業,バー,福,博保衛,33010041,2027/6/30,2021/4/22,2021/4/22
,812-0016,福岡市博多区博多駅南一丁目７番１４号,ボイス博多　２Ｆ,,Ｆｉｒｓｔ,飲食店営業,一般食堂,福,博保衛,33010073,2027/6/30,2021/4/22,2021/4/22
有限会社　西原製餡所,810-0053,福岡市中央区鳥飼三丁目１５番２号,,092-751-2379,有限会社　西原製餡所,あん類製造業,なし,福,中保衛,33260001,2027/6/30,2021/4/22,1987/5/7
,,福岡市内一円,,,吉笑家,飲食店営業,仮設(仮設営業),福,中保衛,33680001,2026/6/30,2021/4/22,2016/4/26
リンクフォート株式会社,810-0042,福岡市中央区赤坂一丁目１１番１７号,赤坂ウィングアネックス　５Ｆ,092-741-4600,レディバード,飲食店営業,バー,福,中保衛,33020004,2027/6/30,2021/4/22,2009/5/15
株式会社レインボーカラー,810-0001,福岡市中央区天神二丁目８番２２号,ウエストサイド天神　８Ｆ,092-732-9712,ふとっぱら天神総本店,飲食店営業,一般食堂,福,中保衛,33020002,2027/6/30,2021/4/22,2009/4/30
株式会社ＬＩＢＲＯＭ,810-0011,福岡市中央区高砂一丁目２１番２７号,ボンフル高砂１０３,,ＬＩＢＲＯＭ　Ｃｒａｆｔ　Ｓａｋｅ　Ｂｒｅｗｅｒｙ,飲食店営業,一般食堂,福,中保衛,32010807,2027/6/30,2021/4/22,2021/4/22
,810-0054,福岡市中央区今川一丁目３番１５号,サンコート秋穂１０１,,ＧＮＵ　ＣＯＦＦＥＥ,飲食店営業,一般食堂,福,中保衛,33010065,2027/6/30,2021/4/22,2021/4/22
,810-0012,福岡市中央区白金一丁目１０番１２号,ＫＡＤＯＮＯビル１Ｆ,,ＲＯＡＭ,飲食店営業,バー,福,中保衛,33010067,2027/6/30,2021/4/22,2021/4/22
,810-0023,福岡市中央区警固二丁目１７番２５号,ケヤキビル２Ｆ,,Ｂａｒ　Ｓ,飲食店営業,バー,福,中保衛,33010059,2027/6/30,2021/4/22,2021/4/22
株式会社ｏｆｆｉｃｅ　ｎｉｎｅ,810-0021,福岡市中央区今泉一丁目１１番７号,ＫＹビル３Ｆ,092-732-5868,もつ鍋　こうづき　今泉店,食肉販売業,一般,福,中保衛,33330004,2027/6/30,2021/4/22,2021/4/22
,810-0073,福岡市中央区舞鶴三丁目１番１号,,092-781-1094,天安,飲食店営業,一般食堂,福,中保衛,33020003,2027/6/30,2021/4/22,1966/6/16
株式会社紫京,810-0004,福岡市中央区渡辺通二丁目２番１７号,御手洗ビル１Ｆ,,博多天神南薬院渡辺通店　焼鳥　ななし　めん基地,飲食店営業,一般食堂,福,中保衛,33010058,2027/6/30,2021/4/22,2021/4/22
ホテルモントレ株式会社,810-0041,福岡市中央区大名二丁目８番２７号,２Ｆ,092-726-7111,宴会場,飲食店営業,旅館,福,中保衛,33020005,2027/6/30,2021/4/22,2003/5/16
株式会社たけちゃん,810-0075,福岡市中央区港二丁目７番１６号,レスベデザ大濠１０１,092-751-2929,馬刺し専門店　たけちゃん,飲食店営業,一般食堂,福,中保衛,33010060,2027/6/30,2021/4/22,2021/4/22
,810-0075,福岡市中央区港二丁目７番１９号,田中ビル１階,,港酒場　五ろく,飲食店営業,一般食堂,福,中保衛,33010062,2027/6/30,2021/4/22,2021/4/22
株式会社オリエンタルフードサービス,815-0071,福岡市南区平和二丁目１６番３号,,092-521-5829,長崎阿蘭陀珈琲館,飲食店営業,一般食堂,福,南保衛,33010013,2027/6/30,2021/4/22,2021/4/22
株式会社サンマート,815-0083,福岡市南区高宮一丁目３番２５号,,092-531-8383,ちぃーずキッチン,飲食店営業,弁当屋,福,南保衛,33010015,2027/6/30,2021/4/22,2021/4/22
,,福岡市内一円,,092-404-0882,Ｄｉｎｉｎｇ匠,菓子製造業,仮設(仮設営業),福,南保衛,33710001,2026/6/30,2021/4/22,2021/4/22
,815-0033,福岡市南区大橋一丁目２１番９号,宗雲ビル,,Ｌｉｖｅｓ　Ｂａｋｅｒｙ,菓子製造業,一般,福,南保衛,33050002,2027/6/30,2021/4/22,2021/4/22
,811-0322,福岡市東区大岳四丁目３番１号,２Ｆ,092-692-4524,ＣＡＦＥ ＹＵＫＩＨＡＮＡ,飲食店営業,一般食堂,福,東保衛,33010024,2027/6/30,2021/4/23,2021/4/23
,,福岡市内一円,,,Ｇａｎｇ　ｍｅｅｔ,飲食店営業,移動Ａ,福,東保衛,33010031,2026/6/30,2021/4/23,2021/4/23
,813-0032,福岡市東区土井一丁目２番５号,大槻アパート１号,092-600-9480,長浜らーめん　いのいち,飲食店営業,一般食堂,福,東保衛,33010011,2027/6/30,2021/4/23,2021/4/23
株式会社 はまや,812-0054,福岡市東区馬出四丁目１番１号,,092-631-1287,セブンイレブン福岡馬出４丁目店,飲食店営業,一般食堂,福,東保衛,32010241,2027/6/30,2021/4/23,2021/4/23
,810-0801,福岡市博多区中洲三丁目５番６号,三信ビル　５階,,Ｌａｕｇｈ　×　Ｔａｌｅ,飲食店営業,バー,福,博保衛,32010728,2027/6/30,2021/4/23,2021/4/23
,812-0013,福岡市博多区博多駅東二丁目３番２９号,東福博多駅東ビル　３Ｆ,,ＢＡＲ　Ｍｉｘ　１,飲食店営業,バー,福,博保衛,32010739,2027/6/30,2021/4/23,2021/4/23
,810-0003,福岡市中央区春吉一丁目６番１４号,,092-741-7897,やきとり　ぜんき,飲食店営業,一般食堂,福,中保衛,33020008,2027/6/30,2021/4/23,2009/4/2
,810-0074,福岡市中央区大手門一丁目２番１９号,,092-712-1788,しばらく,飲食店営業,一般食堂,福,中保衛,33020006,2027/6/30,2021/4/23,2009/6/30
,810-0004,福岡市中央区渡辺通二丁目３番８号,カステリアマンション１階,092-713-6990,さつま珍味　隆盛,飲食店営業,一般食堂,福,中保衛,33020012,2027/6/30,2021/4/23,1985/6/7
,810-0004,福岡市中央区渡辺通五丁目１４番２５号,深町ビル１Ｆ,,めでた屋,飲食店営業,一般食堂,福,中保衛,33020010,2027/6/30,2021/4/23,2003/4/9
,810-0004,福岡市中央区渡辺通二丁目７番１１号,ＭＴ－１１薬院ビル２Ｆ,092-716-2762,酒小屋　ばっぢ,飲食店営業,一般食堂,福,中保衛,33020009,2027/6/30,2021/4/23,2015/5/22
,810-0004,福岡市中央区渡辺通五丁目１５番４号,,092-711-7711,鮨田可尾,飲食店営業,すし屋,福,中保衛,33020007,2027/6/30,2021/4/23,1997/4/15
株式会社ＳＴＥＰＳ,810-0003,福岡市中央区春吉二丁目４番１１号,リヴィエールシャン　３階３１４号室,092-791-9624,ＢＡＲ　ＲＡＢⅡ,飲食店営業,バー,福,中保衛,33010070,2027/6/30,2021/4/23,2021/4/23
株式会社リュウセイ,810-0071,福岡市中央区那の津五丁目４番１９号,２Ｆ,,（株）リュウセイ,食肉販売業,一般,福,中保衛,33330003,2027/6/30,2021/4/23,2021/4/23
,810-0075,福岡市中央区港二丁目７番１１号,ＭＥＤＩＡ　ＰＲＩＣＥ第２ビル１Ｆ,092-732-7525,パイラ　レストラン　＆　バー,飲食店営業,一般食堂,福,中保衛,33010050,2027/6/30,2021/4/23,2021/4/23
,810-0044,福岡市中央区六本松三丁目９番７号,,092-715-1850,麺と酒ざきお,飲食店営業,一般食堂,福,中保衛,33020011,2027/6/30,2021/4/23,2015/6/2
株式会社弥榮,810-0023,福岡市中央区警固二丁目２番１号,ルピエレジデンス赤坂南１０１号,092-753-7587,天ぷらたなか,飲食店営業,一般食堂,福,中保衛,33010023,2027/6/30,2021/4/23,2021/4/23
,815-0082,福岡市南区大楠三丁目７番２６号,あさだ荘１号,,なんやかんや,飲食店営業,一般食堂,福,南保衛,33010016,2027/6/30,2021/4/23,2021/4/23
ＶＩＮＡＹＡＫＡ株式会社,815-0035,福岡市南区向野一丁目４番２号,,,ビナヤカ　ネパール＆インドレストラン,飲食店営業,一般食堂,福,南保衛,33010014,2027/6/30,2021/4/23,2021/4/23
ポケットフーズ株式会社,814-0015,福岡市早良区室見四丁目１９番７号,ローズマンションⅡ,092-847-5454,ピザポケット室見店,飲食店営業,仕出し,福,早保衛,33010010,2027/6/30,2021/4/23,2021/4/23
,,福岡市内一円,,,お菓子屋さんの手作ジェラート　よしなが,喫茶店営業,仮設(仮設営業),福,西保衛,33690001,2026/6/30,2021/4/23,2021/4/23
株式会社アートブラウン,,福岡市内一円,,,クラブ　ホットドック　トラック,飲食店営業,移動Ｂ,福,西保衛,33010008,2026/6/30,2021/4/23,2021/4/23
,813-0035,福岡市東区松崎四丁目４０番２８号,１Ｆ,,ラメルノラメル,飲食店営業,一般食堂,福,東保衛,33010030,2027/6/30,2021/4/26,2021/4/26
株式会社ＳＯＵＬＰＬＡＮＥＴ,813-0017,福岡市東区香椎照葉六丁目６番６号,アイランド・アイ,092-719-1203,ＤＲＥＡＭ　ＤＯＯＲ　ＦＵＫＵＯＫＡ　ＯＮ　ＴＨＥ　ＢＥＡＣＨ,飲食店営業,一般食堂,福,東保衛,33010022,2027/6/30,2021/4/26,2021/4/26
,813-0013,福岡市東区香椎駅前一丁目１２番３号,フォレストタウン香椎５Ｆ,,酒楽菜～芳～,飲食店営業,一般食堂,福,東保衛,32010234,2027/6/30,2021/4/26,2021/4/26
株式会社ラムラスジェイ,813-0013,福岡市東区香椎駅前一丁目１２番３号,フォレストタウン２Ｆ,,鶏焼・麺処　すずらん香椎駅前,飲食店営業,一般食堂,福,東保衛,32010218,2027/6/30,2021/4/26,2021/4/26
,,福岡市内一円,,,博多 からあき,飲食店営業,移動Ｂ,福,東保衛,33010032,2026/6/30,2021/4/26,2021/4/26
,813-0004,福岡市東区松香台二丁目６番１号,,,ＩＴＴＯＫＯ,飲食店営業,一般食堂,福,東保衛,33010023,2027/6/30,2021/4/26,2021/4/26
ＦＵＴＡＥＤＡ　株式会社,812-0025,福岡市博多区店屋町６番３号,ホテルグレートモーニング博多　１Ｆ,092-272-1414,ホテルグレートモーニング博多,飲食店営業,旅館,福,博保衛,33010068,2027/6/30,2021/4/26,2021/4/26
,812-0037,福岡市博多区御供所町１２番２号,本山ビル　１Ｆ,092-984-0721,Ｍａｉｓｏｎ　ＨＡＫＯＳＨＩＭＡ,飲食店営業,主として喫茶,福,博保衛,33010049,2027/6/30,2021/4/26,2021/4/26
有限会社　ジェイハウス,810-0801,福岡市博多区中洲二丁目６番２３号,コウフクビル　２階　２０２号室,092-281-6535,ＢＡＲ　ＭＡＲＶＥＬＯＵＳ,飲食店営業,バー,福,博保衛,33010025,2027/6/30,2021/4/26,2021/4/26
株式会社　ホットランド,,福岡市内一円,,,築地銀だこ,飲食店営業,移動Ｂ,福,博保衛,33010085,2026/6/30,2021/4/26,2021/4/26
株式会社　ゴールド,812-0017,福岡市博多区美野島一丁目１３番９号,,,ＳＯＤＡＳＨＩ,飲食店営業,バー,福,博保衛,33010056,2027/6/30,2021/4/26,2021/4/26
株式会社　ゴールド,812-0018,福岡市博多区住吉五丁目５番１５号,住吉パークサイドビル　２Ｆ　２０３号,,ＪＡＮＧＬＩＮＧ,飲食店営業,バー,福,博保衛,33010055,2027/6/30,2021/4/26,2021/4/26
,810-0002,福岡市中央区西中洲１２番６号,,092-761-5221,酒房　野菊,飲食店営業,一般食堂,福,中保衛,33020013,2027/6/30,2021/4/26,2003/4/22
株式会社アンセストラルＫ,810-0021,福岡市中央区今泉二丁目５番１７号,,092-739-3393,Ｂａｒ　Ｖｉｔａ天神店,そうざい製造業,なし,福,中保衛,33580002,2027/6/30,2021/4/26,2015/5/29
株式会社アンセストラルＫ,810-0021,福岡市中央区今泉二丁目５番１７号,,092-739-3393,Ｂａｒ　Ｖｉｔａ天神店,食品の冷凍又は冷蔵業,なし,福,中保衛,33200001,2027/6/30,2021/4/26,2015/5/29
株式会社やばきゅーぶ,810-0041,福岡市中央区大名一丁目１３番３号,ｒｅｍｉｘ西通り２Ｆ,092-401-0972,メイド喫茶　ぷりもふぃーね福岡店,飲食店営業,一般食堂,福,中保衛,33010051,2027/6/30,2021/4/26,2021/4/26
株式会社ミツバチ,810-0004,福岡市中央区渡辺通五丁目１５番６号,縄田ビル１Ｆ,,Ｍｉｔｓｕｂａｃｈｉ　Ｃａｆｅ,飲食店営業,一般食堂,福,中保衛,33010029,2027/6/30,2021/4/26,2021/4/26
一般社団法人良縁,,福岡市内一円,,,ワンヘルスカー,飲食店営業,移動Ｂ,福,中保衛,33010019,2026/6/30,2021/4/26,2021/4/26
一般社団法人良縁,,福岡市内一円,,,良縁,飲食店営業,仮設(仮設営業),福,中保衛,33670002,2026/6/30,2021/4/26,2021/4/26
ロイヤルフードサービス株式会社,810-0065,福岡市中央区地行浜二丁目２番６号,Ｅ・ＺＯ　ＦＵＫＵＯＫＡ　３Ｆ,,ＲＯＹＡＬ　ＣＡＦＥ　Ｅ・ＺＯ,飲食店営業,一般食堂,福,中保衛,33010069,2027/6/30,2021/4/26,2021/4/26
株式会社アマージュ,810-0021,福岡市中央区今泉一丁目２３番７号,オオスミビル１，２Ｆ,092-735-7777,天神くろがね今泉店,飲食店営業,一般食堂,福,中保衛,33020014,2027/6/30,2021/4/26,2009/5/25
,,福岡市内一円,,,ｃｈｏｋｏｃａｆｅ２３,喫茶店営業,移動営業,福,南保衛,33230002,2026/6/30,2021/4/26,2021/4/26
,814-0103,福岡市城南区鳥飼五丁目１３番２８号,リヴィエール鳥飼Ⅱ－１０１号,,鮨　松尾,飲食店営業,すし屋,福,城保衛,32010059,2027/6/30,2021/4/26,2021/4/26
,814-0104,福岡市城南区別府三丁目１７番４号,別府エスペシオ１０１号,,ＣＨＥＥＳＥＣＡＫＥ  ＬＥＭＯＮ,菓子製造業,一般,福,城保衛,32050010,2027/6/30,2021/4/26,2021/4/26
,814-0104,福岡市城南区別府三丁目１７番４号,別府エスペシオ１０１号,,ＣＨＥＥＳＥＣＡＫＥ  ＬＥＭＯＮ,飲食店営業,一般食堂,福,城保衛,32010055,2027/6/30,2021/4/26,2021/4/26
株式会社ドリームグループ,819-0014,福岡市西区豊浜三丁目１番１０号,イオンマリナタウン２Ｆ１０８区画,092-895-6860,ナチュラルナチュラル　イオンマリナタウン店,魚介類販売業,一般,福,西保衛,33130002,2027/6/30,2021/4/26,2021/4/26
,819-0374,福岡市西区千里２０８番地１,,,Ｂｅｒｒｉｅｓ　Ｃａｆｅ,飲食店営業,一般食堂,福,西保衛,33020001,2027/6/30,2021/4/26,2015/6/9
株式会社ブルースカイ,,福岡市内一円,,,しろくまコーヒー,喫茶店営業,移動営業,福,西保衛,33230001,2026/6/30,2021/4/26,2021/4/26
,811-0204,福岡市東区奈多一丁目１２番２５号,,092-607-5848,おばんざい,飲食店営業,一般食堂,福,東保衛,33020001,2027/6/30,2021/4/27,2009/5/8
合同会社ＴＩＲＵＰＡＴＩ,813-0013,福岡市東区香椎駅前二丁目１２番３７号,２Ｆ,092-662-3277,アジアンフード＆バームスカン,飲食店営業,一般食堂,福,東保衛,33010021,2027/6/30,2021/4/27,2021/4/27
,812-0013,福岡市博多区博多駅東二丁目３番２９号,東福博多駅東ビル　３Ｆ,,ＨＡＫＡＴＡ　Ｎｏ．１,飲食店営業,バー,福,博保衛,32010738,2027/6/30,2021/4/27,2021/4/27
,812-0879,福岡市博多区銀天町二丁目１番２０号,,,ＳＨＩＲＯＹＡＭＡ,飲食店営業,一般食堂,福,博保衛,33010092,2027/6/30,2021/4/27,2021/4/27
,812-0879,福岡市博多区銀天町一丁目７番１号,ワイズワン雑餉　Ｂ１Ｆ,,ＢＡＲ　Ｕ,飲食店営業,一般食堂,福,博保衛,33010077,2027/6/30,2021/4/27,2021/4/27
株式会社　サンケイフーヅ,812-0893,福岡市博多区那珂三丁目２６番２０号の１,,092-414-1140,株式会社サンケイフーヅ,菓子製造業,一般,福,博保衛,33050009,2027/6/30,2021/4/27,2021/4/27
株式会社　ｐｅａｃｅ　ｐｕｔ,812-0011,福岡市博多区博多駅前四丁目１４番１号,博多深見パークビルディング　１Ｆ,092-477-1050,ダコメッカ,飲食店営業,一般食堂,福,博保衛,33010059,2027/6/30,2021/4/27,2021/4/27
ＬａＬａＦａｃｅ株式会社,810-0071,福岡市中央区那の津三丁目１５番９号,,092-731-7788,ＳＯＬ（ソル）,飲食店営業,旅館,福,中保衛,33020016,2027/6/30,2021/4/27,2009/4/6
,810-0022,福岡市中央区薬院二丁目２番２号,薬院ビル１０２号,092-406-4510,ｃａｆｅ　＆　ｂａｒ　ｋｎｏｔ,飲食店営業,一般食堂,福,中保衛,33020015,2027/6/30,2021/4/27,2015/4/27
,810-0073,福岡市中央区舞鶴二丁目８番２５号,ビーハウス２Ｆ,,ｃａｆｅ　ＷｉｌｌＡｒｋ,飲食店営業,一般食堂,福,中保衛,33010078,2027/6/30,2021/4/27,2021/4/27
株式会社ふくや,810-0004,福岡市中央区渡辺通一丁目１１番１６号,,092-731-3014,たべごろ百旬館,菓子製造業,一般,福,中保衛,33050011,2027/6/30,2021/4/27,2021/4/27
,810-0014,福岡市中央区平尾四丁目４番１０号,橋詰ビル１Ｆ,,おべんとう屋さん,飲食店営業,弁当屋,福,中保衛,33010071,2027/6/30,2021/4/27,2021/4/27
合同会社ａｎｄＫ,810-0041,福岡市中央区大名二丁目１番５７号,ＣＳビル７Ｆ,092-713-8876,金のバル／ＳＡＬＶＡ　天神店,飲食店営業,一般食堂,福,中保衛,33010080,2027/6/30,2021/4/27,2021/4/27
,815-0075,福岡市南区長丘三丁目２番３０号,シャトレ第２長住１０１号,,パタゴニアの南,飲食店営業,一般食堂,福,南保衛,32010174,2027/6/30,2021/4/27,2021/4/27
,815-0082,福岡市南区大楠三丁目１７番１０－１０６号,,,コーポ１０６,飲食店営業,弁当屋,福,南保衛,33010011,2027/6/30,2021/4/27,2021/4/27
株式会社タケノ,815-0033,福岡市南区大橋一丁目５番１号,レイリア大橋Ｂ１Ｆ,092-555-9158,スパゲティのパンチョ大橋店,飲食店営業,一般食堂,福,南保衛,33010017,2027/6/30,2021/4/27,2021/4/27
株式会社ＬＥＯＣ,819-0167,福岡市西区今宿一丁目３番１７号,,,ＰＤハウス今宿,飲食店営業,一般食堂,福,西保衛,33010007,2027/6/30,2021/4/27,2021/4/27
株式会社リュウセイ,813-0062,福岡市東区松島五丁目２０番２３号,,092-612-9123,焼肉のりゅうせい,飲食店営業,一般食堂,福,東保衛,33010029,2027/6/30,2021/4/28,2021/4/28
有限会社福芳マンション,812-0053,福岡市東区箱崎一丁目１２番１１号,,,ＡＬＰＨＡ,飲食店営業,一般食堂,福,東保衛,33010012,2027/6/30,2021/4/28,2021/4/28
株式会社　クプロ,812-0026,福岡市博多区上川端町４番２１８号,,092-271-2255,博多　春宵,飲食店営業,すし屋,福,博保衛,33010089,2027/6/30,2021/4/28,2021/4/28
,812-0044,福岡市博多区千代三丁目１９番２－１０１号,２棟　１２６号,,えべす,飲食店営業,弁当屋,福,博保衛,33010043,2027/6/30,2021/4/28,2021/4/28
アイ・ケイ・ケイ株式会社,812-0854,福岡市博多区東月隈三丁目２６番７０号,,092-504-1313,ラ・ラ　シャンス博多の森,食品の冷凍又は冷蔵業,なし,福,博保衛,32190016,2027/6/30,2021/4/28,2021/4/28
株式会社土田海産,810-0001,福岡市中央区天神一丁目４番１号,博多大丸東館Ｂ２Ｆ,092-731-2375,（株）土田海産,魚介類販売業,一般,福,中保衛,33140001,2027/6/30,2021/4/28,2015/6/8
,810-0001,福岡市中央区天神三丁目３番２６号,佐伯ビル　３Ｆ,092-791-5477,不思議博物館分室サナトリウム,飲食店営業,主として喫茶,福,中保衛,33020020,2027/6/30,2021/4/28,2015/5/20
有限会社メッシーナ,810-0023,福岡市中央区警固一丁目１２番１号,ビラージュけやき通り１Ｆ,092-732-3546,ビストロ　ラ　ポーレ,飲食店営業,一般食堂,福,中保衛,33020019,2027/6/30,2021/4/28,2009/5/1
,810-0014,福岡市中央区平尾二丁目１５番３号,ダイヤパレス平尾第３－１０３号,092-522-3366,喫茶アザラシ,飲食店営業,一般食堂,福,中保衛,33020018,2027/6/30,2021/4/28,2015/4/21
,,福岡市内一円,,,赤司農園,喫茶店営業,仮設(仮設営業),福,中保衛,33700001,2026/6/30,2021/4/28,2016/4/22
,,福岡市内一円,,,赤司農園,喫茶店営業,仮設(仮設営業),福,中保衛,33700002,2026/6/30,2021/4/28,2016/4/22
,810-0073,福岡市中央区舞鶴一丁目８番３０号,プリズモ２１ビル　５Ｆ,050-5580-7006,ＴＨＥ　ＦＩＶＥ　ＰＥＮＮＩＥＳ,飲食店営業,一般食堂,福,中保衛,33020021,2027/6/30,2021/4/28,2015/5/13
株式会社ドリーム・チーム,810-0003,福岡市中央区春吉二丁目４番１４号,カンデオホテルズ　ザ・博多テラス１Ｆ－Ａ,092-406-7108,焼き鳥　うま中,飲食店営業,一般食堂,福,中保衛,33010064,2027/6/30,2021/4/28,2021/4/28
,810-0041,福岡市中央区大名二丁目１番５０号,第１公建ビル１Ｆ,,Ｌａ　Ｖｉｅ　ｅｎ　ｒｏｓｅ,飲食店営業,バー,福,中保衛,33010081,2027/6/30,2021/4/28,2021/4/28
,810-0003,福岡市中央区春吉三丁目１６番４１号,ＲＡＧＡＺＺＡ春吉　２ＦＥ,092-406-7727,ＧＯ　ＰＥＡＣＥ,飲食店営業,一般食堂,福,中保衛,33010075,2027/6/30,2021/4/28,2021/4/28
合同会社ＳＳコンサルティング,810-0041,福岡市中央区大名一丁目３番５－１号,ＡＲＫ　ＣＵＢＥⅡ　１０２号,,＃Ｈｅａｒｔ　Ｓａｎｄ,飲食店営業,一般食堂,福,中保衛,33010087,2027/6/30,2021/4/28,2021/4/28
株式会社ＢＬＵＥ　ＬＡＢＯ,810-0023,福岡市中央区警固二丁目１５番３号,ＣＡＮＮＥＲＹ警固本通り５Ｆ,,昌瑞,飲食店営業,一般食堂,福,中保衛,33010026,2027/6/30,2021/4/28,2021/4/28
,810-0001,福岡市中央区天神三丁目６番５号,スパジオビル２Ｆ,092-724-5911,Ｂａｒ　Ｎｉｇｈｔ　Ｓｃｏｏｐ,飲食店営業,バー,福,中保衛,33010082,2027/6/30,2021/4/28,2021/4/28
株式会社Ｅｉｇｈｔ,814-0121,福岡市城南区神松寺二丁目１３番１７号,,,白白餃子　福大通り店,飲食店営業,弁当屋,福,城保衛,33010006,2027/6/30,2021/4/28,2021/4/28
,814-0123,福岡市城南区長尾五丁目３１番８号,,,ｇａｒｄｅｎ,飲食店営業,一般食堂,福,城保衛,33010009,2027/6/30,2021/4/28,2021/4/28
株式会社ＨＩＫ,814-0002,福岡市早良区西新四丁目９番１８－７号　２Ｆ,,,Ｔａｌｌｙ－ｈｏ,飲食店営業,バー,福,早保衛,33010012,2027/6/30,2021/4/28,2021/4/28
ＭＴ ＧＲＯＵＰ合同会社,812-0053,福岡市東区箱崎一丁目１０番１１号,,,ＢＡＮＨ ＭＩ ＧＲＥＥＮ,飲食店営業,一般食堂,福,東保衛,33010010,2027/6/30,2021/4/30,2021/4/30
,813-0025,福岡市東区青葉七丁目６１番１号,,092-691-7899,ラーメン山小屋　土井店,飲食店営業,一般食堂,福,東保衛,33010033,2027/6/30,2021/4/30,2021/4/30
有限会社　イートレスト,812-0012,福岡市博多区博多駅中央街６番３号,博多中央街ビル　６Ｆ,092-433-8018,ざかぐらのＨＡＮＡＲＥ,飲食店営業,一般食堂,福,博保衛,33010086,2027/6/30,2021/4/30,2021/4/30
有限会社　ウィナー,810-0801,福岡市博多区中洲二丁目４番１７号,中栄ビル　１階　１０２号,092-281-2020,とり皮　中華そば　かわのそば,飲食店営業,一般食堂,福,博保衛,33010060,2027/6/30,2021/4/30,2021/4/30
,812-0041,福岡市博多区吉塚二丁目１番３０号,,,日本酒とワインのお店　あすなろ,飲食店営業,一般食堂,福,博保衛,33010081,2027/6/30,2021/4/30,2021/4/30
株式会社　三味,812-0013,福岡市博多区博多駅東二丁目９番６号,ソリューションビル　１Ｆ,,元祖トマトラーメンと元祖豆乳ラーメンと元祖トマトもつ鍋　三味（３３３）　博多駅東店,飲食店営業,一般食堂,福,博保衛,33010098,2027/6/30,2021/4/30,2021/4/30
,810-0801,福岡市博多区中洲二丁目２番７号,新中洲ビル　２階　Ｄ号室,092-262-6910,ＢＡＲ．．．Nａｇｉｓａ,飲食店営業,バー,福,博保衛,33010094,2027/6/30,2021/4/30,2021/4/30
合同会社　Ｋｓｔａｒ－ｆｏｏｄ,,福岡市内一円,,,ＫＳＴＡＲ－ＦＯＯＤ,飲食店営業,移動Ｂ,福,博保衛,33010103,2026/6/30,2021/4/30,2021/4/30
新世界　株式会社,,福岡市内一円,,,新世界,飲食店営業,移動Ｂ,福,博保衛,33010104,2026/6/30,2021/4/30,2021/4/30
ＰＡＴ　株式会社,812-0013,福岡市博多区博多駅東二丁目９番２０号,２Ｆ,,ＳＥＮ　ＶＡＮＧ　ＲＥＳＴＡＵＲＡＮＴ,飲食店営業,一般食堂,福,博保衛,33010087,2027/6/30,2021/4/30,2021/4/30
,810-0022,福岡市中央区薬院二丁目２番３３号,ＯＡＳ薬院ビル１Ｆ,092-215-2558,お好み焼　好々家,飲食店営業,一般食堂,福,中保衛,33020028,2027/6/30,2021/4/30,2009/4/27
株式会社増屋,810-0042,福岡市中央区赤坂一丁目１番５号,鶴田けやきビル１Ａ,092-739-2030,モスバーガー　赤坂けやき通り店,飲食店営業,一般食堂,福,中保衛,33020025,2027/6/30,2021/4/30,2003/6/23
,810-0001,福岡市中央区天神三丁目１４番２号,公建ビル２　１F,092-714-7650,立呑み　喜楽,飲食店営業,一般食堂,福,中保衛,33020024,2027/6/30,2021/4/30,2009/6/24
,810-0041,福岡市中央区大名一丁目４番２４号,タケダビル,092-406-2929,まんぷく屋,飲食店営業,一般食堂,福,中保衛,33020023,2027/6/30,2021/4/30,2015/4/14
株式会社珈琲舎のだ,810-0041,福岡市中央区大名二丁目１０番１号,Ａ－１１０,092-741-5357,珈琲舎のだ,飲食店営業,主として喫茶,福,中保衛,33020030,2027/6/30,2021/4/30,2009/6/12
株式会社ドトールコーヒー,810-0001,福岡市中央区天神三丁目１６番２３号,,092-735-3618,ドトールコーヒーショップ福岡天神３丁目店,飲食店営業,一般食堂,福,中保衛,33010097,2027/6/30,2021/4/30,2021/4/30
有限会社ぼんちゃん,810-0002,福岡市中央区西中洲１１番６号,三光ビル３階,,地酒屋ぼんちゃん,飲食店営業,一般食堂,福,中保衛,33010066,2027/6/30,2021/4/30,2021/4/30
株式会社ＦｉｅｌｄＣｏｍｐａｎｙ,810-0021,福岡市中央区今泉一丁目２番１３号,ライフ天神福岡１０Ｆ,092-791-2219,ＤＲＥＩＥＣＫ　ＰＡＲＫ　ＳÜＤ,飲食店営業,バー,福,中保衛,33010046,2027/6/30,2021/4/30,2021/4/30
,810-0021,福岡市中央区今泉一丁目９番６号,レジデンス松寿１０４,,Ｂｌａｃｋ　Ｐｅａｃｈ,飲食店営業,一般食堂,福,中保衛,33010074,2027/6/30,2021/4/30,2021/4/30
株式会社ｋｉｎｏ　ｃｉｎｅｍａ,810-0023,福岡市中央区警固一丁目１５番３８号,カイタックスクエアガーデン１号　３階,092-406-7805,ｋｉｎｏ　ｃｉｎéｍａ天神,飲食店営業,一般食堂,福,中保衛,33010083,2027/6/30,2021/4/30,2021/4/30
,810-0014,福岡市中央区平尾三丁目２２番３号,平丘ビル２Ｆ,,ＭＯＮＤＯ　ＨＩＲＡＯ,飲食店営業,一般食堂,福,中保衛,32010988,2027/6/30,2021/4/30,2021/4/30
株式会社Ｔ＆Ａ,810-0044,福岡市中央区六本松三丁目１１番３９号,名古屋ビル１０２,092-406-7029,精肉店　和達,食肉販売業,一般,福,中保衛,32330102,2027/6/30,2021/4/30,2021/4/30
株式会社Ｔ＆Ａ,810-0044,福岡市中央区六本松三丁目１１番３９号,名古屋ビル１０２,092-406-7029,精肉店　和達,そうざい製造業,なし,福,中保衛,32570025,2027/6/30,2021/4/30,2021/4/30
株式会社Ｔ＆Ａ,810-0044,福岡市中央区六本松三丁目１１番３９号,名古屋ビル１０２,092-406-7029,精肉店　和達,飲食店営業,一般食堂,福,中保衛,32010686,2027/6/30,2021/4/30,2021/4/30
,,福岡市内一円,,,幸屋,飲食店営業,仮設(仮設営業),福,南保衛,33670002,2026/6/30,2021/4/30,2021/4/30
,814-0101,福岡市城南区荒江一丁目５番２１号,,,ＰＯＷ　ＰＯＷ　ＰＯＷ！！,飲食店営業,一般食堂,福,城保衛,33010008,2027/6/30,2021/4/30,2021/4/30
,814-0171,福岡市早良区野芥三丁目１４番２号,,,満笑屋,飲食店営業,一般食堂,福,早保衛,33010018,2027/6/30,2021/4/30,2021/4/30
,814-0164,福岡市早良区賀茂三丁目１５番１５号,,092-801-7718,ローソン賀茂店,飲食店営業,一般食堂,福,早保衛,33010008,2027/6/30,2021/4/30,2021/4/30
,814-0171,福岡市早良区野芥四丁目４５番４８－１号,,092-834-7880,ハジマル,飲食店営業,一般食堂,福,早保衛,33010016,2027/6/30,2021/4/30,2021/4/30
,,福岡市内一円,,,ＢＡＲ　ＴＥＴＲＡ,飲食店営業,仮設(仮設営業),福,西保衛,33670002,2026/6/30,2021/4/30,2021/4/30
Ｌａｎｇａ　Ｊａｐａｎ株式会社,819-0022,福岡市西区福重一丁目１８番１０号,,092-982-2861,Ｌａｎｇａ　Ｊａｐａｎ株式会社,菓子製造業,一般,福,西保衛,33050004,2027/6/30,2021/4/30,2021/4/30
Ｌａｎｇａ　Ｊａｐａｎ株式会社,819-0022,福岡市西区福重一丁目１８番１０号,,092-982-2861,Ｌａｎｇａ　Ｊａｐａｎ株式会社,そうざい製造業,なし,福,西保衛,33570001,2027/6/30,2021/4/30,2021/4/30
Ｌａｎｇａ　Ｊａｐａｎ株式会社,819-0022,福岡市西区福重一丁目１８番１０号,,092-982-2861,Ｌａｎｇａ　Ｊａｐａｎ株式会社,食品の冷凍又は冷蔵業,なし,福,西保衛,33190001,2027/6/30,2021/4/30,2021/4/30
,819-0054,福岡市西区上山門三丁目４番１０号,,092-517-1432,Ｃａｐｐａｄｏｃｉａ　Ｋｉｔｃｈｅｎ,飲食店営業,一般食堂,福,西保衛,33010006,2027/6/30,2021/4/30,2021/4/30
,812-0053,福岡市東区箱崎一丁目７番４５号,,092-651-0237,スナック 瞳,飲食店営業,一般食堂,福,東保衛,33020003,2027/6/30,2021/5/6,2003/7/1
,812-0053,福岡市東区箱崎三丁目８番１９号,,,ヤマサキ酒場,飲食店営業,一般食堂,福,東保衛,33020002,2027/6/30,2021/5/6,2015/5/22
,812-0014,福岡市博多区比恵町１番１４号,エクセレント瑞穂　１Ｆ,092-431-8147,かねいしみずほ,飲食店営業,うどん屋,福,博保衛,33010102,2027/6/30,2021/5/6,2021/5/6
,812-0879,福岡市博多区銀天町二丁目１番４２号,,092-582-9957,伊ん出庵,飲食店営業,弁当屋,福,博保衛,33010040,2027/6/30,2021/5/6,2021/5/6
,810-0801,福岡市博多区中洲四丁目１番７号,中洲セントラルビル　４階　Ａ号室,,ｏｆｆｉｃｅ　ＳＥＬＥＮＤＩＰＩＴＹ,飲食店営業,一般食堂,福,博保衛,33010084,2027/6/30,2021/5/6,2021/5/6
,810-0801,福岡市博多区中洲三丁目１番２号,川丈ビル　２階,,Ｃｒｏｍｗｅｌｌ,飲食店営業,バー,福,博保衛,33010100,2027/6/30,2021/5/6,2021/5/6
,810-0801,福岡市博多区中洲二丁目３番１号,中洲Ｆビル　７階　７０６号,,Ｏｒａｎｇ,飲食店営業,カフェー,福,博保衛,33010088,2027/6/30,2021/5/6,2021/5/6
株式会社　ジェイ・シー・エス,812-0007,福岡市博多区東比恵二丁目１番５号,博多駅東コーポ　１Ａ,092-402-1864,ムシャムシャ食堂　東比恵店,飲食店営業,一般食堂,福,博保衛,33010044,2027/6/30,2021/5/6,2021/5/6
株式会社ＦｌａｇＳｈｉｐ　Ｊａｐａｎ,810-0801,福岡市博多区中洲三丁目６番７号,ギャラリーヤマモトビル　３階,,Ｏ’ｎｅｉｌｌｓ福岡,飲食店営業,バー,福,博保衛,33010082,2027/6/30,2021/5/6,2021/5/6
,810-0034,福岡市中央区笹丘一丁目３５番１９号,,092-712-7247,葵,飲食店営業,一般食堂,福,中保衛,33020037,2027/6/30,2021/5/6,1997/6/9
,810-0045,福岡市中央区草香江一丁目４番５号,エリーナプラザ六本松　１Ｆ,092-753-6583,Ｐｅｃｏｒａ,飲食店営業,一般食堂,福,中保衛,33020035,2027/6/30,2021/5/6,2015/6/25
株式会社観山,810-0031,福岡市中央区谷一丁目３番２０号,,092-721-5588,桜坂観山荘,飲食店営業,料理店,福,中保衛,33020034,2027/6/30,2021/5/6,1997/5/30
,810-0021,福岡市中央区今泉一丁目４番２号,アンピ－ル天神南　１Ｆ,092-751-8973,万作,飲食店営業,一般食堂,福,中保衛,33020032,2027/6/30,2021/5/6,1987/6/30
ｕｎｉｔｙ株式会社,810-0021,福岡市中央区今泉二丁目３番３１号,プロスペリタ今泉Ⅱ１階,092-732-0700,ひなた,飲食店営業,一般食堂,福,中保衛,33020033,2027/6/30,2021/5/6,2015/6/2
,810-0023,福岡市中央区警固二丁目２番１１号,シャンボール警固１０３,,ｂｅｋｋｉ,飲食店営業,一般食堂,福,中保衛,33010052,2027/6/30,2021/5/6,2021/5/6
,810-0041,福岡市中央区大名二丁目１番２９号,Ａ・ＩビルＣ館　２Ｆ,092-762-5315,想作居酒屋　ＫＡＫＵＲＥ,飲食店営業,一般食堂,福,中保衛,33020038,2027/6/30,2021/5/6,2015/4/24
,814-0103,福岡市城南区鳥飼五丁目５番６－１０３号,,,らぁめんシフク,飲食店営業,一般食堂,福,城保衛,33010011,2027/6/30,2021/5/6,2021/5/6
,814-0103,福岡市城南区鳥飼五丁目５番６－１０３号,,,らぁめんシフク,めん類製造業,一般,福,城保衛,33550001,2027/6/30,2021/5/6,2021/5/6
,814-0003,福岡市早良区城西三丁目２１番２７号　１０６Ｂ,,,カレーアパート　ニュートキワ,飲食店営業,一般食堂,福,早保衛,33010020,2027/6/30,2021/5/6,2021/5/6
有限会社　リュウナン,819-0165,福岡市西区今津３４３７番地３,,092-806-4588,リュウナン,魚介類販売業,一般,福,西保衛,33140001,2027/6/30,2021/5/6,1997/4/25
九州グラウンド株式会社,,福岡市内一円,,,今津カフェ,喫茶店営業,仮設(仮設営業),福,西保衛,33690002,2026/6/30,2021/5/6,2021/5/6
Ｓｍａｌｌ　ｃｏｍｐａｎｙ 株式会社,812-0051,福岡市東区箱崎ふ頭一丁目１番４０号,,,Ｓｍａｌｌ　ｃｏｍｐａｎｙ 株式会社,食肉販売業,一般,福,東保衛,33340001,2027/6/30,2021/5/7,2015/6/12
株式会社 グラシアス,,福岡市内一円,,,アイスクリーム,喫茶店営業,仮設(仮設営業),福,東保衛,33700001,2026/6/30,2021/5/7,2016/6/2
,,福岡市内一円,,,ありむら,飲食店営業,仮設(仮設営業),福,東保衛,33670026,2026/6/30,2021/5/7,2021/5/7
株式会社ＨＯＴＯＧＩ,,福岡市内一円,,,炭火焼弘,飲食店営業,仮設(仮設営業),福,東保衛,33670021,2026/6/30,2021/5/7,2021/5/7
,,福岡市内一円,,,チーズハットグ,飲食店営業,仮設(仮設営業),福,東保衛,33670024,2026/6/30,2021/5/7,2021/5/7
,,福岡市内一円,,,やきとり,飲食店営業,仮設(仮設営業),福,東保衛,33670025,2026/6/30,2021/5/7,2021/5/7
,,福岡市内一円,,,釜山亭千代県庁前店,飲食店営業,仮設(仮設営業),福,東保衛,33670022,2026/6/30,2021/5/7,2021/5/7
,,福岡市内一円,,,釜山亭千代県庁前店,飲食店営業,仮設(仮設営業),福,東保衛,33670023,2026/6/30,2021/5/7,2021/5/7
,812-0861,福岡市博多区浦田一丁目２７番３１号,,092-558-7200,鉄皿食堂　にし,飲食店営業,一般食堂,福,博保衛,33010105,2027/6/30,2021/5/7,2021/5/7
,810-0011,福岡市中央区高砂一丁目２２番２号,ＡＲＫ７番館　１０３号,092-526-2589,やきとり弥七,飲食店営業,一般食堂,福,中保衛,33020039,2027/6/30,2021/5/7,2009/5/14
,810-0004,福岡市中央区渡辺通二丁目３番３５号２Ｆ,,092-715-9708,じぇいびぃず,飲食店営業,一般食堂,福,中保衛,33020040,2027/6/30,2021/5/7,2003/4/11
株式会社ＰＥＬＥ,810-0041,福岡市中央区大名二丁目４番３８号,チサンマンション天神Ⅲ１０１,092-725-3783,博多ひいらぎ,飲食店営業,一般食堂,福,中保衛,33020045,2027/6/30,2021/5/7,2015/5/13
株式会社ｐｌｕｓ,810-0021,福岡市中央区今泉一丁目２３番４号,ｒｅｍｉｘ天神２０７,,やぶれ,飲食店営業,一般食堂,福,中保衛,33010098,2027/6/30,2021/5/7,2021/5/7
,810-0023,福岡市中央区警固二丁目１０番１２号,ニューけやき２Ｆ,092-738-3454,ワイン屋ヴァナペティート,飲食店営業,レストラン,福,中保衛,33020046,2027/6/30,2021/5/7,2003/6/26
株式会社アルバス,810-0041,福岡市中央区大名二丁目１番４号,ＳＴＡＧＥ１西通り３階,092-716-2800,ＴＨＥ　ＲＡＢＢＩＴ　ＨＯＬＥ,飲食店営業,バー,福,中保衛,33010093,2027/6/30,2021/5/7,2021/5/7
株式会社ＫＥＮＶＲＯ,810-0002,福岡市中央区西中洲１番４号,プロスペリタ西中洲Ⅱ６階Ａ号,,会員制　Ｄｉｎｉｎｇ＆Ｂａｒ　Ｃｉｍｖａ～シンバ～,飲食店営業,バー,福,中保衛,33010096,2027/6/30,2021/5/7,2021/5/7
株式会社イビサ,810-0022,福岡市中央区薬院一丁目１６番１７号,イビサビル１Ｆ,092-715-0153,イビサルテ,飲食店営業,レストラン,福,中保衛,33020044,2027/6/30,2021/5/7,2003/5/30
,810-0073,福岡市中央区舞鶴三丁目２番１７号,,092-721-0265,みうら,飲食店営業,一般食堂,福,中保衛,33020041,2027/6/30,2021/5/7,1987/4/23
株式会社ナイン,810-0022,福岡市中央区薬院三丁目１６番３４号,ヤマトビル１Ｆ,092-522-4129,薬院焼肉　ＮＩＫＵＩＣＨＩ,飲食店営業,一般食堂,福,中保衛,33020042,2027/6/30,2021/5/7,2015/4/10
,815-0033,福岡市南区大橋一丁目２番１８号,,092-541-9251,カレーハウスＣｏＣｏ壱番屋　福岡大橋駅東口店,飲食店営業,一般食堂,福,南保衛,33020002,2027/6/30,2021/5/7,2009/7/1
株式会社ａｇｒｉｃｏｅｕｌｅｓ,814-0161,福岡市早良区飯倉二丁目９番３９号,,092-407-1600,ｓｈｏｄａｉ　ｂｉｏ　ｎａｔｕｒｅ,アイスクリーム類製造業,一般,福,早保衛,33270001,2027/6/30,2021/5/7,2021/5/7
,819-0002,福岡市西区姪の浜三丁目２３番７号,,092-881-0589,鰤っ子,飲食店営業,一般食堂,福,西保衛,33020002,2027/6/30,2021/5/7,1981/6/9
,819-0374,福岡市西区千里７０６番地１,,,ハレノヒ,飲食店営業,一般食堂,福,西保衛,33010010,2027/6/30,2021/5/7,2021/5/7
日清医療食品株式会社,819-0025,福岡市西区石丸三丁目２番１号,,092-892-8831,日清医療食品（株）白十字リハビリテーション病院事業所,飲食店営業,一般食堂,福,西保衛,33010005,2027/6/30,2021/5/7,2021/5/7
増田石油株式会社,813-0016,福岡市東区香椎浜三丁目３番１１号,,092-692-1972,コメダ珈琲 福岡香椎浜店,飲食店営業,一般食堂,福,東保衛,33020005,2027/6/30,2021/5/10,2015/5/28
株式会社ポプラリテール,813-0016,福岡市東区香椎浜四丁目１番１号,,092-674-3108,ローソン香椎浜店,飲食店営業,一般食堂,福,東保衛,33010008,2027/6/30,2021/5/10,2021/5/10
株式会社　エリシオン,812-0042,福岡市博多区豊二丁目２番２６号,福岡コーホービル　７Ｆ,092-406-2889,エプタクレアリス,飲食店営業,バー,福,博保衛,33010078,2027/6/30,2021/5/10,2021/5/10
株式会社　藤和コーポレーション,810-0801,福岡市博多区中洲三丁目２番１２号,第３ラインビル　４階　１１号室,092-291-0337,ＳＮＡＣＫ　ＴＯＰ　ＬＡＤＹ,飲食店営業,カフェー,福,博保衛,33010099,2027/6/30,2021/5/10,2021/5/10
株式会社　ＪＳＨ,812-0027,福岡市博多区下川端町３番１号,博多リバレイン　１Ｆ,092-262-5440,ＢＯＲＩＡＮ　ＳＯＵＬ　ＣＨＩＣＫＥＮ,飲食店営業,一般食堂,福,博保衛,33010083,2027/6/30,2021/5/10,2021/5/10
,810-0801,福岡市博多区中洲四丁目１番１８号,セブンビルⅡ　１０２号,,鮨　小川,飲食店営業,すし屋,福,博保衛,32010779,2027/6/30,2021/5/10,2021/5/10
,810-0014,福岡市中央区平尾二丁目２番２５号,一本木マンション１Ｆ,,バーウォーターフォード,飲食店営業,バー,福,中保衛,33020048,2027/6/30,2021/5/10,2015/4/2
東亜トレーディング株式会社,810-8717,福岡市中央区天神一丁目４番１号,博多大丸福岡天神店Ｂ２Ｆ,092-712-8181,カンナムキンパ・韓美膳ＤＥＬＩ,飲食店営業,弁当屋,福,中保衛,33020050,2027/6/30,2021/5/10,2015/6/19
株式会社クボタ,810-8717,福岡市中央区天神一丁目４番１号,博多大丸東館　Ｂ２Ｆ,092-762-7637,井泉,飲食店営業,弁当屋,福,中保衛,33020049,2027/6/30,2021/5/10,2015/6/19
,810-0041,福岡市中央区大名一丁目８番５号,養巴コープ２０６号,,Ｊｉｒｋａ,飲食店営業,一般食堂,福,中保衛,33010099,2027/6/30,2021/5/10,2021/5/10
株式会社Ｃｒｏｗｎ　Ｊｅｗｅｌ,810-0004,福岡市中央区渡辺通二丁目９番９号,ニューガイアビル４階,092-736-6568,ＣＪカフェ　心月庵,飲食店営業,一般食堂,福,中保衛,33010084,2027/6/30,2021/5/10,2021/5/10
株式会社ゼロイチ,810-0024,福岡市中央区桜坂二丁目１番３７号,,,株式会社ゼロイチ,食肉販売業,一般,福,中保衛,33330007,2027/6/30,2021/5/10,2021/5/10
,810-0041,福岡市中央区大名二丁目２番４３号,ＥＬＫ大名ビル１０２,092-713-6182,ビーフ亭,食肉販売業,一般,福,中保衛,33330009,2027/6/30,2021/5/10,2021/5/10
株式会社ストロベリーコーンズ,815-0033,福岡市南区大橋二丁目１９番２８号,弾院ビル　１Ｆ,092-511-1315,ナポリの窯　大橋店,飲食店営業,仕出し,福,南保衛,33020005,2027/6/30,2021/5/10,2009/5/1
,811-1324,福岡市南区警弥郷一丁目７番１４号,,092-572-8889,那珂川,飲食店営業,一般食堂,福,南保衛,33020006,2027/6/30,2021/5/10,1981/4/24
,811-1302,福岡市南区井尻五丁目３番２号,,,リトルキッチン,飲食店営業,一般食堂,福,南保衛,33010018,2027/6/30,2021/5/10,2021/5/10
,811-1102,福岡市早良区東入部五丁目１５番１７号,,092-803-1372,手打ちそば　いるべ,飲食店営業,そば屋,福,早保衛,33020001,2027/6/30,2021/5/10,2009/6/9
昭産商事株式会社,819-0054,福岡市西区上山門一丁目１３番３０号,,092-883-2169,エフコ－プ上山門店,飲食店営業,弁当屋,福,西保衛,33020003,2027/6/30,2021/5/10,2003/6/23
株式会社レトリック,819-0386,福岡市西区元浜一丁目２７番３号,スペランサ元浜１０５号,092-400-1318,リトル・クルサ伊都九大前店,飲食店営業,仕出し,福,西保衛,33010009,2027/6/30,2021/5/10,2021/5/10
,819-0380,福岡市西区田尻東二丁目２５２８番地５,,,いつでもＣＯＣＯのお店から,飲食店営業,一般食堂,福,西保衛,33010011,2027/6/30,2021/5/10,2021/5/10
,819-0373,福岡市西区周船寺一丁目１２番３６号,,092-807-3112,魚処かいせい,菓子製造業,一般,福,西保衛,33050005,2027/6/30,2021/5/10,2021/5/10
,819-0373,福岡市西区周船寺一丁目１２番３６号,,092-807-3112,魚処かいせい,そうざい製造業,なし,福,西保衛,33570003,2027/6/30,2021/5/10,2021/5/10
,812-0051,福岡市東区箱崎ふ頭一丁目１番４０号,,092-632-0039,海鮮丼 てんや,飲食店営業,一般食堂,福,東保衛,33020006,2027/6/30,2021/5/11,2015/4/17
株式会社ワイエムサポート,813-0017,福岡市東区香椎照葉三丁目５番１号,福岡みらい病院内,,レストランみらい,飲食店営業,一般食堂,福,東保衛,33020010,2027/6/30,2021/5/11,2015/5/27
株式会社ワイエムサポート,813-0017,福岡市東区香椎照葉三丁目５番１号,,,セブンイレブン　福岡みらい病院店,飲食店営業,一般食堂,福,東保衛,33020011,2027/6/30,2021/5/11,2015/5/27
,813-0013,福岡市東区香椎駅前二丁目１９番７号２階,,092-682-8037,Ｌｕｃｃｉ,飲食店営業,一般食堂,福,東保衛,33020009,2027/6/30,2021/5/11,2015/5/14
株式会社 マルキョウ,812-0051,福岡市東区箱崎ふ頭六丁目１０番４号,,092-633-5111,株式会社 マルキョウ 鮮魚センター,魚介類販売業,一般,福,東保衛,33140001,2027/6/30,2021/5/11,1997/4/30
,813-0004,福岡市東区松香台一丁目１５番１号,,092-671-5658,てば介,飲食店営業,一般食堂,福,東保衛,33020007,2027/6/30,2021/5/11,2003/5/13
,812-0054,福岡市東区馬出二丁目２番４９号,,,やきとり　三兄弟,飲食店営業,一般食堂,福,東保衛,33020008,2027/6/30,2021/5/11,2015/4/17
,813-0043,福岡市東区名島二丁目３１番１５号,,092-692-9413,月ノ穂まれ,喫茶店営業,一般,福,東保衛,33230004,2027/6/30,2021/5/11,2021/5/11
,813-0043,福岡市東区名島二丁目３１番１５号,,092-692-9413,月ノ穂まれ,菓子製造業,一般,福,東保衛,33050006,2027/6/30,2021/5/11,2021/5/11
,,福岡市内一円,,,焼とり権兵衛,飲食店営業,仮設(仮設営業),福,東保衛,33670029,2026/6/30,2021/5/11,2021/5/11
株式会社　徳永屋,812-0039,福岡市博多区冷泉町６番２９号,,092-292-5924,博多もつ鍋　徳永屋,飲食店営業,一般食堂,福,博保衛,33010112,2027/6/30,2021/5/11,2021/5/11
,810-0044,福岡市中央区六本松二丁目３番２５号,１Ｆ,092-771-6644,ｐａｓｔａ　煙草屋,飲食店営業,レストラン,福,中保衛,33020052,2027/6/30,2021/5/11,2009/5/21
,810-0011,福岡市中央区高砂一丁目５番２号,２階,092-526-2377,膾炙,飲食店営業,一般食堂,福,中保衛,33020053,2027/6/30,2021/5/11,2009/5/12
,810-0003,福岡市中央区春吉一丁目３番１号,,092-761-3948,土井良商店,魚介類販売業,一般,福,中保衛,33140002,2027/6/30,2021/5/11,1997/4/11
,810-0003,福岡市中央区春吉一丁目３番１号,,092-761-3948,土井良商店,飲食店営業,そうざい,福,中保衛,33020054,2027/6/30,2021/5/11,1997/4/11
,810-0073,福岡市中央区舞鶴一丁目６番１４号,,092-714-6776,島系本店舞鶴店,飲食店営業,一般食堂,福,中保衛,33020056,2027/6/30,2021/5/11,2009/6/19
,810-0004,福岡市中央区渡辺通三丁目１番１号,ＴＫビル１Ｆ,092-741-4875,Ｎａｔｕｒｅｖｉｎ,飲食店営業,一般食堂,福,中保衛,33020055,2027/6/30,2021/5/11,2009/5/22
,810-0073,福岡市中央区舞鶴二丁目７番1号,ライオンズマンション舞鶴第３　１０３号,092-713-1055,餃子・中国酒菜　胡坊,飲食店営業,一般食堂,福,中保衛,33020062,2027/6/30,2021/5/11,2009/4/21
株式会社七色,810-0073,福岡市中央区舞鶴二丁目１番９号,ＢＯＲＩビル１Ｆ,092-781-7311,油そば　七色,飲食店営業,一般食堂,福,中保衛,33020058,2027/6/30,2021/5/11,2015/5/7
株式会社ＬＩＢＲＯＭ,810-0011,福岡市中央区高砂一丁目２１番２７号,ボンフル高砂１０３,,ＬＩＢＲＯＭ　Ｃｒａｆｔ　Ｓａｋｅ　Ｂｒｅｗｅｒｙ,酒類製造業,なし,福,中保衛,32490001,2027/6/30,2021/5/11,2021/5/11
,810-0022,福岡市中央区薬院一丁目１０番１０号,２Ｆ,092-753-8190,焼肉デニーロ,飲食店営業,一般食堂,福,中保衛,33010117,2027/6/30,2021/5/11,2021/5/11
,810-0023,福岡市中央区警固一丁目１５番５３号,エリーナプラザ天神南１０３号,092-791-6300,めでたい屋,飲食店営業,一般食堂,福,中保衛,33010116,2027/6/30,2021/5/11,2021/5/11
太陽の船株式会社,810-0004,福岡市中央区渡辺通五丁目１番２６号,アローマンション１０３号館－Ｃ号室,092-738-2919,焼肉酒場　にくまる春吉店,食肉販売業,一般,福,中保衛,33330008,2027/6/30,2021/5/11,2021/5/11
ＳＨＡＮＫＡＲ　ＬＴＤ株式会社,810-0001,福岡市中央区天神一丁目１５番３号,,092-714-7176,インド料理スラージ,そうざい製造業,なし,福,中保衛,33570003,2027/6/30,2021/5/11,2021/5/11
,810-0014,福岡市中央区平尾一丁目３番１８－１号,１Ｆ,092-531-0011,新天　玉吉,食肉販売業,一般,福,中保衛,33330010,2027/6/30,2021/5/11,2021/5/11
ロイヤルフードサービス株式会社,810-0013,福岡市中央区大宮二丁目６番１号,,092-522-7350,ロイヤルホスト　平尾店,飲食店営業,レストラン,福,中保衛,33020057,2027/6/30,2021/5/11,1982/6/21
株式会社博多大丸,810-0001,福岡市中央区天神一丁目４番１号,,092-712-8181,博多大丸　共同厨房２,飲食店営業,そうざい,福,中保衛,33020059,2027/6/30,2021/5/11,2015/6/15
株式会社博多大丸,810-0001,福岡市中央区天神一丁目４番１号,博多大丸東館Ｂ２Ｆ,092-712-8181,(株)博多大丸,飲食店営業,そうざい,福,中保衛,33020060,2027/6/30,2021/5/11,2015/6/1
株式会社博多大丸,810-0001,福岡市中央区天神一丁目４番１号,博多大丸東館Ｂ２,092-712-8181,博多大丸　共同厨房,飲食店営業,一般食堂,福,中保衛,33020061,2027/6/30,2021/5/11,2015/6/8
,811-1362,福岡市南区長住二丁目１３番１０号,,092-542-7112,天ぷらとコロッケいわせ,飲食店営業,一般食堂,福,南保衛,33020008,2027/6/30,2021/5/11,2003/5/12
,,福岡市内一円,,,やきとり鳥王８号,飲食店営業,仮設(仮設営業),福,早保衛,33680001,2026/6/30,2021/5/11,2016/6/17
,814-0161,福岡市早良区飯倉六丁目２５番５号,,092-801-7713,スナック　パール,飲食店営業,バー,福,早保衛,33020005,2027/6/30,2021/5/11,1981/5/2
,814-0022,福岡市早良区原五丁目３番４５号,,,やさいマン,菓子製造業,一般,福,早保衛,33050004,2027/6/30,2021/5/11,2021/5/11
,814-0022,福岡市早良区原五丁目３番４５号,,,やさいマン,飲食店営業,一般食堂,福,早保衛,33010023,2027/6/30,2021/5/11,2021/5/11
コンパスグループ・ジャパン株式会社,814-0163,福岡市早良区干隈四丁目１０番１２号,,092-874-7171,地域密着型　特別養護老人ホーム　まきの木,飲食店営業,一般食堂,福,早保衛,33010024,2027/6/30,2021/5/11,2021/5/11
株式会社ＭＫカフェ,819-0022,福岡市西区福重一丁目１３番５号,,092-883-5667,町家かふぇ　かまくら,飲食店営業,一般食堂,福,西保衛,33020004,2027/6/30,2021/5/11,2009/5/21
株式会社ＦｌａｇＳｈｉｐ,819-0052,福岡市西区下山門一丁目１３番１８号,,092-892-8012,ファミリーマート福岡下山門通り店,飲食店営業,一般食堂,福,西保衛,33010002,2027/6/30,2021/5/11,2021/5/11
合同会社ワンオンワン,819-0043,福岡市西区野方一丁目２２番１８号,,092-407-7338,むっちゃん万十　野方店,飲食店営業,一般食堂,福,西保衛,33010012,2027/6/30,2021/5/11,2021/5/11
,,福岡市内一円,,,なかむら屋,飲食店営業,仮設(仮設営業),福,東保衛,33670027,2026/6/30,2021/5/12,2021/5/12
,,福岡市内一円,,,なかむら屋,飲食店営業,仮設(仮設営業),福,東保衛,33670028,2026/6/30,2021/5/12,2021/5/12
株式会社ブランワン,811-0203,福岡市東区塩浜一丁目１番１９号,,092-606-3378,伊三郎製ぱん　和白店,菓子製造業,パン,福,東保衛,33060001,2027/6/30,2021/5/12,2015/4/8
株式会社ブランワン,811-0203,福岡市東区塩浜一丁目１番１９号,,092-606-3378,伊三郎製ぱん　和白店,飲食店営業,弁当屋,福,東保衛,33020012,2027/6/30,2021/5/12,2015/4/8
,812-0863,福岡市博多区金の隈一丁目３４番２１号,,092-984-7800,Ｌｏｌａ,飲食店営業,バー,福,博保衛,33010108,2027/6/30,2021/5/12,2021/5/12
,812-0023,福岡市博多区奈良屋町４番１号,森ビル　１Ｆ,,ＩＣＨＩＹＵ,飲食店営業,一般食堂,福,博保衛,32010794,2027/6/30,2021/5/12,2021/5/12
共栄商事　株式会社,810-0801,福岡市博多区中洲四丁目２番１４号,グラン中洲ビル　５階　５０３・５０４・５０７号室,092-282-7711,ＣＬＵＢ　ＮＯＡＨ　ＦＵＫＵＯＫＡ,飲食店営業,カフェー,福,博保衛,33010037,2027/6/30,2021/5/12,2021/5/12
,810-0023,福岡市中央区警固二丁目１４番５号,２Ｆ,092-716-4677,月のうさぎ,飲食店営業,一般食堂,福,中保衛,33020064,2027/6/30,2021/5/12,1997/4/18
,810-0014,福岡市中央区平尾二丁目１４番１８号,２Ｆ,092-406-7825,有在或,飲食店営業,一般食堂,福,中保衛,33010089,2027/6/30,2021/5/12,2021/5/12
株式会社ｇａｍｂｌｅｒ,810-0003,福岡市中央区春吉二丁目１２番１９号,フラワーコーポ春吉１Ｆ,092-715-2788,ＫＡＫＵＵＣＨＩ　骨屋,飲食店営業,バー,福,中保衛,33010120,2027/6/30,2021/5/12,2021/5/12
,810-0033,福岡市中央区小笹五丁目２２番３２号,チサンマンション南公園Ｂ１－Ａ,,Ｅｖｅ　ｃｏｆｆｅｅ,飲食店営業,一般食堂,福,中保衛,32010895,2027/6/30,2021/5/12,2021/5/12
,810-0014,福岡市中央区平尾五丁目４番３３号,平尾山荘マンション１Ｆ,,ｏｔｈｅｒ,飲食店営業,バー,福,中保衛,33010122,2027/6/30,2021/5/12,2021/5/12
,815-0041,福岡市南区野間四丁目３番３３号,野間ハイツ１Ｆ,092-511-9625,たんぽぽ,飲食店営業,一般食堂,福,南保衛,33020011,2027/6/30,2021/5/12,1997/6/3
,811-1302,福岡市南区井尻一丁目３５番５号,,092-588-3277,ほっともっと井尻１丁目店,飲食店営業,弁当屋,福,南保衛,33020010,2027/6/30,2021/5/12,2015/6/1
,,福岡市内一円,,,かくうち嘉,飲食店営業,仮設(仮設営業),福,南保衛,33670003,2026/6/30,2021/5/12,2021/5/12
株式会社シャトレーゼ,814-0123,福岡市城南区長尾三丁目２９番３０号,,092-753-8407,シャトレーゼ城南区長尾店,菓子製造業,一般,福,城保衛,33050002,2027/6/30,2021/5/12,2021/5/12
株式会社シャトレーゼ,814-0123,福岡市城南区長尾三丁目２９番３０号,,092-753-8407,シャトレーゼ城南区長尾店,喫茶店営業,一般,福,城保衛,33230001,2027/6/30,2021/5/12,2021/5/12
日本医療サービス株式会社,814-0001,福岡市早良区百道浜三丁目６番４５号,Ｂ１Ｆ,092-832-1100,福岡山王病院　栄養課,飲食店営業,一般食堂,福,早保衛,33010021,2027/6/30,2021/5/12,2021/5/12
,819-0373,福岡市西区周船寺二丁目８番３４号,,092-806-1046,小冨士屋,飲食店営業,仕出し,福,西保衛,33020005,2027/6/30,2021/5/12,1979/6/9
,819-0373,福岡市西区周船寺二丁目８番３４号,,092-806-1046,小冨士屋,魚介類販売業,一般,福,西保衛,33140002,2027/6/30,2021/5/12,1979/6/9
,819-0373,福岡市西区周船寺一丁目１６番２号,,092-807-2917,肉のみつわ,食肉販売業,一般,福,西保衛,33340001,2027/6/30,2021/5/12,2009/5/27
,813-0013,福岡市東区香椎駅前一丁目１３番１３号,,092-671-0909,セブンイレブン 福岡香椎駅前店,飲食店営業,一般食堂,福,東保衛,33020013,2027/6/30,2021/5/13,2015/5/26
株式会社 良選思考,811-0203,福岡市東区塩浜一丁目１番１９号,,092-606-3799,良選旨だし唐揚,飲食店営業,そうざい,福,東保衛,33010044,2027/6/30,2021/5/13,2021/5/13
福岡女子大学生活協同組合,813-0003,福岡市東区香住ヶ丘一丁目１番１号,,092-661-7736,グリーンゲイブルズ,飲食店営業,一般食堂,福,東保衛,33020014,2027/6/30,2021/5/13,1992/4/6
福岡女子大学生活協同組合,813-0003,福岡市東区香住ヶ丘一丁目１番１号,,092-661-7736,喫茶Ａ・ＶＥ・ＢＵ,飲食店営業,一般食堂,福,東保衛,33020015,2027/6/30,2021/5/13,1992/4/6
,810-0801,福岡市博多区中洲二丁目６番４号,第２スコッチ桂和ビル　４階　Ａ号室,,バー　ネオ,飲食店営業,バー,福,博保衛,33010118,2027/6/30,2021/5/13,2021/5/13
株式会社　スマート・グロース,812-0018,福岡市博多区住吉二丁目１４番１号　３Ｆ　３０１号,,,Ｃａｆｅ　Ｂａｒ　Ｃｌｏｕｄ,飲食店営業,一般食堂,福,博保衛,33010110,2027/6/30,2021/5/13,2021/5/13
,810-0801,福岡市博多区中洲二丁目５番５号,中洲第一ビル　１階　１０４号室,,ＮＡＲＩＴＡ,飲食店営業,カフェー,福,博保衛,33010117,2027/6/30,2021/5/13,2021/5/13
,812-0034,福岡市博多区下呉服町６番７－１号,,,らぁめん　３９番地,飲食店営業,一般食堂,福,博保衛,33010072,2027/6/30,2021/5/13,2021/5/13
,810-0004,福岡市中央区渡辺通二丁目９番１号,白花ビル１Ｆ,092-712-5081,しらいんがた,飲食店営業,一般食堂,福,中保衛,33020068,2027/6/30,2021/5/13,1992/6/12
有限会社風家,810-0044,福岡市中央区六本松二丁目３番２１号,,,ロクマル,飲食店営業,一般食堂,福,中保衛,33020069,2027/6/30,2021/5/13,2015/4/24
株式会社石井,810-0023,福岡市中央区警固二丁目１６番１１号,坂口ビル１０１,092-715-2667,いしい,飲食店営業,一般食堂,福,中保衛,33020070,2027/6/30,2021/5/13,2009/5/28
日本医療サービス株式会社,810-0022,福岡市中央区薬院二丁目６番１１号,,092-741-3315,福岡中央病院,飲食店営業,一般食堂,福,中保衛,33010123,2027/6/30,2021/5/13,2021/5/13
株式会社西日本プロジェクト,810-0004,福岡市中央区渡辺通一丁目９番１号,ｋｉｋｉビル１Ｆ,092-761-1488,Ｒ,飲食店営業,バー,福,中保衛,33010127,2027/6/30,2021/5/13,2021/5/13
,811-1302,福岡市南区井尻三丁目１８番１３号,,092-287-8705,水色食堂,飲食店営業,一般食堂,福,南保衛,33020012,2027/6/30,2021/5/13,2015/6/9
,811-1356,福岡市南区花畑二丁目３番８号,,092-566-4290,香月,飲食店営業,バー,福,南保衛,33020013,2027/6/30,2021/5/13,2015/4/13
,,福岡市内一円,,,永露商店,飲食店営業,仮設(仮設営業),福,南保衛,33670004,2026/6/30,2021/5/13,2021/5/13
ＦＬａｔＪａｐａｎ株式会社,814-0133,福岡市城南区七隈七丁目５番２号,メゾンドルシエールB,092-834-3898,ＦＬＡＴ－ＮＡＮＡＫＵＭＡ－,飲食店営業,一般食堂,福,城保衛,33010010,2027/6/30,2021/5/13,2021/5/13
,,福岡市内一円,,,エムティフーズ,菓子製造業,移動Ｂ,福,早保衛,33060001,2026/6/30,2021/5/13,2011/4/21
伊賀屋嘉助株式会社,814-0003,福岡市早良区城西三丁目２１番２７号,,,親子カフェ　ｂａｏ・ｂａｂ,飲食店営業,一般食堂,福,早保衛,33010026,2027/6/30,2021/5/13,2021/5/13
伊賀屋嘉助株式会社,814-0003,福岡市早良区城西三丁目２１番２７号,,,親子カフェ　ｂａｏ・ｂａｂ,菓子製造業,一般,福,早保衛,33050005,2027/6/30,2021/5/13,2021/5/13
株式会社西鉄ストア,814-0176,福岡市早良区四箇田団地１番２号,,092-811-5133,レガネット　マルシェ　四箇田,食肉販売業,一般,福,早保衛,33340001,2027/6/30,2021/5/13,1979/4/6
,819-0025,福岡市西区石丸三丁目４６番４号,,092-883-0666,ぢどり屋,飲食店営業,一般食堂,福,西保衛,33020007,2027/6/30,2021/5/13,2003/4/21
グリーンコープ生活協同組合ふくおか,819-0005,福岡市西区内浜一丁目１６番３１号,,092-885-2265,グリーンコープ生協姪浜店,魚介類販売業,一般,福,西保衛,33140005,2027/6/30,2021/5/13,1997/6/12
,819-0202,福岡市西区西浦１２６５番地３８,,,弥の魚卓,魚介類販売業,一般,福,西保衛,33140003,2027/6/30,2021/5/13,2015/5/12
株式会社マルキョウ,819-0054,福岡市西区上山門二丁目１番２８号,,092-881-8353,株式会社マルキョウ　下山門店,飲食店営業,そうざい,福,西保衛,33020006,2027/6/30,2021/5/13,1997/5/16
株式会社マルキョウ,819-0054,福岡市西区上山門二丁目１番２８号,,092-881-8353,株式会社マルキョウ　下山門店,魚介類販売業,一般,福,西保衛,33140004,2027/6/30,2021/5/13,1997/5/16
,819-0387,福岡市西区富士見三丁目１０番２６号,,092-834-9488,ミューズ　パティオ,飲食店営業,一般食堂,福,西保衛,33020008,2027/6/30,2021/5/13,2009/4/13
株式会社 みかげ,811-0202,福岡市東区和白五丁目９番３号,,092-607-7700,みかげ,飲食店営業,仕出し,福,東保衛,33020016,2027/6/30,2021/5/14,1982/4/30
株式会社ユニバーサルコミット,813-0034,福岡市東区多の津四丁目７番２３号,,,俺のからあげ　鶏金,飲食店営業,一般食堂,福,東保衛,33010034,2027/6/30,2021/5/14,2021/5/14
,810-0801,福岡市博多区中洲四丁目１番１号,あざみビル　５階　全号室,,会員制　桜花,飲食店営業,カフェー,福,博保衛,33010109,2027/6/30,2021/5/14,2021/5/14
特定非営利活動法人　ジャパンマック,812-0007,福岡市博多区東比恵二丁目１３番１号,東比恵ビル　１Ｆ　１０３号室,,アトリエ　ブランシュ,飲食店営業,一般食堂,福,博保衛,33010107,2027/6/30,2021/5/14,2021/5/14
特定非営利活動法人　ジャパンマック,812-0007,福岡市博多区東比恵二丁目１３番１号,東比恵ビル　１Ｆ　１０３号室,,アトリエ　ブランシュ,菓子製造業,一般,福,博保衛,33050010,2027/6/30,2021/5/14,2021/5/14
株式会社　ウエスト,812-0887,福岡市博多区三筑一丁目５番８号,,092-582-3911,（株）ウエスト,菓子製造業,一般,福,博保衛,33050011,2027/6/30,2021/5/14,2021/5/14
,810-0001,福岡市中央区天神五丁目１番１－１０６号,,092-751-4487,カレー　カフェ　壷,飲食店営業,一般食堂,福,中保衛,33020074,2027/6/30,2021/5/14,2015/4/6
株式会社グリーンズ,810-0001,福岡市中央区天神一丁目２番１号,,,コンフォートイン福岡天神,喫茶店営業,自動販売機,福,中保衛,32230014,2027/6/30,2021/5/14,2021/5/14
合同会社シードビレッジ,810-0073,福岡市中央区舞鶴三丁目６番２３号,サンハイツ舞鶴４０７,,合同会社シードビレッジ,菓子製造業,一般,福,中保衛,33050023,2027/6/30,2021/5/14,2021/5/14
,810-0004,福岡市中央区渡辺通二丁目９番９号,ニューガイア渡辺通ビル０３－２,092-791-9989,皓の月,魚介類販売業,一般,福,中保衛,33130002,2027/6/30,2021/5/14,2021/5/14
株式会社ひらまつ,810-0001,福岡市中央区天神二丁目５番５５号,レソラ天神４Ｆ,092-724-0600,リストランテＫｕｂｏｔｓｕ,そうざい製造業,なし,福,中保衛,33570005,2027/6/30,2021/5/14,2021/5/14
株式会社ひらまつ,810-0001,福岡市中央区天神二丁目５番５５号,レソラ天神４Ｆ,092-724-0600,リストランテＫｕｂｏｔｓｕ,菓子製造業,一般,福,中保衛,33050021,2027/6/30,2021/5/14,2021/5/14
有限会社どらごんフーズ,810-0044,福岡市中央区六本松四丁目１１番３２号,,092-771-7066,どらごんその２,飲食店営業,一般食堂,福,中保衛,33020073,2027/6/30,2021/5/14,2003/6/11
株式会社新・守田工務店,810-0041,福岡市中央区大名二丁目１番１７号,ムラサキプレイス１０３,,マモールデン,飲食店営業,一般食堂,福,中保衛,33020072,2027/6/30,2021/5/14,2015/4/24
,810-0021,福岡市中央区今泉一丁目２３番４号,ｒｅｍｉｘ天神２０５,092-771-6789,幸福論,飲食店営業,一般食堂,福,中保衛,33020071,2027/6/30,2021/5/14,2015/4/28
草寿株式会社,815-0033,福岡市南区大橋三丁目２３番３８号,,092-557-3001,草寿（株）　オーベルハイム三宅,飲食店営業,一般食堂,福,南保衛,33020014,2027/6/30,2021/5/14,2015/5/29
ｕｎｉｔｙ株式会社,815-0033,福岡市南区大橋一丁目２番３１－１０１号,,092-552-8200,居酒屋はなび,飲食店営業,一般食堂,福,南保衛,33020015,2027/6/30,2021/5/14,2015/6/16
株式会社ゼロスタイル,815-0001,福岡市南区五十川一丁目１６番２２号,２Ｆ,092-452-0022,ＺＥＲＯ　ｃａｆｅ＆ｂａｒ,飲食店営業,一般食堂,福,南保衛,33010027,2027/6/30,2021/5/14,2021/5/14
,814-0133,福岡市城南区七隈三丁目２番４号,,092-861-3101,洋菓子のモンシェリー,菓子製造業,一般,福,城保衛,33060001,2027/6/30,2021/5/14,1992/5/15
,814-0151,福岡市城南区堤二丁目１２番１号,西原ビル１－Ｅ,,やきとり呑屯,飲食店営業,一般食堂,福,城保衛,33020004,2027/6/30,2021/5/14,2009/4/27
有限会社アドファクトリーハーツ,,福岡市内一円,,,おっちゃん秘伝のからあげ家,飲食店営業,移動Ｂ,福,早保衛,33020009,2026/6/30,2021/5/14,2016/4/12
有限会社トーブ,814-0175,福岡市早良区田村一丁目９番１号,,092-863-1801,有限会社　トーブ,食肉処理業,食鳥肉処理,福,早保衛,33320001,2027/6/30,2021/5/14,1997/4/21
有限会社氣侭,814-0015,福岡市早良区室見五丁目１３番２６号,Ｇ－１　ＭＵＲＯＭＩ　ＳＴＡＴＩＯＮ,092-836-5833,焼鳥きままの台所　室見店,飲食店営業,一般食堂,福,早保衛,33020012,2027/6/30,2021/5/14,2015/6/30
株式会社西鉄ストア,814-0033,福岡市早良区有田六丁目７番１号,,092-861-2455,株式会社西鉄ストア　有田店,飲食店営業,弁当屋,福,早保衛,33020011,2027/6/30,2021/5/14,2003/6/23
株式会社西鉄ストア,814-0033,福岡市早良区有田六丁目７番１号,,092-861-2455,株式会社西鉄ストア　有田店,魚介類販売業,一般,福,早保衛,33140002,2027/6/30,2021/5/14,2003/6/23
株式会社西鉄ストア,814-0033,福岡市早良区有田六丁目７番１号,,092-861-2455,株式会社西鉄ストア　有田店,食肉販売業,一般,福,早保衛,33340002,2027/6/30,2021/5/14,2003/6/23
ＳＯＭＰＯケアフーズ株式会社,819-0025,福岡市西区石丸三丁目３８番７号,,092-894-6261,そんぽの家Ｓ　姪浜,飲食店営業,一般食堂,福,西保衛,33020010,2027/6/30,2021/5/14,2009/5/11
,811-0213,福岡市東区和白丘四丁目６番１３号,,092-606-8555,やき鳥 味寛,飲食店営業,一般食堂,福,東保衛,33020018,2027/6/30,2021/5/17,2003/5/1
,811-0201,福岡市東区三苫六丁目１４番３２号,,092-985-0021,ＫＩＴＣＨＥＮ 南蔵 ＮＡＭＺＯ,飲食店営業,一般食堂,福,東保衛,33020017,2027/6/30,2021/5/17,2015/5/18
,811-0215,福岡市東区高美台二丁目１番２１号,,,ファンシー喫茶 カヨカリ,飲食店営業,一般食堂,福,東保衛,33010042,2027/6/30,2021/5/17,2021/5/17
,,福岡市内一円,,,イートワールド,喫茶店営業,仮設(仮設営業),福,東保衛,33690002,2026/6/30,2021/5/17,2021/5/17
,,福岡市内一円,,,隙間珈琲,喫茶店営業,仮設(仮設営業),福,東保衛,33690001,2026/6/30,2021/5/17,2021/5/17
ＫＣ株式会社,812-0882,福岡市博多区麦野四丁目３７番１５号　１Ｆ,,092-581-5006,インドネパール料理ヒマラヤキッチン雑餉隈店,飲食店営業,一般食堂,福,博保衛,33010126,2027/6/30,2021/5/17,2021/5/17
ＫＣ　株式会社,812-0882,福岡市博多区麦野四丁目３７番１５号,２Ｆ,,喫茶　ＨＡＬＦＭＯＯＮ,飲食店営業,バー,福,博保衛,33010127,2027/6/30,2021/5/17,2021/5/17
,,福岡市内一円,,,イート喫茶,喫茶店営業,仮設(仮設営業),福,博保衛,33690001,2026/6/30,2021/5/17,2021/5/17
株式会社ＴＮ　ｔｗｏｗｉｎ,810-0801,福岡市博多区中洲二丁目３番１号,中洲Ｆビル　３階　３０２号室,,ＲＥＧＵＬＵＳ,飲食店営業,カフェー,福,博保衛,32010807,2027/6/30,2021/5/17,2021/5/17
合同会社まつ,810-0801,福岡市博多区中洲二丁目３番１号,中洲Ｆビル　３階　３０４号室,,ＣＬＵＢ　ＵＲＡＮＵＳ　ＶＶＩＰ,飲食店営業,カフェー,福,博保衛,32010808,2027/6/30,2021/5/17,2021/5/17
,812-0895,福岡市博多区竹下四丁目３番２５号,上村ビル　２Ｆ,,カラオケＢＡＲ　たけよん,飲食店営業,バー,福,博保衛,33010113,2027/6/30,2021/5/17,2021/5/17
,810-0062,福岡市中央区荒戸三丁目１番１２号,パレスガーデン　１０２号,092-741-8682,旬魚酒房　かぶきもん,飲食店営業,一般食堂,福,中保衛,33020076,2027/6/30,2021/5/17,2009/6/22
株式会社ＥＬＭＯ,810-0041,福岡市中央区大名二丁目１番５１号,マウンテンファイブ７階,092-712-5300,ギルド,飲食店営業,一般食堂,福,中保衛,33010135,2027/6/30,2021/5/17,2021/5/17
,810-0024,福岡市中央区桜坂一丁目４番１９号,第２アキラタワー１０１号,092-791-3576,Ｅｕｒｅｋä,飲食店営業,一般食堂,福,中保衛,33020075,2027/6/30,2021/5/17,2015/4/21
,811-1323,福岡市南区弥永一丁目２５番４号,,092-558-5539,Ｌａｐｉｓ,飲食店営業,バー,福,南保衛,33020016,2027/6/30,2021/5/17,2015/5/18
,,福岡市内一円,,,イートドリンク,喫茶店営業,仮設(仮設営業),福,南保衛,33690001,2026/6/30,2021/5/17,2021/5/17
,811-1351,福岡市南区屋形原二丁目３６番１号,,,ｎａｔｕｒｅ,菓子製造業,一般,福,南保衛,33050003,2027/6/30,2021/5/17,2021/5/17
,811-1355,福岡市南区桧原二丁目３５番１８号,,,青山,飲食店営業,一般食堂,福,南保衛,33010010,2027/6/30,2021/5/17,2021/5/17
,,福岡市内一円,,,伊東　睦,喫茶店営業,仮設(仮設営業),福,城保衛,33690001,2026/6/30,2021/5/17,2021/5/17
,,福岡市内一円,,,あびる　こーりー,喫茶店営業,移動営業,福,城保衛,33230002,2026/6/30,2021/5/17,2021/5/17
,,福岡市内一円,,,あびる　こーりー,喫茶店営業,仮設(仮設営業),福,城保衛,33690002,2026/6/30,2021/5/17,2021/5/17
,814-0002,福岡市早良区西新四丁目９番３－３号,,,もつ焼き　てしまや,飲食店営業,一般食堂,福,早保衛,33010015,2027/6/30,2021/5/17,2021/5/17
,,福岡市内一円,,,イート　ウーロン,喫茶店営業,仮設(仮設営業),福,早保衛,33690001,2026/6/30,2021/5/17,2021/5/17
,819-0055,福岡市西区生の松原四丁目１番２２号,,092-892-1888,ファミリーマート福岡いきの松原,飲食店営業,一般食堂,福,西保衛,33020011,2027/6/30,2021/5/17,2015/5/8
合同会社岡本,819-0165,福岡市西区今津４７９８番地３１の１,,092-806-1631,セブンイレブン福岡今津運動公園前店,飲食店営業,一般食堂,福,西保衛,33020012,2027/6/30,2021/5/17,2015/6/24
,,福岡市内一円,,,イートコーヒー,喫茶店営業,仮設(仮設営業),福,西保衛,33690003,2026/6/30,2021/5/17,2021/5/17
,812-0063,福岡市東区原田四丁目２４番５号,,,Ｓｍｉｌｅｙ Ｃｈｉｃｋｅｎ,飲食店営業,一般食堂,福,東保衛,33010045,2027/6/30,2021/5/18,2021/5/18
合同会社　フライハイト,810-0801,福岡市博多区中洲二丁目６番７号,ジョイフルヤマモトビル　６階　４号室,,ＢＡＲ　ＯＳ,飲食店営業,バー,福,博保衛,33010128,2027/6/30,2021/5/18,2021/5/18
株式会社　西日本新聞プロダクツ,,福岡市内一円,,,「博多町家」ふるさと館,喫茶店営業,仮設(仮設営業),福,博保衛,33690003,2026/6/30,2021/5/18,2021/5/18
株式会社　西日本新聞プロダクツ,,福岡市内一円,,,「博多町家」ふるさと館,喫茶店営業,仮設(仮設営業),福,博保衛,33690002,2026/6/30,2021/5/18,2021/5/18
,810-0044,福岡市中央区六本松四丁目１番１６号１Ｆ,,092-751-4305,益桝屋,飲食店営業,一般食堂,福,中保衛,33020079,2027/6/30,2021/5/18,2015/5/28
,,福岡市内一円,,,夢屋台,飲食店営業,仮設(仮設営業),福,中保衛,33680002,2026/6/30,2021/5/18,2016/5/30
,810-0011,福岡市中央区高砂一丁目１４番１４号,西尾ビル２Ｆ,092-523-2328,ＫＩＮＧＹＯ,飲食店営業,一般食堂,福,中保衛,33020081,2027/6/30,2021/5/18,2015/5/7
,810-0002,福岡市中央区西中洲５番１５号,セントラルパークタワー５Ｆ,092-724-0020,Ｃｌｕｂ　Ａｎｇｅｌｉｑｕｅ,飲食店営業,バー,福,中保衛,33010137,2027/6/30,2021/5/18,2021/5/18
有限会社クローバー,810-0022,福岡市中央区薬院四丁目１５番６号,井槌病院,092-521-2355,有限会社クローバー,飲食店営業,一般食堂,福,中保衛,33010124,2027/6/30,2021/5/18,2021/5/18
,,福岡市内一円,,,夢屋台,飲食店営業,仮設(仮設営業),福,中保衛,33670003,2026/6/30,2021/5/18,2021/5/18
株式会社ＢｅｓｏｓＡｌｍｕｎｄｏ,810-0075,福岡市中央区港二丁目３番１７号,２Ｆ,092-406-5750,株式会社ＢｅｓｏｓＡｌｍｕｎｄｏ,菓子製造業,一般,福,中保衛,33050022,2027/6/30,2021/5/18,2021/5/18
有限会社　うえすたん,810-0023,福岡市中央区警固二丁目１４番５号,,092-771-1498,ビフテキ居酒屋　うえすたん,飲食店営業,一般食堂,福,中保衛,33020080,2027/6/30,2021/5/18,1993/5/20
,811-1321,福岡市南区柳瀬一丁目３３番１５号,フォーリスト１０３、１０５号,,合格とり,飲食店営業,弁当屋,福,南保衛,33010025,2027/6/30,2021/5/18,2021/5/18
株式会社　フルラッキーコーポレーション,814-0142,福岡市城南区片江四丁目１番１８号,,092-801-6311,カレーハウスＣｏＣｏ壱番屋城南片江店,飲食店営業,一般食堂,福,城保衛,33020005,2027/6/30,2021/5/18,1992/6/29
,814-0103,福岡市城南区鳥飼六丁目１５番２４号,,092-821-2281,すみ田,飲食店営業,一般食堂,福,城保衛,33020006,2027/6/30,2021/5/18,1974/6/13
,814-0171,福岡市早良区野芥二丁目１番４６号,,092-834-8633,ビストロ　シュン,飲食店営業,レストラン,福,早保衛,33020013,2027/6/30,2021/5/18,2009/4/24
,814-0002,福岡市早良区西新五丁目１５番１９号,マルスギビル　１Ｆ,092-823-1233,知味観,飲食店営業,一般食堂,福,早保衛,33020015,2027/6/30,2021/5/18,2009/4/23
,814-0161,福岡市早良区飯倉四丁目１番３８号,,092-865-7231,冨ちゃんラーメン,飲食店営業,一般食堂,福,早保衛,33020014,2027/6/30,2021/5/18,2015/6/1
,814-0003,福岡市早良区城西三丁目１２番２１号,,092-821-6702,野口精肉店,食肉販売業,一般,福,早保衛,33340003,2027/6/30,2021/5/18,1966/6/11
,819-0373,福岡市西区周船寺一丁目２０番１８号,,092-807-5261,すなっく　ベティ,飲食店営業,一般食堂,福,西保衛,33020013,2027/6/30,2021/5/18,2003/5/21
,,福岡市内一円,,,志賀島センター島の幸,飲食店営業,仮設(仮設営業),福,東保衛,33680006,2026/6/30,2021/5/19,2016/6/4
株式会社ＣＲＥＡＭ ＨＯＮＰＯ,812-0053,福岡市東区箱崎五丁目１番８号,,,クリーム本舗,飲食店営業,一般食堂,福,東保衛,33010018,2027/6/30,2021/5/19,2021/5/19
株式会社ＣＲＥＡＭ ＨＯＮＰＯ,812-0053,福岡市東区箱崎五丁目１番８号,,,クリーム本舗,菓子製造業,一般,福,東保衛,33050005,2027/6/30,2021/5/19,2021/5/19
公立学校共済組合,812-0053,福岡市東区箱崎二丁目５２番１号,,092-641-7741,割烹 ｢那の津｣,飲食店営業,一般食堂,福,東保衛,33020021,2027/6/30,2021/5/19,1987/4/21
公立学校共済組合,812-0053,福岡市東区箱崎二丁目５２番１号,,092-641-7741,レストラン「サラフル｣,飲食店営業,レストラン,福,東保衛,33020022,2027/6/30,2021/5/19,1987/4/21
公立学校共済組合,812-0053,福岡市東区箱崎二丁目５２番１号,,092-641-7741,福岡リーセントホテル,飲食店営業,旅館,福,東保衛,33020020,2027/6/30,2021/5/19,1987/4/21
,810-0801,福岡市博多区中洲三丁目４番２号,多門通り　２階,092-262-8224,33,飲食店営業,バー,福,博保衛,33010095,2027/6/30,2021/5/19,2021/5/19
,810-0801,福岡市博多区中洲四丁目７番８号,ラ・パピヨンビル　２階　２０３号,092-282-8568,Ｂｕｄｄｙ,飲食店営業,バー,福,博保衛,33010116,2027/6/30,2021/5/19,2021/5/19
株式会社　ｇｌａｓｓ,810-0801,福岡市博多区中洲三丁目１番８号,ＴＭ－３２ＢＵＩＬＤＩＮＧ　地下１階　００５号,,Ｂｅｈｉｎｄ,飲食店営業,バー,福,博保衛,33010135,2027/6/30,2021/5/19,2021/5/19
有限会社　アーバンクラフト,812-0037,福岡市博多区御供所町５番２９号,,092-291-6511,博多奥堂,魚介類販売業,一般,福,博保衛,33130005,2027/6/30,2021/5/19,2021/5/19
,812-0884,福岡市博多区寿町三丁目３番２２号,遊Ｙｏｕ館　５Ｆ　Ｃ号室,092-585-6098,ＲＡＦＴＥＬ,飲食店営業,バー,福,博保衛,33010119,2027/6/30,2021/5/19,2021/5/19
,812-0884,福岡市博多区寿町二丁目４番２１号,,092-572-1621,ローソン　南福岡駅前店,飲食店営業,一般食堂,福,博保衛,33020003,2027/6/30,2021/5/19,1984/4/13
有限会社　江戸屋,810-0801,福岡市博多区中洲二丁目６番７号,ジョイフルヤマモト　１Ｆ,092-291-3848,有限会社　江戸屋,飲食店営業,一般食堂,福,博保衛,33020004,2027/6/30,2021/5/19,1988/4/11
有限会社　トライ食品,812-0036,福岡市博多区上呉服町１番３４号,,092-272-2772,さゆりばぁば亭,飲食店営業,一般食堂,福,博保衛,33020002,2027/6/30,2021/5/19,2015/5/18
学校法人　精華学園,812-0018,福岡市博多区住吉四丁目１９番１号,,092-431-1434,精華女子高等学校,菓子製造業,一般,福,博保衛,33060001,2027/6/30,2021/5/19,2009/7/1
株式会社　イノセンシア,812-0011,福岡市博多区博多駅前三丁目２６番１０号,,092-409-3448,博多無邪気,飲食店営業,一般食堂,福,博保衛,33020001,2027/6/30,2021/5/19,2015/5/11
,812-0011,福岡市博多区博多駅前三丁目１１番１号,,092-411-3551,みしま,飲食店営業,一般食堂,福,博保衛,33020048,2027/6/30,2021/5/19,2009/6/19
,812-0044,福岡市博多区千代三丁目１９番１号,博多せんしょう　１４９,092-641-1613,フレッシュミート吉原,食肉販売業,一般,福,博保衛,33340001,2027/6/30,2021/5/19,2009/6/30
株式会社ワコウ,810-0041,福岡市中央区大名一丁目７番１０号,ワコウハイツ２０１,092-724-8377,楡野,飲食店営業,バー,福,中保衛,33020085,2027/6/30,2021/5/19,2009/4/6
,810-0002,福岡市中央区西中洲３番１号,デルタウエスト１－６,092-725-0571,七之助,飲食店営業,一般食堂,福,中保衛,33020093,2027/6/30,2021/5/19,2009/4/22
,810-0028,福岡市中央区浄水通３番２号,フローレンス浄水１Ｆ,,カフェ　マールツァイト,飲食店営業,一般食堂,福,中保衛,33020091,2027/6/30,2021/5/19,2015/5/22
,810-0001,福岡市中央区天神三丁目１４番２号,公建ビルⅡ　５Ｆ,092-713-2080,ギルビー,飲食店営業,バー,福,中保衛,33020090,2027/6/30,2021/5/19,2009/4/13
,810-0023,福岡市中央区警固二丁目１５番１５号,グランピア警固１階,092-716-7887,ｉｌｅ,飲食店営業,一般食堂,福,中保衛,33020088,2027/6/30,2021/5/19,2015/5/15
株式会社ダイワエクシード,810-0002,福岡市中央区西中洲１２番３２号,大同生命ビル１４Ｆ,092-731-6190,エスカイヤクラブ博多店,飲食店営業,レストラン,福,中保衛,33020094,2027/6/30,2021/5/19,1987/5/7
株式会社Ｇａｌｋａｒｌｙ’ｓ,810-0014,福岡市中央区平尾二丁目２０番２４－１０１号,,092-984-3716,Ｐｒｏｍｅｎａｄｅ　Ｂｉｊｏｕｘ,飲食店営業,一般食堂,福,中保衛,33010119,2027/6/30,2021/5/19,2021/5/19
株式会社Ｇａｌｋａｒｌｙ’ｓ,810-0014,福岡市中央区平尾二丁目２０番２４－１０１号,,092-984-3716,Ｐｒｏｍｅｎａｄｅ　Ｂｉｊｏｕｘ,菓子製造業,一般,福,中保衛,33050020,2027/6/30,2021/5/19,2021/5/19
有限会社　アーバン,810-0073,福岡市中央区舞鶴一丁目４番１号,１Ｆ,092-771-0055,万家　あうん,飲食店営業,弁当屋,福,中保衛,33010132,2027/6/30,2021/5/19,2021/5/19
株式会社ダイヤモンドダイニング,810-0001,福岡市中央区天神二丁目６番３２号,ジェムキャッスルサザン通り４階,092-739-4178,ＢＡＧＵＳ　天神,飲食店営業,一般食堂,福,中保衛,33020089,2027/6/30,2021/5/19,2015/5/25
株式会社串匠,810-0003,福岡市中央区春吉一丁目１２番１４号,,092-761-1767,博多串揚げ串匠　春吉厨房,食肉販売業,一般,福,中保衛,33340001,2027/6/30,2021/5/19,2009/4/13
株式会社串匠,810-0003,福岡市中央区春吉一丁目１２番１４号,,092-761-1767,博多串揚げ串匠　春吉厨房,魚介類販売業,一般,福,中保衛,33140003,2027/6/30,2021/5/19,2009/4/13
エームサービス株式会社,810-8693,福岡市中央区大手門一丁目８番３号,ＦＦＧビル　１３Ｆ,092-753-7058,エームＳＪ　１６５１　カフェ,飲食店営業,主として喫茶,福,中保衛,33020084,2027/6/30,2021/5/19,2015/5/7
エームサービス株式会社,810-8693,福岡市中央区大手門一丁目８番３号,ＦＦＧビル　１３Ｆ,092-753-7058,エームＳＪ　１６５１　食堂,飲食店営業,一般食堂,福,中保衛,33020083,2027/6/30,2021/5/19,2015/5/7
合同会社コネクション,810-0012,福岡市中央区白金一丁目２０番３号,,092-526-7708,セブンイレブン　福岡薬院駅前店,飲食店営業,一般食堂,福,中保衛,33020092,2027/6/30,2021/5/19,2015/6/8
株式会社ＧＡＢＡＤＡＳ,810-0041,福岡市中央区大名一丁目８番３６号,イルモンド大名ＯＮＥ１Ｆ,092-752-9125,大名焼肉　ＵＳＨＩ－ＢＵＣＨＩ,食肉販売業,一般,福,中保衛,33330011,2027/6/30,2021/5/19,2021/5/19
,815-0083,福岡市南区高宮三丁目７番５号,,092-534-3250,おやさい健究所,飲食店営業,一般食堂,福,南保衛,33020018,2027/6/30,2021/5/19,2015/4/13
,815-0083,福岡市南区高宮五丁目１番１号,ピア高宮１Ｆ,092-531-3652,高宮鮮魚店,飲食店営業,そうざい,福,南保衛,33020019,2027/6/30,2021/5/19,2015/6/5
,815-0083,福岡市南区高宮五丁目１番１－１０５号,,092-524-1284,酒井,飲食店営業,そうざい,福,南保衛,33020017,2027/6/30,2021/5/19,2015/6/5
,814-0121,福岡市城南区神松寺一丁目１番２４号,,092-861-3930,五男坊,飲食店営業,一般食堂,福,城保衛,33020007,2027/6/30,2021/5/19,1986/6/16
,814-0151,福岡市城南区堤二丁目１２番１号１Ｂ,,092-863-6202,Ｌｕｐｉｎｕｓ,飲食店営業,一般食堂,福,城保衛,33020008,2027/6/30,2021/5/19,2009/6/1
,814-0163,福岡市早良区干隈五丁目６番１４号,,092-863-7077,田中精肉店,食肉販売業,一般,福,早保衛,33340004,2027/6/30,2021/5/19,1992/6/19
,814-0161,福岡市早良区飯倉六丁目３５番２３号,,092-863-5529,スナック　里,飲食店営業,一般食堂,福,早保衛,33020016,2027/6/30,2021/5/19,1981/5/21
,,福岡市内一円,,,境食品,菓子製造業,仮設(仮設営業),福,早保衛,33720001,2026/6/30,2021/5/19,2016/4/12
遠山貿易株式会社,814-0002,福岡市早良区西新二丁目１０番１号,,,七つの海,飲食店営業,一般食堂,福,早保衛,33010029,2027/6/30,2021/5/19,2021/5/19
,819-0373,福岡市西区周船寺二丁目７番７号,,092-807-0676,中華川菜　蓮華,飲食店営業,中華店,福,西保衛,33020014,2027/6/30,2021/5/19,2015/4/20
有限会社シュガーベアー,819-0002,福岡市西区姪の浜四丁目１７番１５号,,092-883-7730,シュガーベアー,菓子製造業,一般,福,西保衛,33060001,2027/6/30,2021/5/19,2003/6/6
合同会社 建成,,福岡市内一円,,,ＢＩＧ ＢＡＢＹ,飲食店営業,移動Ｂ,福,東保衛,33010050,2026/6/30,2021/5/20,2021/5/20
,812-0026,福岡市博多区上川端町３番６号,,092-271-5539,セブンイレブン　上川端町店,飲食店営業,一般食堂,福,博保衛,33010120,2027/6/30,2021/5/20,2021/5/20
株式会社　ＳＨＯ,812-0018,福岡市博多区住吉二丁目８番３号,丸吉ビル　１階,092-272-1158,肖記麺館,飲食店営業,中華店,福,博保衛,33020006,2027/6/30,2021/5/20,2015/4/24
有限会社　海鮮食堂　い志い,810-0063,福岡市中央区唐人町三丁目５番２号,,092-732-5758,海鮮食堂　い志い,飲食店営業,一般食堂,福,中保衛,33020096,2027/6/30,2021/5/20,1997/4/22
株式会社　丸久,810-0071,福岡市中央区那の津三丁目８番３０号,,092-712-0917,株式会社　丸久,魚介類販売業,一般,福,中保衛,33140004,2027/6/30,2021/5/20,2003/5/27
株式会社観山,810-0031,福岡市中央区谷一丁目３番１５号,,092-762-7070,ＩＭＵＲＩ　イムリ,そうざい製造業,なし,福,中保衛,33570006,2027/6/30,2021/5/20,2021/5/20
エールフーズ株式会社,810-0073,福岡市中央区舞鶴一丁目３番３１号,ハイラーク舞鶴１Ｆ,092-726-0580,２０２０　トゥエンティ　トゥエンティ,飲食店営業,一般食堂,福,中保衛,33010118,2027/6/30,2021/5/20,2021/5/20
,810-0003,福岡市中央区春吉一丁目１３番１６号,２Ｆ,,ＢＡＲ　ＫＮＩＶＥＳ,飲食店営業,バー,福,中保衛,33020095,2027/6/30,2021/5/20,2015/6/17
株式会社たんか,810-0075,福岡市中央区港二丁目４番２８－１号,,092-711-0330,たんかセントラルキッチン,飲食店営業,仕出し,福,中保衛,33010143,2027/6/30,2021/5/20,2021/5/20
,814-0143,福岡市城南区南片江二丁目３１番２７号,,,ｐｏｕｓｓｅ－ｃａｆｅ,飲食店営業,一般食堂,福,城保衛,33020009,2027/6/30,2021/5/20,2015/5/28
,814-0131,福岡市城南区松山二丁目５番１０号,,092-983-5503,やきとり居酒屋　夢いちもん,飲食店営業,一般食堂,福,城保衛,33020010,2027/6/30,2021/5/20,2015/5/29
,814-0022,福岡市早良区原五丁目２０番４０号,,092-852-8711,吾輩は猫である,飲食店営業,一般食堂,福,早保衛,33020020,2027/6/30,2021/5/20,2015/5/12
,811-1101,福岡市早良区重留二丁目２番１７号,,092-804-5739,７１６　ＮＡＮＡＩＲＯ　ＡＮＥＸ,飲食店営業,一般食堂,福,早保衛,33020021,2027/6/30,2021/5/20,2015/4/23
株式会社　資さん,819-0379,福岡市西区北原二丁目１番４号,,092-834-2645,資さんうどん伊都店,飲食店営業,一般食堂,福,西保衛,33020015,2027/6/30,2021/5/20,2015/5/18
株式会社　資さん,819-0379,福岡市西区北原二丁目１番４号,,092-834-2645,資さんうどん伊都店,菓子製造業,一般,福,西保衛,33060002,2027/6/30,2021/5/20,2015/5/18
,819-0161,福岡市西区今宿東一丁目９番１７号,,092-807-2292,さかな工房　いち路,飲食店営業,一般食堂,福,西保衛,33020016,2027/6/30,2021/5/20,2009/5/8
株式会社 ＬＥＯＣ,812-0061,福岡市東区筥松一丁目３番９号,,,筥松病院,飲食店営業,一般食堂,福,東保衛,33010051,2027/6/30,2021/5/21,2021/5/21
,811-0216,福岡市東区大字上和白１３１８番１号,,092-606-2931,福岡カンツリー倶楽部レストラン,飲食店営業,一般食堂,福,東保衛,33020024,2027/6/30,2021/5/21,2015/6/19
株式会社　現代フードサービス,813-0011,福岡市東区香椎一丁目９番１５号,香椎療養所内,092-662-1569,（株）現代フードサービス香椎事業所,飲食店営業,一般食堂,福,東保衛,33010049,2027/6/30,2021/5/21,2021/5/21
,810-0801,福岡市博多区中洲三丁目４番６号,多門ビル’８３　５Ｆ　Ｇ号室,092-292-3223,スナック　すみれ,飲食店営業,バー,福,博保衛,33020008,2027/6/30,2021/5/21,2015/4/9
有限会社　ゴールドフイツシユ,810-0801,福岡市博多区中洲三丁目２番５号,第４ラインビル　６０１号,092-271-7417,ギャグマン　ペントハウス,飲食店営業,バー,福,博保衛,33020007,2027/6/30,2021/5/21,2015/5/11
Ｒｅａｌｉｚｅ　株式会社,810-0801,福岡市博多区中洲二丁目６番７号,ジョイフル山本ビル　６階　３号室,,Ｌｉｇａｒｅ,飲食店営業,バー,福,博保衛,33010136,2027/6/30,2021/5/21,2021/5/21
,810-0801,福岡市博多区中洲二丁目６番１２号,中洲セントラル第５ラインビル　４階　１３号室,,ＢＡＲ　ＡＰＯＬＬＯ,飲食店営業,バー,福,博保衛,33010125,2027/6/30,2021/5/21,2021/5/21
有限会社　江戸屋,810-0801,福岡市博多区中洲二丁目６番７号,ジョイフルヤマモト　１階,092-291-3848,江戸屋,めん類製造業,生めん,福,博保衛,33550001,2027/6/30,2021/5/21,2021/5/21
株式会社　Ｇａｒｅｒａ　Ｆｅｌｉｚ,810-0801,福岡市博多区中洲二丁目６番７号,ジョイフルやまもとビル　６階　８号室,,ＴＨＥ　ＳＩＸ,飲食店営業,バー,福,博保衛,33010143,2027/6/30,2021/5/21,2021/5/21
,810-0801,福岡市博多区中洲一丁目３番１３号,北村ビル　２階,,たな・サンド　中洲店,飲食店営業,仕出し,福,博保衛,33010124,2027/6/30,2021/5/21,2021/5/21
,810-0014,福岡市中央区平尾一丁目１番１１号,１Ｆ,092-531-5040,じゅん純,飲食店営業,一般食堂,福,中保衛,33020100,2027/6/30,2021/5/21,2003/6/27
株式会社エモテント,810-0021,福岡市中央区今泉一丁目２２番２１号,ＪＯＬＩＳビル２Ｆ,092-711-1539,福岡県糸島産あまおう苺加工販売所　伊都きんぐ,飲食店営業,一般食堂,福,中保衛,33020102,2027/6/30,2021/5/21,2015/5/12
株式会社エモテント,810-0021,福岡市中央区今泉一丁目２２番２１号,Ｊｏｌｉｓビル１Ｆ,092-711-1539,福岡県糸島産　あまおう苺加工販売所　伊都きんぐ,飲食店営業,主として喫茶,福,中保衛,33020101,2027/6/30,2021/5/21,2015/4/15
,810-0005,福岡市中央区清川三丁目３番１７号,,,Ｔａｍａｈｏｋｏ,菓子製造業,一般,福,中保衛,33060003,2027/6/30,2021/5/21,2015/4/15
株式会社ミートイン・ハイマート,810-0066,福岡市中央区福浜二丁目４番１号,生鮮市場　ハイマート,092-724-3416,（株）ミートイン・ハイマート福浜店,食肉販売業,一般,福,中保衛,33340002,2027/6/30,2021/5/21,1997/6/24
株式会社ＪＡＰＡＮ　ＦＯＯＤ　ＰＲＯＪＥＣＴ,810-0022,福岡市中央区薬院三丁目７番１３号,古川ビル１－Ｄ,,ＬＵＮＣＨ　ＢＯＸ　ＫＡＲＡＡＧＥ,飲食店営業,一般食堂,福,中保衛,33010128,2027/6/30,2021/5/21,2021/5/21
,810-0031,福岡市中央区谷二丁目１２番１６号,トキハ荘１０１号,,Ｂｏｐ　Ｇｕｎ,飲食店営業,バー,福,中保衛,33010138,2027/6/30,2021/5/21,2021/5/21
株式会社プレナス,810-0011,福岡市中央区高砂一丁目１番２５号,１Ｆ,092-534-2505,やよい軒　高砂店,飲食店営業,一般食堂,福,中保衛,33010131,2027/6/30,2021/5/21,2021/5/21
合同会社コネクション,810-0004,福岡市中央区渡辺通二丁目６番１号,西鉄薬院駅ビル１Ｆ,092-725-0822,セブンイレブン西鉄薬院駅ビル店,飲食店営業,一般食堂,福,中保衛,33010147,2027/6/30,2021/5/21,2021/5/21
合同会社コネクション,810-0022,福岡市中央区薬院一丁目１５番１３号,アントゥール薬院１Ｆ,092-771-9200,セブンイレブン福岡薬院１丁目店,飲食店営業,一般食堂,福,中保衛,33010146,2027/6/30,2021/5/21,2021/5/21
,811-1313,福岡市南区曰佐二丁目２７番２７－１０３号,,,ＢＡＮＡＮＡ,飲食店営業,一般食堂,福,南保衛,33010026,2027/6/30,2021/5/21,2021/5/21
,811-1344,福岡市南区三宅二丁目１０番２９号,,092-551-0291,にこめし,飲食店営業,弁当屋,福,南保衛,33010028,2027/6/30,2021/5/21,2021/5/21
,814-0153,福岡市城南区樋井川六丁目７番１６号,１階,,三代目ＳＡＫＵＲＡＩ ＳＡＫＡＢＡ,飲食店営業,一般食堂,福,城保衛,33010013,2027/6/30,2021/5/21,2021/5/21
,814-0022,福岡市早良区原六丁目２９番２９－１０５号,,092-822-3663,和・ダイニング樹,飲食店営業,一般食堂,福,早保衛,33020022,2027/6/30,2021/5/21,2015/4/30
有限会社栄代,814-0001,福岡市早良区百道浜二丁目３番２号,,092-852-5400,ローソン　ＴＮＣ放送会館店,飲食店営業,一般食堂,福,早保衛,33020023,2027/6/30,2021/5/21,2003/6/5
,814-0171,福岡市早良区野芥四丁目１番２３号,,092-865-5047,カワオケスタジオワイワイ,飲食店営業,一般食堂,福,早保衛,33010032,2027/6/30,2021/5/21,2021/5/21
,814-0163,福岡市早良区干隈四丁目１７番６号,,,時代や,飲食店営業,一般食堂,福,早保衛,33010031,2027/6/30,2021/5/21,2021/5/21
有限会社栄代,814-0001,福岡市早良区百道浜一丁目７番４号,,092-846-3858,ローソン　福岡百道浜一丁目店,飲食店営業,一般食堂,福,早保衛,33020024,2027/6/30,2021/5/21,2003/6/5
株式会社柿安本店,819-0379,福岡市西区北原一丁目２番１号,イオン福岡伊都店１階,092-836-6867,口福堂　イオン福岡伊都店,菓子製造業,一般,福,西保衛,33060004,2027/6/30,2021/5/21,2015/6/25
,819-0025,福岡市西区石丸一丁目１２番２５号,,092-836-6855,シン中華龍ＲＯＮ,飲食店営業,一般食堂,福,西保衛,33020017,2027/6/30,2021/5/21,2015/5/7
,819-0043,福岡市西区野方三丁目２１番４号,,092-812-6883,家庭料理の季,飲食店営業,弁当屋,福,西保衛,33020019,2027/6/30,2021/5/21,2009/6/18
,819-0373,福岡市西区周船寺一丁目１６番２号１Ｆ,,092-807-2909,げな。,飲食店営業,一般食堂,福,西保衛,33020018,2027/6/30,2021/5/21,2015/5/26
株式会社 アペックス西日本,813-0044,福岡市東区千早二丁目３０番１号,,092-661-2211,千早病院,喫茶店営業,自動販売機,福,東保衛,33240001,2027/6/30,2021/5/24,2015/4/14
,813-0003,福岡市東区香住ケ丘二丁目５番８号,,092-672-5357,スナック めるしぃ,飲食店営業,一般食堂,福,東保衛,33020026,2027/6/30,2021/5/24,2015/6/26
株式会社魚国総本社,812-0063,福岡市東区原田一丁目２番２３号,,092-629-0195,魚国総本社・福岡２９１１６０,飲食店営業,一般食堂,福,東保衛,33010028,2027/6/30,2021/5/24,2021/5/24
株式会社ミールマックス,813-0036,福岡市東区若宮二丁目４０番８号,,,ミールアソシエ大樹,飲食店営業,一般食堂,福,東保衛,33010047,2027/6/30,2021/5/24,2021/5/24
,812-0029,福岡市博多区古門戸町７番１３号,あるく本社ビル　５Ｆ,092-262-7555,Ｃａｆｅ　＆　Ｓｎａｃｋ　Ｒａｙ,飲食店営業,一般食堂,福,博保衛,33010141,2027/6/30,2021/5/24,2021/5/24
有限会社　ＭＯＭＯ,810-0801,福岡市博多区中洲三丁目４番１０号,中洲Ｕビル　８階　８０１号室,092-263-1454,ｃｌｕｂ　百恵,飲食店営業,カフェー,福,博保衛,33010146,2027/6/30,2021/5/24,2021/5/24
,812-0024,福岡市博多区綱場町９番２号,,092-291-6041,三吉,飲食店営業,一般食堂,福,博保衛,33020010,2027/6/30,2021/5/24,1997/5/16
,812-0037,福岡市博多区御供所町１２番２号,本山ビル　１Ｆ,092-984-0721,Ｍａｉｓｏｎ　ＨＡＫＯＳＨＩＭＡ,菓子製造業,一般,福,博保衛,33050008,2027/6/30,2021/5/24,2021/5/24
有限会社　源流,812-0011,福岡市博多区博多駅前一丁目１番１号,博多新三井ビル　Ｂ２Ｆ,092-481-5708,広島のお好み焼＆鉄板焼　きんさい屋,飲食店営業,一般食堂,福,博保衛,33020011,2027/6/30,2021/5/24,2003/5/23
株式会社　マツヤ,812-0004,福岡市博多区榎田二丁目２番８０号,,092-475-4341,株式会社　マツヤ　九州支店,魚介類販売業,一般,福,博保衛,33140001,2027/6/30,2021/5/24,2015/5/25
株式会社　マツヤ,812-0004,福岡市博多区榎田二丁目２番８０号,,092-475-4341,株式会社　マツヤ　九州支店,食肉販売業,一般,福,博保衛,33340002,2027/6/30,2021/5/24,2015/5/25
,810-0801,福岡市博多区中洲三丁目１番２号,新川丈ビル　６階　Ａ号室,092-262-2170,グランバーズ,飲食店営業,バー,福,博保衛,33010075,2027/6/30,2021/5/24,2021/5/24
有限会社　Ｍ’ｓ　Ｃｏｒｐｏｒａｔｉｏｎ,810-0801,福岡市博多区中洲二丁目７番２１号,中洲ジオテラス　４階,092-291-0555,くらぶ　怜,飲食店営業,カフェー,福,博保衛,33020013,2027/6/30,2021/5/24,2015/5/28
株式会社　博多エクセルホテル東急,810-0801,福岡市博多区中洲四丁目６番７号,博多エクセルホテル東急内　２階,092-262-0109,チャコールグリル　ケヤキ,飲食店営業,旅館,福,博保衛,33020012,2027/6/30,2021/5/24,1992/4/15
有限会社　ひょうたん,810-0001,福岡市中央区天神二丁目１０番２０号,新天閣ビル２Ｆ,092-722-0010,ひょうたん寿司,飲食店営業,すし屋,福,中保衛,33020103,2027/6/30,2021/5/24,1992/6/1
株式会社カカオロマンス,810-0028,福岡市中央区浄水通５番３号,浄水通テラス１Ｆ,092-523-8868,る・せるくる,飲食店営業,一般食堂,福,中保衛,33020104,2027/6/30,2021/5/24,1997/6/25
株式会社カカオロマンス,810-0028,福岡市中央区浄水通５番３号,浄水通テラス１Ｆ,092-523-8868,る・せるくる,菓子製造業,一般,福,中保衛,33060004,2027/6/30,2021/5/24,1997/6/25
株式会社宝祥,810-0011,福岡市中央区高砂二丁目１１番５号,エステートモア平尾センティモ１F,092-524-3666,宝祥,飲食店営業,一般食堂,福,中保衛,33020105,2027/6/30,2021/5/24,2015/4/21
,810-0041,福岡市中央区大名一丁目１０番７号,立花ビル１F,092-215-1838,STAND倶楽部,飲食店営業,一般食堂,福,中保衛,33020108,2027/6/30,2021/5/24,2009/4/7
,810-0005,福岡市中央区清川一丁目２番８号,,092-524-0767,山縣屋,飲食店営業,一般食堂,福,中保衛,33020106,2027/6/30,2021/5/24,2009/6/26
有限会社ＴＩＣＲＯ　ＭＡＲＫＥＴ,810-0041,福岡市中央区大名一丁目１０番２１号,大名エイトビルⅡ　５Ｆ,092-714-6786,ｐｅｔｒｏｌ　ｂｌｕｅ,飲食店営業,一般食堂,福,中保衛,33020107,2027/6/30,2021/5/24,2009/6/16
株式会社ハピネス,810-0014,福岡市中央区平尾二丁目２番１８号,シティマンション１０２号,092-522-8848,博多中華そば　まるげん,飲食店営業,一般食堂,福,中保衛,33020110,2027/6/30,2021/5/24,2015/6/9
,810-0001,福岡市中央区天神三丁目７番１３号,第１３ラインビル１Ｆ,092-716-2788,Ｂａｒ　藤,飲食店営業,一般食堂,福,中保衛,33020109,2027/6/30,2021/5/24,2009/6/18
有限会社スウィートオレンジ,810-0045,福岡市中央区草香江一丁目７番４１号,,092-726-6358,黒文字や,そうざい製造業,なし,福,中保衛,33570001,2027/6/30,2021/5/24,2021/5/24
合同会社ＡＩ　ＭＵＳＩＣ　ＥＮＴＥＲＴＡＩＮＭＥＮＴ,810-0063,福岡市中央区唐人町一丁目４番１３号,,092-732-7909,ちぃず庵　糸,菓子製造業,一般,福,中保衛,33050025,2027/6/30,2021/5/24,2021/5/24
,810-0002,福岡市中央区西中洲３番１９号,ベイヒルコート２Ｆ２０８,,西中洲　リヨン,飲食店営業,一般食堂,福,中保衛,33010134,2027/6/30,2021/5/24,2021/5/24
,810-0011,福岡市中央区高砂一丁目５番２号,２階,092-526-2377,膾炙,食肉販売業,一般,福,中保衛,33330013,2027/6/30,2021/5/24,2021/5/24
株式会社スクランブルズ,810-0021,福岡市中央区今泉一丁目２１番１９号,裸足ビル３Ｆ,,culture spot BAD KNee LAB.,飲食店営業,バー,福,中保衛,33010148,2027/6/30,2021/5/24,2021/5/24
シダックスフードサービス株式会社,810-0001,福岡市中央区天神一丁目３番４６号,済生会福岡総合病院Ｂ１Ｆ,092-712-2365,ｍ１２６４７,飲食店営業,一般食堂,福,中保衛,33010136,2027/6/30,2021/5/24,2021/5/24
,815-0042,福岡市南区若久一丁目３１番１６号,,092-561-3097,焼鳥本陣千姫,飲食店営業,一般食堂,福,南保衛,33020020,2027/6/30,2021/5/24,1977/5/27
,815-0031,福岡市南区清水一丁目２４番１８号,玉川ビル１Ｆ,092-551-2755,かつ新,飲食店営業,一般食堂,福,南保衛,33020022,2027/6/30,2021/5/24,1984/4/23
,815-0033,福岡市南区大橋一丁目２番２４号,,092-511-2278,うなぎの黒田屋,飲食店営業,料理店,福,南保衛,33020021,2027/6/30,2021/5/24,1987/4/10
,814-0032,福岡市早良区小田部一丁目１３番１６号,,092-831-4395,レストラン　ビィレッヂ,飲食店営業,一般食堂,福,早保衛,33020030,2027/6/30,2021/5/24,1982/5/19
,814-0163,福岡市早良区干隈五丁目３１番３２号,,,春よこい,飲食店営業,一般食堂,福,早保衛,33020028,2027/6/30,2021/5/24,2015/5/1
,814-0161,福岡市早良区飯倉五丁目１８番１５号,,092-873-3939,やみつき,飲食店営業,そうざい,福,早保衛,33010033,2027/6/30,2021/5/24,2021/5/24
さくらフードサービス株式会社,814-0003,福岡市早良区城西二丁目６番２１号,,,三恵外科医院,飲食店営業,一般食堂,福,早保衛,33010027,2027/6/30,2021/5/24,2021/5/24
株式会社LOT,814-0002,福岡市早良区西新四丁目６番５号,２Ｆ,092-407-4646,昭和場末スナック　ブスッ娘倶楽部,飲食店営業,一般食堂,福,早保衛,33020029,2027/6/30,2021/5/24,2015/6/17
,819-0043,福岡市西区野方一丁目１８番１７号,,,ストレート,飲食店営業,一般食堂,福,西保衛,33010014,2027/6/30,2021/5/24,2021/5/24
,812-0053,福岡市東区箱崎三丁目８番３４号,箱崎三丁目店舗,,フラワスター,飲食店営業,一般食堂,福,東保衛,33010048,2027/6/30,2021/5/25,2021/5/25
株式会社ホームラン・システムズ,812-0053,福岡市東区箱崎七丁目７番２７号,,092-633-2655,貝塚病院,飲食店営業,一般食堂,福,東保衛,33010056,2027/6/30,2021/5/25,2021/5/25
株式会社 仟,813-0062,福岡市東区松島三丁目１８番１号,,092-612-1101,株式会社 仟,食品の冷凍又は冷蔵業,なし,福,東保衛,33200001,2027/6/30,2021/5/25,2009/4/15
,811-0322,福岡市東区大岳一丁目４番５号,,,Ｊｕｍｅｉｒａｈ大名,飲食店営業,レストラン,福,東保衛,33010055,2027/6/30,2021/5/25,2021/5/25
株式会社ギンダコスピリッツ,813-0013,福岡市東区香椎駅前一丁目１２番３号,フォレストタウン１Ｆ,092-682-8008,銀だこ酒場 香椎駅前店,飲食店営業,一般食堂,福,東保衛,33010041,2027/6/30,2021/5/25,2021/5/25
株式会社　眼力社,813-0023,福岡市東区蒲田三丁目２７番１６号,４階,,クロネコ食堂,飲食店営業,一般食堂,福,東保衛,33020028,2027/6/30,2021/5/25,2015/5/11
,810-0801,福岡市博多区中洲二丁目１番１１号,プレイスポット新橋ビル　５階　５０５号,092-263-0026,Ｈｉ－Ｒｅａｌ,飲食店営業,バー,福,博保衛,33010139,2027/6/30,2021/5/25,2021/5/25
株式会社　慶州,812-0044,福岡市博多区千代二丁目２番４０号,,092-651-8811,焼肉慶州,飲食店営業,一般食堂,福,博保衛,33020014,2027/6/30,2021/5/25,1992/5/26
,812-0044,福岡市博多区千代一丁目１７番１号,,092-651-9910,信濃庵パピヨン店,飲食店営業,そば屋,福,博保衛,33020051,2027/6/30,2021/5/25,2003/6/26
,810-0801,福岡市博多区中洲四丁目３番８号,中山第一ビル福岡　４階　４０２号室,092-282-0234,ＢＡＲ　鈴蘭,飲食店営業,バー,福,博保衛,33010140,2027/6/30,2021/5/25,2021/5/25
株式会社　ウェルビー,812-0038,福岡市博多区祇園町８番１２号,ロータリー大和ビル　２Ｆ,092-291-1009,サウナ＆カプセル．　ウェルビー福岡,飲食店営業,旅館,福,博保衛,33020050,2027/6/30,2021/5/25,1992/5/29
株式会社　レティシア,810-0801,福岡市博多区中洲二丁目３番１７号,第７ラインビル　２階,092-272-5333,ＲＯＳＳＥＲ,飲食店営業,カフェー,福,博保衛,33020052,2027/6/30,2021/5/25,2015/5/25
株式会社　ギャラクシー,810-0801,福岡市博多区中洲二丁目７番２９号,ＩＮＦＯＳＴＡＲビル　５階,092-283-6022,ＰＬＡＴＩＮＡＭ,飲食店営業,カフェー,福,博保衛,33020059,2027/6/30,2021/5/25,2015/4/28
,810-0801,福岡市博多区中洲二丁目１番５号,陽光ビル　４階,092-271-9761,喫茶去,飲食店営業,バー,福,博保衛,33020054,2027/6/30,2021/5/25,2009/4/22
,812-0016,福岡市博多区博多駅南一丁目１５番２９号,レジディア博多　１０５,092-260-7799,肉ちゃんうどん　博多駅南店,飲食店営業,うどん屋,福,博保衛,33020056,2027/6/30,2021/5/25,2015/4/27
株式会社　Ｍ＆Ｍ,810-0801,福岡市博多区中洲二丁目５番１１号,Ｇ１０２ビル　２階,092-263-0778,バーラウンジＲｅｐｏｓ,飲食店営業,バー,福,博保衛,33020055,2027/6/30,2021/5/25,2015/5/11
株式会社　吉塚うなぎ屋,810-0801,福岡市博多区中洲二丁目８番２７号,,092-271-0700,博多名代　吉塚うなぎ屋,飲食店営業,一般食堂,福,博保衛,33020053,2027/6/30,2021/5/25,2009/4/16
,812-0894,福岡市博多区諸岡一丁目２６番１７号,,092-502-3317,いなほの里,飲食店営業,弁当屋,福,博保衛,33020057,2027/6/30,2021/5/25,2009/6/22
有限会社　ファンキーカンパニー,812-0039,福岡市博多区冷泉町７番１０号,,092-271-0102,博多　あかちょこべ,飲食店営業,一般食堂,福,博保衛,33020058,2027/6/30,2021/5/25,2009/4/14
株式会社　Ｎｏ．１０,812-0018,福岡市博多区住吉二丁目１６番２８号,向島ビル　３０２号,092-408-7327,住吉　十番,飲食店営業,一般食堂,福,博保衛,33010157,2027/6/30,2021/5/25,2021/5/25
株式会社　ジェイアール西日本フードサービスネット,812-0012,福岡市博多区博多駅中央街１番１号,列車内（新幹線・博多～新大阪～博多）,092-482-3340,のぞみ　１２２号～１２５号～１５４号～１５７号,飲食店営業,一般食堂,福,博保衛,33020015,2027/6/30,2021/5/25,2015/5/9
株式会社　ジェイアール西日本フードサービスネット,812-0012,福岡市博多区博多駅中央街１番１号,列車内（新幹線・博多～新大阪～博多）,092-482-3340,のぞみ　１２４号～１２９号～１５８号～１６３号,飲食店営業,一般食堂,福,博保衛,33020016,2027/6/30,2021/5/25,2015/5/9
株式会社　ジェイアール西日本フードサービスネット,812-0012,福岡市博多区博多駅中央街１番１号,列車内（新幹線・博多～新大阪～博多）,092-482-3340,のぞみ　１２６号～１３１号～１６０号～１６７号,飲食店営業,一般食堂,福,博保衛,33020017,2027/6/30,2021/5/25,2015/5/9
株式会社　ジェイアール西日本フードサービスネット,812-0012,福岡市博多区博多駅中央街１番１号,列車内（新幹線・博多～新大阪～博多）,092-482-3340,のぞみ　１３０号～１３３号～１６２号～１６９号,飲食店営業,一般食堂,福,博保衛,33020018,2027/6/30,2021/5/25,2015/5/9
株式会社　ジェイアール西日本フードサービスネット,812-0012,福岡市博多区博多駅中央街１番１号,列車内（新幹線・博多～新大阪～博多）,092-482-3340,のぞみ　１３２号～１３５号～１６４号～１７３号,飲食店営業,一般食堂,福,博保衛,33020019,2027/6/30,2021/5/25,2015/5/9
株式会社　ジェイアール西日本フードサービスネット,812-0012,福岡市博多区博多駅中央街１番１号,列車内（新幹線・博多～新大阪～博多）,092-482-3340,のぞみ　１３８号～１４１号～１６８号～１７５号,飲食店営業,一般食堂,福,博保衛,33020020,2027/6/30,2021/5/25,2015/5/9
株式会社　ジェイアール西日本フードサービスネット,812-0012,福岡市博多区博多駅中央街１番１号,列車内（新幹線・博多～新大阪～博多）,092-482-3340,のぞみ　１４２号～１４５号～１７２号～１８１号,飲食店営業,一般食堂,福,博保衛,33020021,2027/6/30,2021/5/25,2015/5/9
株式会社　ジェイアール西日本フードサービスネット,812-0012,福岡市博多区博多駅中央街１番１号,列車内（新幹線・博多～新大阪～博多）,092-482-3340,のぞみ　１４４号～１４７号～１７４号～１８３号,飲食店営業,一般食堂,福,博保衛,33020022,2027/6/30,2021/5/25,2015/5/9
株式会社　ジェイアール西日本フードサービスネット,812-0012,福岡市博多区博多駅中央街１番１号,列車内（新幹線・博多～新大阪～博多）,092-482-3340,のぞみ　１４６号～１５１号～１７６号～１８５号,飲食店営業,一般食堂,福,博保衛,33020023,2027/6/30,2021/5/25,2015/5/9
株式会社　ジェイアール西日本フードサービスネット,812-0012,福岡市博多区博多駅中央街１番１号,列車内（新幹線・博多～新大阪～博多）,092-482-3340,のぞみ　１４８号～１５３号～１８０号～１８７号,飲食店営業,一般食堂,福,博保衛,33020024,2027/6/30,2021/5/25,2015/5/9
株式会社　ジェイアール西日本フードサービスネット,812-0012,福岡市博多区博多駅中央街１番１号,列車内（新幹線・博多～新大阪～博多）,092-482-3340,のぞみ　１５０号～１５９号～１８２号～１２１号,飲食店営業,一般食堂,福,博保衛,33020025,2027/6/30,2021/5/25,2015/5/9
株式会社　ジェイアール西日本フードサービスネット,812-0012,福岡市博多区博多駅中央街１番１号,列車内（新幹線・博多～新大阪～博多）,092-482-3340,のぞみ　１５２号～１７７号,飲食店営業,一般食堂,福,博保衛,33020026,2027/6/30,2021/5/25,2015/5/9
株式会社　ジェイアール西日本フードサービスネット,812-0012,福岡市博多区博多駅中央街１番１号,列車内（新幹線・博多～新大阪～博多）,092-482-3340,のぞみ　１５６号～１７９号,飲食店営業,一般食堂,福,博保衛,33020027,2027/6/30,2021/5/25,2015/5/9
株式会社　ジェイアール西日本フードサービスネット,812-0012,福岡市博多区博多駅中央街１番１号,列車内（新幹線・博多～新大阪～博多）,092-482-3340,のぞみ　１２０号～１２３号,飲食店営業,一般食堂,福,博保衛,33020028,2027/6/30,2021/5/25,2015/5/9
株式会社　ジェイアール西日本フードサービスネット,812-0012,福岡市博多区博多駅中央街１番１号,列車内（新幹線・博多～新大阪～博多）,092-482-3340,みずほ・さくら　５７４号～５８１号,飲食店営業,一般食堂,福,博保衛,33020029,2027/6/30,2021/5/25,2015/5/9
株式会社　ジェイアール西日本フードサービスネット,812-0012,福岡市博多区博多駅中央街１番１号,列車内（新幹線・博多～新大阪～博多）,092-482-3340,みずほ・さくら　５７６号～５８３号,飲食店営業,一般食堂,福,博保衛,33020030,2027/6/30,2021/5/25,2015/5/9
株式会社　ジェイアール西日本フードサービスネット,812-0012,福岡市博多区博多駅中央街１番１号,列車内（新幹線・博多～新大阪～博多）,092-482-3340,みずほ・さくら　５７８号～５７９号～５７４号～６１７号,飲食店営業,一般食堂,福,博保衛,33020031,2027/6/30,2021/5/25,2015/5/9
株式会社　ジェイアール西日本フードサービスネット,812-0012,福岡市博多区博多駅中央街１番１号,列車内（新幹線・博多～新大阪～博多）,092-482-3340,みずほ・さくら　５８０号～５７５号～５７６号～５８５号,飲食店営業,一般食堂,福,博保衛,33020032,2027/6/30,2021/5/25,2015/5/9
株式会社　ジェイアール西日本フードサービスネット,812-0012,福岡市博多区博多駅中央街１番１号,列車内（新幹線・博多～新大阪～博多）,092-482-3340,みずほ・さくら　５８２号～５７７号,飲食店営業,一般食堂,福,博保衛,33020033,2027/6/30,2021/5/25,2015/5/9
株式会社　ジェイアール西日本フードサービスネット,812-0012,福岡市博多区博多駅中央街１番１号,列車内（新幹線・博多～新大阪～博多）,092-482-3340,のぞみ　１４０号～１６１号,飲食店営業,一般食堂,福,博保衛,33020034,2027/6/30,2021/5/25,2015/5/9
株式会社　ジェイアール西日本フードサービスネット,812-0012,福岡市博多区博多駅中央街１番１号,列車内（新幹線・博多～新大阪～博多）,092-482-3340,のぞみ　１３４号～１５５号,飲食店営業,一般食堂,福,博保衛,33020035,2027/6/30,2021/5/25,2015/5/9
株式会社　ジェイアール西日本フードサービスネット,812-0012,福岡市博多区博多駅中央街１番１号,列車内（新幹線・博多～新大阪～博多）,092-482-3340,のぞみ　１８４号～１３９号,飲食店営業,一般食堂,福,博保衛,33020036,2027/6/30,2021/5/25,2015/5/9
株式会社　ジェイアール西日本フードサービスネット,812-0012,福岡市博多区博多駅中央街１番１号,列車内（新幹線・博多～新大阪～博多）,092-482-3340,のぞみ　１２８号～１４９号～１７８号～１９１号,飲食店営業,一般食堂,福,博保衛,33020037,2027/6/30,2021/5/25,2015/5/9
株式会社　ジェイアール西日本フードサービスネット,812-0012,福岡市博多区博多駅中央街１番１号,列車内（新幹線・博多～新大阪～博多）,092-482-3340,のぞみ　１６２号～１６５号～１３６号～１４３号,飲食店営業,一般食堂,福,博保衛,33020038,2027/6/30,2021/5/25,2015/5/9
株式会社　ジェイアール西日本フードサービスネット,812-0012,福岡市博多区博多駅中央街１番１号,列車内（新幹線・博多～新大阪～博多）,092-482-3340,のぞみ　１６６号～１７１号～１８０号～１８９号,飲食店営業,一般食堂,福,博保衛,33020039,2027/6/30,2021/5/25,2015/5/9
株式会社　ジェイアール西日本フードサービスネット,812-0012,福岡市博多区博多駅中央街１番１号,列車内（新幹線・博多～新大阪～博多）,092-482-3340,みずほ・さくら５６４号～５４９号,飲食店営業,一般食堂,福,博保衛,33020043,2027/6/30,2021/5/25,2015/5/9
株式会社　ジェイアール西日本フードサービスネット,812-0012,福岡市博多区博多駅中央街１番１号,列車内（新幹線・博多～新大阪～博多）,092-482-3340,みずほ・さくら　５６６号～６０３号,飲食店営業,一般食堂,福,博保衛,33020044,2027/6/30,2021/5/25,2015/5/9
株式会社　ジェイアール西日本フードサービスネット,812-0012,福岡市博多区博多駅中央街１番１号,列車内（新幹線・博多～新大阪～博多）,092-482-3340,みずほ・さくら６０４号～５６１号～５７２号～５４１号,飲食店営業,一般食堂,福,博保衛,33020045,2027/6/30,2021/5/25,2015/5/9
株式会社　ジェイアール西日本フードサービスネット,812-0012,福岡市博多区博多駅中央街１番１号,列車内（新幹線・博多～新大阪～博多）,092-482-3340,みずほ・さくら　１８６号～１０５号,飲食店営業,一般食堂,福,博保衛,33020046,2027/6/30,2021/5/25,2015/5/9
株式会社　ジェイアール西日本フードサービスネット,812-0012,福岡市博多区博多駅中央街１番１号,列車内（新幹線・博多～新大阪～博多）,092-482-3340,みずほ・さくら　５５０号～５６５号,飲食店営業,一般食堂,福,博保衛,33020047,2027/6/30,2021/5/25,2015/5/9
株式会社　ジェイアール西日本フードサービスネット,812-0012,福岡市博多区博多駅中央街１番１号,列車内（新幹線・博多～新大阪～博多）,092-482-3340,みずほ・さくら６１２号～６１３号,飲食店営業,一般食堂,福,博保衛,33020040,2027/6/30,2021/5/25,2015/5/9
株式会社　ジェイアール西日本フードサービスネット,812-0012,福岡市博多区博多駅中央街１番１号,列車内（新幹線・博多～新大阪～博多）,092-482-3340,のぞみ　１６６号～１２７号,飲食店営業,一般食堂,福,博保衛,33020041,2027/6/30,2021/5/25,2015/5/9
株式会社　ジェイアール西日本フードサービスネット,812-0012,福岡市博多区博多駅中央街１番１号,列車内（新幹線・博多～新大阪～博多）,092-482-3340,のぞみ　１７０号～１３７号,飲食店営業,一般食堂,福,博保衛,33020042,2027/6/30,2021/5/25,2015/5/9
株式会社　５６フーズ・コーポレーション,812-0012,福岡市博多区博多駅中央街１番１号,ＪＲ博多シティ　Ｂ１Ｆ　博多一番街,092-481-7829,鉄板焼天神ホルモン博多駅店,食肉販売業,一般,福,博保衛,33330006,2027/6/30,2021/5/25,2021/5/25
,810-0023,福岡市中央区警固二丁目１０番８号,,092-751-2400,おでん　にいの,飲食店営業,一般食堂,福,中保衛,33020111,2027/6/30,2021/5/25,2009/5/19
,810-0044,福岡市中央区六本松二丁目８番８号,ダイナコート六本松Ⅱ１F,092-215-1960,がらだま堂,飲食店営業,一般食堂,福,中保衛,33020115,2027/6/30,2021/5/25,2009/4/7
,810-0005,福岡市中央区清川一丁目２番２３号,,092-531-3707,五島食堂ＭＡＫＯＩＣＨＩ,飲食店営業,一般食堂,福,中保衛,33020117,2027/6/30,2021/5/25,2015/6/26
有限会社　風林火山,810-0002,福岡市中央区西中洲１１番６号,,092-771-4088,有限会社　風林火山,飲食店営業,一般食堂,福,中保衛,33020118,2027/6/30,2021/5/25,1984/6/19
,810-0042,福岡市中央区赤坂二丁目６番２７号,,092-713-6024,珈琲美美,喫茶店営業,一般,福,中保衛,33240001,2027/6/30,2021/5/25,2009/6/1
,810-0004,福岡市中央区渡辺通一丁目１番１号,サンセルコビル地下１階,092-717-7339,香港料理“龍苑”,飲食店営業,中華店,福,中保衛,33020122,2027/6/30,2021/5/25,2015/4/16
,810-0004,福岡市中央区渡辺通二丁目９番１１号,ＯＮＯＨＡＲＡビル２Ｆ,092-714-8696,ＢＡＲ　ＫＵＲＡ　ＫＵＲＡ,飲食店営業,バー,福,中保衛,33020121,2027/6/30,2021/5/25,2015/5/7
,810-0003,福岡市中央区春吉三丁目２２番７－１号,プロスぺリタ天神Ⅰ２Ｆ－Ｃ,092-771-9933,ＰＥＰＩＮ,飲食店営業,バー,福,中保衛,33020120,2027/6/30,2021/5/25,2015/4/23
株式会社西鉄ホテルズ,810-0041,福岡市中央区大名二丁目６番６０号,西鉄グランドホテル１Ｆ,092-771-7171,西鉄グランドホテル　パン,菓子製造業,パン,福,中保衛,33060006,2027/6/30,2021/5/25,1974/7/20
株式会社西鉄ホテルズ,810-0041,福岡市中央区大名二丁目６番６０号,西鉄グランドホテルＢ１Ｆ,092-771-7171,西鉄グランドホテル　パン，洋生菓子,菓子製造業,一般,福,中保衛,33060005,2027/6/30,2021/5/25,1970/9/28
株式会社西鉄ホテルズ,810-0041,福岡市中央区大名二丁目６番６０号,西鉄グランドホテル１４Ｆ,092-771-7171,西鉄グランドホテル　１４階厨房,飲食店営業,レストラン,福,中保衛,33020125,2027/6/30,2021/5/25,1969/4/18
株式会社西鉄ホテルズ,810-0041,福岡市中央区大名二丁目６番６０号,西鉄グランドホテル１Ｆ,092-771-7171,西鉄グランドホテル　主厨房,飲食店営業,旅館,福,中保衛,33020124,2027/6/30,2021/5/25,1969/4/17
,810-0014,福岡市中央区平尾五丁目４番７号,リバティ平尾１Ｆ,092-522-9593,いい日とん勝,飲食店営業,一般食堂,福,中保衛,33020119,2027/6/30,2021/5/25,2015/6/15
,810-0044,福岡市中央区六本松二丁目５番７号,高橋ビル１０３,092-231-0237,フェアリー,飲食店営業,バー,福,中保衛,33010153,2027/6/30,2021/5/25,2021/5/25
,810-0005,福岡市中央区清川一丁目１１番１９号,仲西ビル　２ＦーＣ,092-524-5353,373,飲食店営業,一般食堂,福,中保衛,33020113,2027/6/30,2021/5/25,2003/5/2
株式会社　西鉄ストア,810-0001,福岡市中央区天神二丁目２番４３号,ソラリアプラザＢ１Ｆ,092-733-7008,ドトールコーヒーショップ天神ソラリア店,飲食店営業,主として喫茶,福,中保衛,33020126,2027/6/30,2021/5/25,2015/4/22
,810-0041,福岡市中央区大名一丁目１番２４号,１Ｆ,092-725-7244,ＣＡＦＥ　ＣＡＴ＆ＦＩＳＨ,飲食店営業,一般食堂,福,中保衛,33020114,2027/6/30,2021/5/25,2009/5/12
株式会社アマージュ,810-0041,福岡市中央区大名一丁目１１番１５号,小谷ビル２階,092-720-2112,ぶあいそ大名店,飲食店営業,一般食堂,福,中保衛,33020123,2027/6/30,2021/5/25,2015/4/6
株式会社ガルーラ,810-0004,福岡市中央区渡辺通二丁目２番８号,デンエンビル２Ｆ,092-600-9412,ヤキニク上,飲食店営業,一般食堂,福,中保衛,33010129,2027/6/30,2021/5/25,2021/5/25
,815-0033,福岡市南区大橋一丁目１６番８号,サザンハイツ大橋１Ｆ,092-541-6815,ワカミヤ食堂,飲食店営業,一般食堂,福,南保衛,33020023,2027/6/30,2021/5/25,2003/5/12
株式会社西鉄ストア,815-0082,福岡市南区大楠三丁目２０番１８号,,092-531-2955,株式会社西鉄ストア高宮店,食肉販売業,一般,福,南保衛,33340002,2027/6/30,2021/5/25,1979/4/3
,811-1302,福岡市南区井尻四丁目２０番１号,,092-591-6230,こまどりうどん井尻駅前店,飲食店営業,一般食堂,福,南保衛,33020025,2027/6/30,2021/5/25,2003/4/8
,815-0041,福岡市南区野間一丁目１０番７号,野間リッチハイツ１Ｆ,,和ごころ　野内,飲食店営業,一般食堂,福,南保衛,33010020,2027/6/30,2021/5/25,2021/5/25
,811-1302,福岡市南区井尻五丁目８番２５号,堀内コーポ１０１号,,あっちっち。,飲食店営業,一般食堂,福,南保衛,33010003,2027/6/30,2021/5/25,2021/5/25
株式会社西鉄ストア,815-0082,福岡市南区大楠三丁目２０番１８号,,092-531-2955,株式会社西鉄ストア高宮店,魚介類販売業,一般,福,南保衛,33140001,2027/6/30,2021/5/25,1997/5/19
,811-1302,福岡市南区井尻三丁目１８番１１号,,092-592-1289,スナック好好,飲食店営業,一般食堂,福,南保衛,33020024,2027/6/30,2021/5/25,1989/4/28
朝日給食サービス株式会社,814-0123,福岡市城南区長尾五丁目１番１号,,092-871-2271,福岡市立　長尾小学校,飲食店営業,一般食堂,福,城保衛,33020012,2027/6/30,2021/5/25,2015/4/2
有限会社まるごう商店,811-1111,福岡市早良区脇山二丁目１１番５１号,,092-803-1160,（有）まるごう商店,食品の冷凍又は冷蔵業,なし,福,早保衛,33200001,2027/6/30,2021/5/25,2009/4/21
,814-0002,福岡市早良区西新五丁目１５番１０号,,092-821-4312,小川饅頭店,菓子製造業,一般,福,早保衛,33060003,2027/6/30,2021/5/25,1974/5/10
,811-1134,福岡市早良区飯場４９－１,,,パスタ工房,飲食店営業,一般食堂,福,早保衛,33010030,2027/6/30,2021/5/25,2021/5/25
,811-1134,福岡市早良区飯場４９－１,,,パスタ工房,めん類製造業,生めん,福,早保衛,33550001,2027/6/30,2021/5/25,2021/5/25
コンパスグループ・ジャパン株式会社,814-0006,福岡市早良区百道一丁目２５番１９号,,,フェリオ百道,飲食店営業,一般食堂,福,早保衛,33010025,2027/6/30,2021/5/25,2021/5/25
,819-0025,福岡市西区石丸四丁目４８番３号,,092-891-7935,博多ラーメンしばらく福重店,飲食店営業,一般食堂,福,西保衛,33020020,2027/6/30,2021/5/25,2015/4/21
,813-0005,福岡市東区御島崎二丁目６番２２号,,,渡辺商店,魚肉ねり製品製造業,一般,福,東保衛,33180001,2027/6/30,2021/5/26,2015/4/28
,813-0001,福岡市東区唐原七丁目２番２号,,092-662-1615,本家かまどや九産大前店,飲食店営業,仕出し,福,東保衛,33020032,2027/6/30,2021/5/26,2015/6/12
株式会社物語コーポレーション,812-0054,福岡市東区馬出三丁目３番２２号,,,丸源ラーメン福岡馬出店,飲食店営業,一般食堂,福,東保衛,33010043,2027/6/30,2021/5/26,2021/5/26
株式会社シェフ・カンパニー,811-0213,福岡市東区和白丘二丁目２番４５号,,092-605-3511,そらレディースクリニック 株式会社シェフ・カンパニー調理係,飲食店営業,一般食堂,福,東保衛,33010046,2027/6/30,2021/5/26,2021/5/26
,813-0013,福岡市東区香椎駅前二丁目５２番１号,,092-681-6660,駅前唐あげ,飲食店営業,一般食堂,福,東保衛,33020030,2027/6/30,2021/5/26,2015/6/12
,812-0021,福岡市博多区築港本町２番３号,ふよう港ハイツ　１０３号,092-292-1178,ＡＳＧＹＭ,飲食店営業,一般食堂,福,博保衛,33010122,2027/6/30,2021/5/26,2021/5/26
,810-0801,福岡市博多区中洲二丁目８番１９号,丸源３６　５階　５０８号,092-263-4520,メンバーズ　勇,飲食店営業,一般食堂,福,博保衛,33020060,2027/6/30,2021/5/26,2003/6/6
,812-0016,福岡市博多区博多駅南四丁目１２番２７号,駅南久栄コーポ　１Ｆ,092-474-6864,スナック　和田倉,飲食店営業,一般食堂,福,博保衛,33020067,2027/6/30,2021/5/26,2015/4/13
,812-0893,福岡市博多区那珂三丁目５番１４号,,092-481-4674,居酒屋　常ちゃん,飲食店営業,一般食堂,福,博保衛,33020061,2027/6/30,2021/5/26,1988/6/16
合資会社　くぅたろう,812-0014,福岡市博多区比恵町４番１３号,,092-441-2319,居酒屋　くぅたろう,飲食店営業,一般食堂,福,博保衛,33020062,2027/6/30,2021/5/26,2009/4/27
,812-0883,福岡市博多区南本町一丁目３番１８号,,,笑日,飲食店営業,一般食堂,福,博保衛,33010121,2027/6/30,2021/5/26,2021/5/26
,812-0884,福岡市博多区寿町三丁目３番２２号,遊ＹＯＵ館　6Ｆ　Ｄ,092-571-4268,スナック　ラブユーミサ,飲食店営業,一般食堂,福,博保衛,33020066,2027/6/30,2021/5/26,2009/5/29
,812-0871,福岡市博多区東雲町四丁目２番１号,,092-571-6012,一郎寿司,飲食店営業,すし屋,福,博保衛,33020065,2027/6/30,2021/5/26,1992/5/26
学校法人　中村学園,812-0897,福岡市博多区半道橋一丁目１７番４１号,,092-474-0081,中村学園事業部　２０４９０,飲食店営業,一般食堂,福,博保衛,33020063,2027/6/30,2021/5/26,1987/4/7
学校法人　中村学園,812-0011,福岡市博多区博多駅前三丁目１２番１０号,鹿島建設内　２Ｆ,092-441-0211,中村学園事業部　２１３６０,飲食店営業,一般食堂,福,博保衛,33020064,2027/6/30,2021/5/26,1992/6/22
株式会社慶州,810-0002,福岡市中央区西中洲２号１７番,,092-739-8245,もつ鍋慶州西中洲店,飲食店営業,一般食堂,福,中保衛,33020130,2027/6/30,2021/5/26,2015/6/19
株式会社柿安本店,810-0001,福岡市中央区天神一丁目４番１号,大丸福岡天神店東館Ｂ２Ｆ,092-735-3631,柿安　精肉,食肉販売業,一般,福,中保衛,33340004,2027/6/30,2021/5/26,2015/4/20
株式会社ノーブル,810-0004,福岡市中央区渡辺通五丁目２番１５号,,092-735-7117,ユメキチワイン,飲食店営業,一般食堂,福,中保衛,33020131,2027/6/30,2021/5/26,2009/6/24
株式会社チクモク,810-0001,福岡市中央区天神三丁目１０番２７号,チクモクビル１Ｆ,092-738-0322,Ｒｅｎｔａｌ　ｃａｆｅ　柾,飲食店営業,一般食堂,福,中保衛,33020127,2027/6/30,2021/5/26,2009/6/25
株式会社華族廊,810-0014,福岡市中央区平尾一丁目２番１２号,井上ビル１階２号室,092-521-2200,鮨　行天,飲食店営業,すし屋,福,中保衛,33010152,2027/6/30,2021/5/26,2021/5/26
株式会社３３,810-0021,福岡市中央区今泉二丁目４番３３号,エステートモア今泉２０１,092-791-5754,Ｔａｃｏｓ　Ｓｔａｎｄ,飲食店営業,一般食堂,福,中保衛,33010169,2027/6/30,2021/5/26,2021/5/26
株式会社Ｃ＆Ｇ　Ｖａｌｕｅ　Ｄｅｓｉｇｎ,810-0032,福岡市中央区輝国一丁目１番３３号,,092-771-2131,福岡山の上クラブ,飲食店営業,一般食堂,福,中保衛,33020128,2027/6/30,2021/5/26,2015/6/17
,811-1351,福岡市南区屋形原三丁目１６番２１号,,092-566-0391,閏日,飲食店営業,一般食堂,福,南保衛,33020028,2027/6/30,2021/5/26,1997/4/9
株式会社プレナス,815-0041,福岡市南区野間二丁目２番８号,,092-552-2505,ＭＫレストラン野間店,飲食店営業,一般食堂,福,南保衛,33020026,2027/6/30,2021/5/26,1997/4/2
株式会社西日本吉野家,815-0033,福岡市南区大橋一丁目１９番２２号,,092-554-1663,吉野家大橋店,飲食店営業,一般食堂,福,南保衛,33020027,2027/6/30,2021/5/26,1992/5/25
一般社団法人食品絆望産業,814-0104,福岡市城南区別府六丁目３番３号,,092-841-0983,居酒屋　はげ坊主,食肉販売業,一般,福,城保衛,33330001,2027/6/30,2021/5/26,2021/5/26
ＮＰＯ法人さんえす,814-0142,福岡市城南区片江五丁目１番５３―１０１号,,092-865-1214,未来咲舎,菓子製造業,一般,福,城保衛,33060002,2027/6/30,2021/5/26,2015/7/1
学校法人　中村学園,814-0142,福岡市城南区片江四丁目５番１号,,,２６５９０中村学園事業部,飲食店営業,一般食堂,福,城保衛,33020013,2027/6/30,2021/5/26,2015/4/2
株式会社セイバー,814-0001,福岡市早良区百道浜二丁目３番２号,ＴＮＣ放送会館　１Ｆ,092-832-7715,タリーズ・コーヒー　ＴＮＣ放送会館店,飲食店営業,一般食堂,福,早保衛,33020033,2027/6/30,2021/5/26,2003/6/24
,819-0163,福岡市西区今宿上ノ原８３８番地,,092-807-8762,山小屋弁当,飲食店営業,弁当屋,福,西保衛,33020021,2027/6/30,2021/5/26,1997/4/9
,813-0013,福岡市東区香椎駅前一丁目１７番４３号,,,カラオケ 咲蔵,飲食店営業,一般食堂,福,東保衛,33020036,2027/6/30,2021/5/27,2009/6/10
,813-0012,福岡市東区香椎駅東四丁目４７番３２号,,092-672-0570,長浜ラーメン 駅東亭,飲食店営業,一般食堂,福,東保衛,33020035,2027/6/30,2021/5/27,2009/5/22
,813-0016,福岡市東区香椎浜三丁目３番８号,,092-683-5517,ローソン 福岡香椎浜三丁目店,飲食店営業,一般食堂,福,東保衛,33020033,2027/6/30,2021/5/27,2015/6/23
有限会社トラストシステム,811-0321,福岡市東区西戸崎,海の中道海浜公園内,092-603-0445,バーガーショップさせぼ,飲食店営業,一般食堂,福,東保衛,33010053,2027/6/30,2021/5/27,2021/5/27
,812-0018,福岡市博多区住吉三丁目９番１８号,,092-260-7747,ＣＬＵＴＣＨ,飲食店営業,主として喫茶,福,博保衛,33020068,2027/6/30,2021/5/27,2015/6/24
株式会社　ＡＤＥＬＥＳ,810-0801,福岡市博多区中洲四丁目２番１６号,ＲＢコア　５階,092-260-7020,ちんＢａｒ,飲食店営業,バー,福,博保衛,33010150,2027/6/30,2021/5/27,2021/5/27
株式会社　ＭＩＺＵＫＩ,810-0801,福岡市博多区中洲三丁目２番１２号,第３ラインビル　３階　７号室,092-282-6446,くらぶ瑞生,飲食店営業,カフェー,福,博保衛,33010145,2027/6/30,2021/5/27,2021/5/27
株式会社　Ｙ＆Ｇダイニング,810-0801,福岡市博多区中洲二丁目５番１２号,井上ビル　１階,,Ｂａｒ　ＹＧ,飲食店営業,バー,福,博保衛,33010131,2027/6/30,2021/5/27,2021/5/27
,812-0011,福岡市博多区博多駅前三丁目１８番８－１０５号,,092-411-7070,ぎょうざ　やきとり　博多はる　博多駅前店,飲食店営業,一般食堂,福,博保衛,33020069,2027/6/30,2021/5/27,2015/5/26
マイスターワークス　株式会社,810-0801,福岡市博多区中洲一丁目８番１1号,ＰＡＲＡＣＩＴＹビル　３階,092-282-3253,バーアクアマーリン,飲食店営業,バー,福,博保衛,33020073,2027/6/30,2021/5/27,2015/6/22
株式会社　プレナス,812-0035,福岡市博多区中呉服町１番２２号,,092-273-1727,やよい軒　呉服町店,飲食店営業,一般食堂,福,博保衛,33020072,2027/6/30,2021/5/27,2003/4/15
有限会社　市山レジャー開発,812-0011,福岡市博多区博多駅前三丁目１８番８号,ブルク博多駅前　１Ｆ,092-431-0002,もつ鍋ながまさ博多本店／博太堂,飲食店営業,一般食堂,福,博保衛,33020070,2027/6/30,2021/5/27,2009/4/21
株式会社　アキラ水産,810-0072,福岡市中央区長浜三丁目１４番１号,福岡市鮮魚市場内２号,,西加工場,魚介類販売業,一般,福,中保衛,33140005,2027/6/30,2021/5/27,2003/5/20
福岡ソフトバンクホークス株式会社,,福岡市内一円,,092-847-1006,鷹正,喫茶店営業,仮設(仮設営業),福,中保衛,33700003,2026/6/30,2021/5/27,2016/6/17
,810-0073,福岡市中央区舞鶴二丁目８番２９号,,092-713-7956,こじま,飲食店営業,一般食堂,福,中保衛,33020136,2027/6/30,2021/5/27,2003/6/20
,810-0041,福岡市中央区大名一丁目１０番２９号,ステージ１大名　１Ｆ,092-716-3108,無尽蔵,飲食店営業,料理店,福,中保衛,33020137,2027/6/30,2021/5/27,2009/4/13
,810-0003,福岡市中央区春吉一丁目１６番８号,ＶＥＧＡ天神南　１階・Ｂ号室,092-761-8877,高級食堂　亜紀,飲食店営業,一般食堂,福,中保衛,33020138,2027/6/30,2021/5/27,2009/6/30
合同会社ＩＦ,810-0001,福岡市中央区天神三丁目２番４号,天神横丁ビル３階,092-753-7721,めるドナ,飲食店営業,一般食堂,福,中保衛,33020135,2027/6/30,2021/5/27,2015/4/20
,,福岡市内一円,,,Ａ－ＮＯ　ＣＡＦＥ,菓子製造業,移動Ｂ,福,中保衛,33050029,2026/6/30,2021/5/27,2021/5/27
三省製薬株式会社,810-0021,福岡市中央区今泉一丁目１３番１７号,向栄ビル南天神１Ｆ,092-985-2451,デルメッド,飲食店営業,主として喫茶,福,中保衛,33010142,2027/6/30,2021/5/27,2021/5/27
ザッカ商事有限会社,810-0075,福岡市中央区港一丁目１番６号,,092-717-7575,ファミリーマート福岡長浜店,飲食店営業,一般食堂,福,中保衛,33020134,2027/6/30,2021/5/27,2015/4/28
ＪＡ全農ミートフーズ株式会社,810-0023,福岡市中央区警固一丁目６番５６号,上人橋通りサウスガーデン１Ｆ,092-406-3707,焼肉・すき焼　純,食肉販売業,一般,福,中保衛,33330014,2027/6/30,2021/5/27,2021/5/27
有限会社セブンフーズ,811-1353,福岡市南区柏原四丁目４７番１号,,092-566-3232,柏陵高等学校食堂,飲食店営業,一般食堂,福,南保衛,33020033,2027/6/30,2021/5/27,1987/4/6
,815-0032,福岡市南区塩原四丁目１２番１０号,,092-512-6117,手音,飲食店営業,一般食堂,福,南保衛,33020030,2027/6/30,2021/5/27,2003/5/12
,815-0032,福岡市南区塩原二丁目２番２－１０３号,,092-553-6050,ＳＯＬＯＭＯＮ,飲食店営業,一般食堂,福,南保衛,33020032,2027/6/30,2021/5/27,2009/5/18
株式会社ＥＮＭ,811-1323,福岡市南区弥永四丁目６番６号,,092-588-3381,春夏秋冬屋,飲食店営業,弁当屋,福,南保衛,33020031,2027/6/30,2021/5/27,2009/6/5
株式会社ホームラン・システムズ,811-1355,福岡市南区桧原一丁目１８番１１号,,,特別養護老人ホーム藤ヶ丘荘,飲食店営業,一般食堂,福,南保衛,33010034,2027/6/30,2021/5/27,2021/5/27
株式会社大興社,811-1347,福岡市南区野多目三丁目１番１号,,092-541-3231,独立行政法人国立病院機構九州がんセンター,飲食店営業,一般食堂,福,南保衛,33010029,2027/6/30,2021/5/27,2021/5/27
,,福岡市内一円,,,麻陽,飲食店営業,移動Ｂ,福,南保衛,33010036,2026/6/30,2021/5/27,2021/5/27
,815-0033,福岡市南区大橋二丁目１１番１２号,江川ビル１Ｆ,092-776-8180,ミドリ　ストア,飲食店営業,一般食堂,福,南保衛,33020034,2027/6/30,2021/5/27,2009/6/12
,814-0153,福岡市城南区樋井川六丁目２７番１号,,092-871-3197,しば寿司,飲食店営業,料理店,福,城保衛,33020015,2027/6/30,2021/5/27,1984/5/2
,814-0121,福岡市城南区神松寺一丁目２２番３４号,,092-871-6890,わらじや,飲食店営業,一般食堂,福,城保衛,33020014,2027/6/30,2021/5/27,1975/4/15
株式会社本家かまどや,811-1102,福岡市早良区東入部三丁目１８０１番地１,,092-872-8039,本家　かまどや　東入部店,飲食店営業,弁当屋,福,早保衛,33020035,2027/6/30,2021/5/27,2009/5/11
,814-0003,福岡市早良区城西三丁目２１番２７号,,092-833-6055,Ｍ’ｓ　ａｒｋ,菓子製造業,一般,福,早保衛,33050009,2027/6/30,2021/5/27,2021/5/27
,813-0023,福岡市東区蒲田四丁目９番１号,フットワークエクスプレス株式会社 福岡支店食堂,092-691-8765,社員食堂,飲食店営業,一般食堂,福,東保衛,33020040,2027/6/30,2021/5/28,2003/5/23
株式会社Ｄ－ＳＴＹＬＥ,,福岡市内一円,,,株式会社Ｄ－ＳＴＹＬＥ,喫茶店営業,移動営業,福,東保衛,33230006,2026/6/30,2021/5/28,2021/5/28
,811-0206,福岡市東区雁の巣二丁目２２番２９号,,,和泉ぱん,菓子製造業,パン,福,東保衛,32050020,2027/6/30,2021/5/28,2021/5/28
,811-0206,福岡市東区雁の巣二丁目２２番２９号,,,和泉ぱん,飲食店営業,カフェー,福,東保衛,32010233,2027/6/30,2021/5/28,2021/5/28
株式会社 Ｐｌａｎ・Ｄｏ・Ｓｅｅ,811-0321,福岡市東区西戸崎１８番２５号,,092-603-2525,ＴＨＥ ＧＲＡＮＤ ＯＣＥＡＮ,飲食店営業,一般食堂,福,東保衛,33020038,2027/6/30,2021/5/28,2009/5/26
株式会社　Ｆ－ＴＨＲＥＥ,812-0003,福岡市博多区下臼井７７８番１号,福岡空港国内線旅客ターミナルビル　３Ｆ,092-611-2777,豚そば　月や,飲食店営業,一般食堂,福,博保衛,33010152,2027/6/30,2021/5/28,2021/5/28
,810-0801,福岡市博多区中洲四丁目１番３０号,ｃａｎｎｅｒｙ１　４階,092-271-3020,Ｌａ　ｖｉｅ,そうざい製造業,なし,福,博保衛,33570002,2027/6/30,2021/5/28,2021/5/28
,810-0801,福岡市博多区中洲四丁目１番３０号,ｃａｎｎｅｒｙ１　４階,092-271-3020,Ｌａ　ｖｉｅ,食品の冷凍又は冷蔵業,なし,福,博保衛,33190001,2027/6/30,2021/5/28,2021/5/28
天恒　株式会社,812-0041,福岡市博多区吉塚一丁目１８番３号,,,小重慶,飲食店営業,一般食堂,福,博保衛,33010155,2027/6/30,2021/5/28,2021/5/28
,810-0801,福岡市博多区中洲二丁目５番５号,中洲第１ビル　３階　３０２号,092-271-1356,和,飲食店営業,カフェー,福,博保衛,33010069,2027/6/30,2021/5/28,2021/5/28
株式会社　縁,812-0039,福岡市博多区冷泉町７番３－１号,,092-261-2587,七福茶屋,飲食店営業,一般食堂,福,博保衛,33010029,2027/6/30,2021/5/28,2021/5/28
株式会社　ｔｅｎ,812-0896,福岡市博多区東光寺町一丁目１５番３３号,,092-292-8556,Ｓｕｎ．さん保育園,飲食店営業,一般食堂,福,博保衛,33010161,2027/6/30,2021/5/28,2021/5/28
,810-0801,福岡市博多区中洲四丁目２番５号,中洲岡部ビル３号館　４階　４０２号室,,会員制　ジョイント　プラス,飲食店営業,バー,福,博保衛,33010151,2027/6/30,2021/5/28,2021/5/28
,812-0879,福岡市博多区銀天町一丁目２番９－１号,,092-581-9414,鈴木鮮魚店,魚介類販売業,一般,福,博保衛,33140002,2027/6/30,2021/5/28,2015/5/22
,810-0001,福岡市中央区天神五丁目１番１号,市営天神５丁目住宅１０２,092-762-0713,コーヒーショップ　ＭｉＺＵＴＡＮｉ,飲食店営業,一般食堂,福,中保衛,33020140,2027/6/30,2021/5/28,2015/5/18
株式会社　プレナス,810-0001,福岡市中央区天神二丁目１３番１６号,,092-738-1566,やよい軒　天神２丁目店,飲食店営業,一般食堂,福,中保衛,33020139,2027/6/30,2021/5/28,2003/4/10
,810-0073,福岡市中央区舞鶴二丁目８番１８号,１Ｆ,092-713-7775,美久馬,飲食店営業,一般食堂,福,中保衛,33020142,2027/6/30,2021/5/28,2015/6/3
株式会社丸十食品,810-0074,福岡市中央区大手門一丁目３番２３－１号,,092-781-0071,株式会社丸十食品,そうざい製造業,なし,福,中保衛,33580003,2027/6/30,2021/5/28,2009/6/15
株式会社ウェルカム,810-0001,福岡市中央区天神二丁目２番４３号,ソラリアプラザビルＢ２Ｆ,092-739-0207,ＤＥＡＮ＆ＤＥＬＵＣＡ　ＦＵＫＵＯＫＡ,飲食店営業,一般食堂,福,中保衛,33020144,2027/6/30,2021/5/28,2015/4/10
株式会社ウェルカム,810-0001,福岡市中央区天神二丁目２番４３号,ソラリアプラザビルＢ２Ｆ,092-739-0207,ＤＥＡＮ＆ＤＥＬＵＣＡ　ＦＵＫＵＯＫＡ,飲食店営業,そうざい,福,中保衛,33020145,2027/6/30,2021/5/28,2015/4/10
株式会社ウェルカム,810-0001,福岡市中央区天神二丁目２番４３号,ソラリアプラザビルＢ２Ｆ,092-739-0207,ＤＥＡＮ＆ＤＥＬＵＣＡ　ＦＵＫＵＯＫＡ,菓子製造業,一般,福,中保衛,33060007,2027/6/30,2021/5/28,2015/4/10
,810-0011,福岡市中央区高砂一丁目１番１３号,,092-526-7711,竹餃大学,飲食店営業,一般食堂,福,中保衛,33010157,2027/6/30,2021/5/28,2021/5/28
合資会社ベンジャミン,810-0023,福岡市中央区警固一丁目１３番９号,,092-716-1231,ベンジャミンランチ,飲食店営業,一般食堂,福,中保衛,33010178,2027/6/30,2021/5/28,2021/5/28
合資会社ベンジャミン,810-0023,福岡市中央区警固一丁目１３番９号,,092-716-1231,ベンジャミンランチ,食肉販売業,一般,福,中保衛,33330016,2027/6/30,2021/5/28,2021/5/28
株式会社ＴｒｉｐｌｅＭｏｎｋｅｅｓ,810-0044,福岡市中央区六本松四丁目９番７号,ジャパンパル５０５,092-738-6333,株式会社ＴｒｉｐｌｅＭｏｎｋｅｅｓ,食用油脂製造業,なし,福,中保衛,33390001,2027/6/30,2021/5/28,2021/5/28
有限会社はじめの一歩,810-0001,福岡市中央区天神一丁目４番１号,博多大丸東館Ｂ２Ｆ,092-712-8181,海鮮屋　はじめの一歩　大丸店,飲食店営業,一般食堂,福,中保衛,33010158,2027/6/30,2021/5/28,2021/5/28
株式会社小林商店,810-0074,福岡市中央区大手門一丁目８番１４号,,092-715-4301,鳥次,飲食店営業,一般食堂,福,中保衛,33010173,2027/6/30,2021/5/28,2021/5/28
株式会社Ｃｒｅｅｄ,810-0073,福岡市中央区舞鶴一丁目８番２号,オベリスク天神２０１,,ヤネウラ,飲食店営業,バー,福,中保衛,33010175,2027/6/30,2021/5/28,2021/5/28
,810-0042,福岡市中央区赤坂二丁目３番２８号,,,Ｈａｎａ　Ｈａｎａ,菓子製造業,一般,福,中保衛,33050012,2027/6/30,2021/5/28,2021/5/28
,810-0042,福岡市中央区赤坂二丁目３番２８号,,,Ｈａｎａ　Ｈａｎａ,飲食店営業,主として喫茶,福,中保衛,33010088,2027/6/30,2021/5/28,2021/5/28
有限会社　利花苑,810-0041,福岡市中央区大名二丁目３番１２号,,092-752-8833,利花苑,飲食店営業,料理店,福,中保衛,33020143,2027/6/30,2021/5/28,1997/6/16
有限会社アズリ,810-0041,福岡市中央区大名一丁目８番３１号,リベルタス大名１Ｆ,092-791-3090,喜水亭　和楽　大名店,そうざい製造業,なし,福,中保衛,33570008,2027/6/30,2021/5/28,2021/5/28
株式会社和,810-0042,福岡市中央区赤坂一丁目１４番１５号,赤坂共同ビル１Ｆ・２Ｆ,092-762-1233,にく田,食肉販売業,一般,福,中保衛,33330015,2027/6/30,2021/5/28,2021/5/28
株式会社ＩＲＩＥＲ,810-0041,福岡市中央区大名一丁目１３番２０号,松島ビル　１Ｆ,092-721-4507,シーラカンス,飲食店営業,一般食堂,福,中保衛,33020146,2027/6/30,2021/5/28,2015/4/23
株式会社博多大丸,810-0001,福岡市中央区天神一丁目４番１号,博多大丸本館Ｂ２Ｆ,092-712-8181,菓子共同厨房,菓子製造業,一般,福,中保衛,33050028,2027/6/30,2021/5/28,2021/5/28
株式会社福岡サンパレス,810-0063,福岡市中央区唐人町一丁目１０番１号,唐人パークハウス１０８,092-707-2928,めんたいこ生パスタの店　マルゲッタ,飲食店営業,一般食堂,福,中保衛,33020141,2027/6/30,2021/5/28,2015/4/17
株式会社Ｃｒｅｅｄ,810-0073,福岡市中央区舞鶴一丁目８番２号,オベリスク天神１０１,092-791-6000,洋風酒場トゥエルブ,飲食店営業,一般食堂,福,中保衛,33010176,2027/6/30,2021/5/28,2021/5/28
,,福岡市内一円,,,ＩＦＣ,飲食店営業,移動Ａ,福,南保衛,33020035,2026/6/30,2021/5/28,2016/5/24
淀川食品株式会社,811-1351,福岡市南区屋形原四丁目３９番１号,,092-565-5534,国立病院機構福岡病院,飲食店営業,一般食堂,福,南保衛,33010037,2027/6/30,2021/5/28,2021/5/28
株式会社ホームラン・システムズ,811-1361,福岡市南区西長住二丁目１番５７号,,,特別養護老人ホーム鹿助荘,飲食店営業,一般食堂,福,南保衛,33010035,2027/6/30,2021/5/28,2021/5/28
,814-0112,福岡市城南区友丘二丁目２番４１号,,,トヨシマ　キッチン,飲食店営業,一般食堂,福,城保衛,33020017,2027/6/30,2021/5/28,2009/6/12
有限会社アウル,814-0123,福岡市城南区長尾一丁目１６番２０号,,092-861-1908,ラーメン居酒屋　梟,飲食店営業,一般食堂,福,城保衛,33020016,2027/6/30,2021/5/28,2003/5/14
,814-0175,福岡市早良区田村一丁目９番４６号,,092-862-2778,やきとり　居酒屋　柳川屋,飲食店営業,一般食堂,福,早保衛,33020037,2027/6/30,2021/5/28,1990/6/9
,814-0002,福岡市早良区西新五丁目８番２６号,リバーケープビル　１Ｆ,092-847-8600,ハングリーヘブン福岡西新店,飲食店営業,一般食堂,福,早保衛,33010037,2027/6/30,2021/5/28,2021/5/28
Ｍｉコーポレーション株式会社,814-0165,福岡市早良区次郎丸二丁目３０番３号,,092-862-2201,トリヤ　マルハチ,飲食店営業,一般食堂,福,早保衛,33020038,2027/6/30,2021/5/28,1997/6/12
株式会社ＰＡＬＭ　ＢＥＡＣＨ,819-0202,福岡市西区西浦２８５番地－Ａ,,092-809-1511,アルパチーノ,飲食店営業,一般食堂,福,西保衛,33020024,2027/6/30,2021/5/28,2015/6/30
,819-0041,福岡市西区拾六町一丁目４番１２号,,,焼鳥　芋,飲食店営業,一般食堂,福,西保衛,33010016,2027/6/30,2021/5/28,2021/5/28
株式会社ＳＵＮＩＺＭ,819-0202,福岡市西区西浦２８５番地－Ｂ,,092-809-1507,サーフサイドカフェ,飲食店営業,一般食堂,福,西保衛,33020022,2027/6/30,2021/5/28,2015/6/30
株式会社波乗り三太,819-0202,福岡市西区西浦２８５番地,,092-809-1507,西の浦　イカ活造り　波平,飲食店営業,一般食堂,福,西保衛,33020023,2027/6/30,2021/5/28,2015/6/30
株式会社ＬＥＯＣ,814-0032,福岡市早良区小田部六丁目１１番１５号,,,原口病院循環器科内科,飲食店営業,一般食堂,福,早保衛,33010036,2027/6/30,2021/5/29,2021/5/29
株式会社ＳＹＳＴＥＭＭ ＤＥＰＡＲＴＭＥＮＴ,813-0044,福岡市東区千早四丁目２２番２０号,,092-683-3555,ＲｕｓａＲｕｋａ 千早駅前店,飲食店営業,一般食堂,福,東保衛,33020039,2027/6/30,2021/5/31,2015/6/10
,813-0044,福岡市東区千早五丁目１４番２３号,,092-681-2458,弥五郎,飲食店営業,一般食堂,福,東保衛,33010063,2027/6/30,2021/5/31,2021/5/31
,813-0013,福岡市東区香椎駅前一丁目１７番５５号,,092-682-1225,ちゃい夢,飲食店営業,一般食堂,福,東保衛,33010064,2027/6/30,2021/5/31,2021/5/31
株式会社 ライダーズカフェ,811-0201,福岡市東区三苫三丁目１番３号,,092-692-6424,ライダーズカフェ 三苫店,飲食店営業,一般食堂,福,東保衛,33010062,2027/6/30,2021/5/31,2021/5/31
,812-0061,福岡市東区筥松二丁目１６番１１号,,,ワッハッハッ商店,飲食店営業,そうざい,福,東保衛,33020044,2027/6/30,2021/5/31,2009/4/15
株式会社 ウエディングポスト,812-0053,福岡市東区馬出四丁目１４番,,092-651-1100,筥カフェ,飲食店営業,一般食堂,福,東保衛,33020042,2027/6/30,2021/5/31,2015/6/30
,813-0003,福岡市東区香住ケ丘二丁目６番２６号,,,かしい亭 九産大前店,飲食店営業,一般食堂,福,東保衛,33010060,2027/6/30,2021/5/31,2021/5/31
,813-0042,福岡市東区舞松原二丁目１１番２４号,ユウキビルⅡ２階,,ｓｆｉｄａ,飲食店営業,一般食堂,福,東保衛,33020041,2027/6/30,2021/5/31,2015/6/30
西日本フードサービス株式会社,813-0042,福岡市東区舞松原一丁目１１番１１号,,092-661-3311,かもりクリニック,飲食店営業,一般食堂,福,東保衛,33010065,2027/6/30,2021/5/31,2021/5/31
株式会社ｔｈｅ　ｗｏｒｋｓ　ｐｒｏｊｅｃｔ,,福岡市内一円,,,旅するうたげ屋,飲食店営業,移動Ａ,福,東保衛,33010068,2026/6/30,2021/5/31,2021/5/31
ＯＵＩ　ＣＯＲＰＯＲＡＴＩＯＮ株式会社,812-0041,福岡市博多区吉塚五丁目１番３号,１号室,092-623-1576,焼とり権兵衛,飲食店営業,一般食堂,福,博保衛,33020077,2027/6/30,2021/5/31,2015/4/24
,812-0027,福岡市博多区下川端町８番１１号,,092-262-5678,Ｉｇｎｉｔｉｏｎ　 Ｓｗｉｔｃｈ,そうざい製造業,なし,福,博保衛,33570003,2027/6/30,2021/5/31,2021/5/31
株式会社　ＢＯＩＳ博多,812-0016,福岡市博多区博多駅南一丁目７番１４号,,092-451-8100,ＢＯＩＳ　博多,飲食店営業,一般食堂,福,博保衛,33010165,2027/6/30,2021/5/31,2021/5/31
,810-0801,福岡市博多区中洲三丁目３番８号,多門通り　１階,,ＯＢＯＲＯ,飲食店営業,一般食堂,福,博保衛,33010156,2027/6/30,2021/5/31,2021/5/31
株式会社　Ｊ－ＧＡＴＥ,810-0801,福岡市博多区中洲四丁目１番２４号,１階,092-291-8200,牛宴,食肉販売業,一般,福,博保衛,33330009,2027/6/30,2021/5/31,2021/5/31
株式会社　セブンフィールド,810-0801,福岡市博多区中洲五丁目３番１８号,ＴＭ－１６ＢＵＩＬＤＩＮＧ　１階　Ａ号室,,ｃｌｕｂ　ＥｒｅｖｅＮ,飲食店営業,カフェー,福,博保衛,33010091,2027/6/30,2021/5/31,2021/5/31
,810-0801,福岡市博多区中洲四丁目２番１８号,水上ビル　１階,092-282-7726,バー　キャバリーノ,飲食店営業,一般食堂,福,博保衛,33020079,2027/6/30,2021/5/31,2009/5/8
昭和食品工業　株式会社,812-0896,福岡市博多区東光寺町一丁目２番１４号,,092-292-8078,はかたや筑紫通店,飲食店営業,一般食堂,福,博保衛,33020078,2027/6/30,2021/5/31,2009/5/25
一般社団法人　ノーマライゼーション,812-0033,福岡市博多区大博町２番１１号,,092-263-0275,カラフル食堂／かちかち山　大博店,飲食店営業,一般食堂,福,博保衛,33010164,2027/6/30,2021/5/31,2021/5/31
有限会社　ファクトリュウ,812-0013,福岡市博多区博多駅東二丁目５番１９号,,092-477-3111,田中ホルモン,食肉販売業,一般,福,博保衛,33330008,2027/6/30,2021/5/31,2021/5/31
株式会社　ＵＮＡＲＩ,812-0016,福岡市博多区博多駅南五丁目９番３０号,中村駅南店舗　１Ｆ,092-260-3977,ラーメン海鳴,飲食店営業,一般食堂,福,博保衛,33020075,2027/6/30,2021/5/31,2015/5/12
,812-0016,福岡市博多区博多駅南三丁目８番３号,,092-474-8780,焼きとり　大晋,飲食店営業,一般食堂,福,博保衛,33020074,2027/6/30,2021/5/31,2015/5/21
株式会社　串匠,812-0011,福岡市博多区博多駅前二丁目１５番５号,,,株式会社　串匠,飲食店営業,一般食堂,福,博保衛,33010158,2027/6/30,2021/5/31,2021/5/31
学校法人　麻生塾,812-0016,福岡市博多区博多駅南一丁目１３番１６号,３Ｆ,092-415-2293,麻生外語観光＆製菓専門学校,菓子製造業,一般,福,博保衛,33060002,2027/6/30,2021/5/31,2009/4/7
,812-0884,福岡市博多区寿町三丁目１番５号,武平ビル　１Ｆ　１０１号,,にくにく本舗,飲食店営業,一般食堂,福,博保衛,33010159,2027/6/30,2021/5/31,2021/5/31
株式会社　春ゆめ,810-0801,福岡市博多区中洲四丁目３番１８号,福岡東映プラザビル　７階,092-272-3471,ｈｂ,飲食店営業,バー,福,博保衛,33010147,2027/6/30,2021/5/31,2021/5/31
,810-0801,福岡市博多区中洲二丁目６番１２号,中洲セントラル第５ラインビル　６階　８．９．１０号室,092-710-4400,ＰＡＲＡＤＩＳＥ　中洲,飲食店営業,カフェー,福,博保衛,33010114,2027/6/30,2021/5/31,2021/5/31
,810-0016,福岡市中央区平和五丁目８番２号,,092-523-2123,セブンイレブン福岡平和５丁目,飲食店営業,一般食堂,福,中保衛,33020147,2027/6/30,2021/5/31,2009/5/18
,,福岡市内一円,,092-791-9496,リトルスタンド大名店,喫茶店営業,仮設(仮設営業),福,中保衛,33700004,2026/6/30,2021/5/31,2016/6/15
,810-0001,福岡市中央区天神三丁目６番１２号,岡部ビルⅡ４Ｆ,092-722-3006,ＮＥＯＮ,飲食店営業,バー,福,中保衛,33010170,2027/6/30,2021/5/31,2021/5/31
株式会社田,810-0002,福岡市中央区西中洲４番１７号,であい橋ビル３階Ａ区画,092-731-5552,鮨　たがみ,飲食店営業,一般食堂,福,中保衛,33010156,2027/6/30,2021/5/31,2021/5/31
株式会社ヒサダヤ,810-0041,福岡市中央区大名一丁目９番３３号,ソロン赤坂ビル１Ｆ　Ｂ号室,092-761-3329,肉のヒサダヤ　赤坂店,飲食店営業,弁当屋,福,中保衛,33020148,2027/6/30,2021/5/31,2015/6/22
株式会社ヒサダヤ,810-0041,福岡市中央区大名一丁目９番３３号,ソロン赤坂ビル１Ｆ　Ｂ号室,092-761-3329,肉のヒサダヤ　赤坂店,食肉販売業,一般,福,中保衛,33340005,2027/6/30,2021/5/31,2015/6/22
合資会社ル・ブルトン,810-0021,福岡市中央区今泉二丁目１番６５号,,092-716-9233,ル・ブルトン,菓子製造業,一般,福,中保衛,33060008,2027/6/30,2021/5/31,2015/4/24
,810-0003,福岡市中央区春吉一丁目２番４号,,092-753-6810,手島商店,食肉販売業,一般,福,中保衛,33340006,2027/6/30,2021/5/31,2015/6/17
有限会社佐藤養助商店,810-0001,福岡市中央区天神一丁目４番１号,博多大丸本館２階,092-737-1740,稲庭うどん　佐藤養助　福岡天神,飲食店営業,うどん屋,福,中保衛,33020150,2027/6/30,2021/5/31,2015/6/30
,810-0045,福岡市中央区草香江一丁目８番５号,パークイン大濠１０３,092-741-3080,Ｃｕｒｒｙ＆Ｃａｆｅ　Ａｆｔｅｒｇｌｏｗ,飲食店営業,一般食堂,福,中保衛,33020149,2027/6/30,2021/5/31,2015/4/10
ケイオー開発株式会社,810-0002,福岡市中央区西中洲５番１０号,,092-735-1100,福岡フローラルイン西中洲,飲食店営業,旅館,福,中保衛,33020151,2027/6/30,2021/5/31,2003/4/14
,810-0021,福岡市中央区今泉一丁目１３番２７－１０１号,,,白いカレー,飲食店営業,一般食堂,福,中保衛,33010181,2027/6/30,2021/5/31,2021/5/31
株式会社ＤＢＪ,810-0041,福岡市中央区大名一丁目１０番１０号,ＫＩビル１F,092-791-9973,とりのすけ大名店,飲食店営業,一般食堂,福,中保衛,33010182,2027/6/30,2021/5/31,2021/5/31
,810-0062,福岡市中央区荒戸二丁目４番１号,コーポ荒戸１F,092-600-9438,鶏翔,飲食店営業,一般食堂,福,中保衛,33010174,2027/6/30,2021/5/31,2021/5/31
,810-0041,福岡市中央区大名二丁目３番２号,Ｔ’Ｓ　ＳＱＡＲＥ大名　６Ｆ,,茶寮　さくらさくら,飲食店営業,一般食堂,福,中保衛,33010162,2027/6/30,2021/5/31,2021/5/31
,,福岡市内一円,,,ビックバナナ,飲食店営業,仮設(仮設営業),福,中保衛,33680004,2026/6/30,2021/5/31,2011/4/25
,815-0041,福岡市南区野間二丁目７番１３号,ヴィラージュ野間１Ｆ,092-542-6029,焼肉処　國,食肉販売業,一般,福,南保衛,33330002,2027/6/30,2021/5/31,2021/5/31
,814-0123,福岡市城南区長尾四丁目２番２７号,,,コロポックル,飲食店営業,弁当屋,福,城保衛,33010014,2027/6/30,2021/5/31,2021/5/31
,814-0142,福岡市城南区片江一丁目４番１１号,,092-863-1388,Ｂａｒ　Ｙｏｉｙａ,飲食店営業,一般食堂,福,城保衛,33020019,2027/6/30,2021/5/31,2009/5/20
,814-0142,福岡市城南区片江一丁目２番２８号,,,洋風酒場　おかばる,飲食店営業,一般食堂,福,城保衛,33020020,2027/6/30,2021/5/31,2015/4/28
社会福祉法人さざなみ福祉会,814-0113,福岡市城南区田島五丁目４番２０号,,092-865-8685,就労継続支援B型　さざなみＡｌｏｈａ,菓子製造業,一般,福,城保衛,33050003,2027/6/30,2021/5/31,2021/5/31
コンパスグループ・ジャパン株式会社,814-0121,福岡市城南区神松寺二丁目１９番２号,,092-865-2201,佐田整形外科病院,飲食店営業,一般食堂,福,城保衛,33020018,2027/6/30,2021/5/31,2009/4/27
,814-0033,福岡市早良区有田二丁目２６番１７－３号,,,たまりば,飲食店営業,一般食堂,福,早保衛,33010034,2027/6/30,2021/5/31,2021/5/31
ロイヤルフードサービス株式会社,814-0014,福岡市早良区弥生一丁目１番１号,,092-822-6131,ロイヤルホスト室見店,飲食店営業,一般食堂,福,早保衛,33020039,2027/6/30,2021/5/31,2015/6/26
